id,code,description,unit,category,subcategory,rate,cellRate_reference,cellRate_rate,excelCellReference,sourceSheetName,keywords
DRA1,DRA1,All items below based on disposal of excavation arisings being clean/inert material. Rates flucuating based on a prime cost of:,item,Drainage,Excavation,300.0,Drainage!O20,300.0,Drainage!A20,Drainage,
DRA2,DRA2,Excludes suspended drainage to ground floor,item,Drainage,General Drainage,0.0,,0.0,Drainage!A21,Drainage,drainage
DRA3,DRA3,Excludes services and service entries. No details,item,Drainage,General Drainage,0.0,,0.0,Drainage!A22,Drainage,
DRA4,DRA4,Excavate trenches for pipes ne 200mm dia; backfill with SEM; dispose of surplus off site; depth to invert:; depth to invert: not exceeding 0.5 m,m,Drainage,Pipework,13.13,Drainage!O25,13.13,Drainage!A25,Drainage,"200mm,excavate,trench,pipe,backfill,sem,dispose,invert"
DRA5,DRA5,Excavate trenches for pipes ne 200mm dia; backfill with SEM; dispose of surplus off site; depth to invert:; depth to invert: 0.5 - 0.75 m,m,Drainage,Pipework,17.49,Drainage!O26,17.49,Drainage!A26,Drainage,"200mm,excavate,trench,pipe,backfill,sem,dispose,invert"
DRA6,DRA6,Excavate trenches for pipes ne 200mm dia; backfill with SEM; dispose of surplus off site; depth to invert:; depth to invert: 0.75 - 1 m,m,Drainage,Pipework,22.35,Drainage!O27,22.35,Drainage!A27,Drainage,"200mm,excavate,trench,pipe,backfill,sem,dispose,invert"
DRA7,DRA7,Excavate trenches for pipes ne 200mm dia; backfill with SEM; dispose of surplus off site; depth to invert:; depth to invert: 1 - 1.25 m,m,Drainage,Pipework,33.52,Drainage!O28,33.52,Drainage!A28,Drainage,"200mm,excavate,trench,pipe,backfill,sem,dispose,invert"
DRA8,DRA8,Excavate trenches for pipes ne 200mm dia; backfill with SEM; dispose of surplus off site; depth to invert:; depth to invert: 1.25 - 1.5 m,m,Drainage,Pipework,38.39,Drainage!O29,38.39,Drainage!A29,Drainage,"200mm,excavate,trench,pipe,backfill,sem,dispose,invert"
DRA9,DRA9,Excavate trenches for pipes ne 200mm dia; backfill with SEM; dispose of surplus off site; depth to invert:; depth to invert: 1.5 - 1.75 m,m,Drainage,Pipework,53.05,Drainage!O30,53.05,Drainage!A30,Drainage,"200mm,excavate,trench,pipe,backfill,sem,dispose,invert"
DRA10,DRA10,Excavate trenches for pipes ne 200mm dia; backfill with SEM; dispose of surplus off site; depth to invert:; depth to invert: 1.75 - 2 m,m,Drainage,Pipework,59.0,Drainage!O31,59.0,Drainage!A31,Drainage,"200mm,excavate,trench,pipe,backfill,sem,dispose,invert"
DRA11,DRA11,Excavate trenches for pipes ne 200mm dia; backfill with SEM; dispose of surplus off site; depth to invert:; depth to invert: 2 - 2.25 m,m,Drainage,Pipework,81.49,Drainage!O32,81.49,Drainage!A32,Drainage,"200mm,excavate,trench,pipe,backfill,sem,dispose,invert"
DRA12,DRA12,Excavate trenches for pipes ne 200mm dia; backfill with SEM; dispose of surplus off site; depth to invert:; depth to invert: 2.25 - 2.5 m,m,Drainage,Pipework,92.88,Drainage!O33,92.88,Drainage!A33,Drainage,"200mm,excavate,trench,pipe,backfill,sem,dispose,invert"
DRA13,DRA13,Excavate trenches for pipes ne 200mm dia; backfill with SEM; dispose of surplus off site; depth to invert:; depth to invert: 2.5 - 2.75 m,m,Drainage,Pipework,112.96,Drainage!O34,112.96,Drainage!A34,Drainage,"200mm,excavate,trench,pipe,backfill,sem,dispose,invert"
DRA14,DRA14,Excavate trenches for pipes ne 200mm dia; backfill with SEM; dispose of surplus off site; depth to invert:; depth to invert: 2.75 - 3 m,m,Drainage,Pipework,131.31,Drainage!O35,131.31,Drainage!A35,Drainage,"200mm,excavate,trench,pipe,backfill,sem,dispose,invert"
DRA15,DRA15,Excavate trenches for pipes ne 200mm dia; backfill with SEM; dispose of surplus off site; depth to invert:; depth to invert: 3 - 3.25 m,m,Drainage,Pipework,140.79,Drainage!O36,140.79,Drainage!A36,Drainage,"200mm,excavate,trench,pipe,backfill,sem,dispose,invert"
DRA16,DRA16,Excavate trenches for pipes ne 200mm dia; backfill with SEM; dispose of surplus off site; depth to invert:; depth to invert: 3.25 - 3.5 m,m,Drainage,Pipework,150.28,Drainage!O37,150.28,Drainage!A37,Drainage,"200mm,excavate,trench,pipe,backfill,sem,dispose,invert"
DRA17,DRA17,Excavate trenches for pipes ne 200mm dia; backfill with SEM; dispose of surplus off site; depth to invert:; depth to invert: 3.5 - 3.75 m,m,Drainage,Pipework,205.97,Drainage!O38,205.97,Drainage!A38,Drainage,"200mm,excavate,trench,pipe,backfill,sem,dispose,invert"
DRA18,DRA18,Excavate trenches for pipes ne 200mm dia; backfill with SEM; dispose of surplus off site; depth to invert:; depth to invert: 3.75 - 4 m,m,Drainage,Pipework,218.15,Drainage!O39,218.15,Drainage!A39,Drainage,"200mm,excavate,trench,pipe,backfill,sem,dispose,invert"
DRA19,DRA19,Excavate trenches for pipes ne 200mm dia; backfill with SEM; dispose of surplus off site; depth to invert:; depth to invert: 4 - 4.25 m,m,Drainage,Pipework,281.92,Drainage!O40,281.92,Drainage!A40,Drainage,"200mm,excavate,trench,pipe,backfill,sem,dispose,invert"
DRA20,DRA20,Excavate trenches for pipes ne 200mm dia; backfill with SEM; dispose of surplus off site; depth to invert:; depth to invert: 4.25 - 4.5 m,m,Drainage,Pipework,296.79,Drainage!O41,296.79,Drainage!A41,Drainage,"200mm,excavate,trench,pipe,backfill,sem,dispose,invert"
DRA21,DRA21,Excavate trenches for pipes ne 200mm dia; backfill with SEM; dispose of surplus off site; depth to invert:; depth to invert: 4.5 - 4.75 m,m,Drainage,Pipework,311.66,Drainage!O42,311.66,Drainage!A42,Drainage,"200mm,excavate,trench,pipe,backfill,sem,dispose,invert"
DRA22,DRA22,Excavate trenches for pipes ne 200mm dia; backfill with SEM; dispose of surplus off site; depth to invert:; depth to invert: 4.75 - 5 m,m,Drainage,Pipework,326.53,Drainage!O43,326.53,Drainage!A43,Drainage,"200mm,excavate,trench,pipe,backfill,sem,dispose,invert"
DRA23,DRA23,Excavate trenches for pipes ne 200mm dia; backfill with SEM; dispose of surplus off site; depth to invert:; depth to invert: 5 - 5.25 m,m,Drainage,Pipework,341.41,Drainage!O44,341.41,Drainage!A44,Drainage,"200mm,excavate,trench,pipe,backfill,sem,dispose,invert"
DRA24,DRA24,Excavate trenches for pipes ne 200mm dia; backfill with SEM; dispose of surplus off site; depth to invert:; depth to invert: 5.25 - 5.5 m,m,Drainage,Pipework,356.28,Drainage!O45,356.28,Drainage!A45,Drainage,"200mm,excavate,trench,pipe,backfill,sem,dispose,invert"
DRA25,DRA25,Excavate trenches for pipes ne 200mm dia; backfill with SEM; dispose of surplus off site; depth to invert:; depth to invert: 5.5 - 5.75 m,m,Drainage,Pipework,371.15,Drainage!O46,371.15,Drainage!A46,Drainage,"200mm,excavate,trench,pipe,backfill,sem,dispose,invert"
DRA26,DRA26,Excavate trenches for pipes ne 200mm dia; backfill with SEM; dispose of surplus off site; depth to invert:; depth to invert: 5.75 - 6 m,m,Drainage,Pipework,386.02,Drainage!O47,386.02,Drainage!A47,Drainage,"200mm,excavate,trench,pipe,backfill,sem,dispose,invert"
DRA27,DRA27,Excavate trenches for pipes ne 200mm dia; backfill with SEM; dispose of surplus off site; depth to invert:; depth to invert: 6 - 6.25 m,m,Drainage,Pipework,400.89,Drainage!O48,400.89,Drainage!A48,Drainage,"200mm,excavate,trench,pipe,backfill,sem,dispose,invert"
DRA28,DRA28,Excavate trenches for pipes ne 200mm dia; backfill with SEM; dispose of surplus off site; depth to invert:; depth to invert: 6.25 - 6.5 m,m,Drainage,Pipework,415.77,Drainage!O49,415.77,Drainage!A49,Drainage,"200mm,excavate,trench,pipe,backfill,sem,dispose,invert"
DRA29,DRA29,Excavate trenches for pipes ne 200mm dia; backfill with SEM; dispose of surplus on site; depth to invert:; depth to invert: not exceeding 0.5 m,m,Drainage,Pipework,4.84,Drainage!O51,4.84,Drainage!A51,Drainage,"200mm,excavate,trench,pipe,backfill,sem,dispose,invert"
DRA30,DRA30,Excavate trenches for pipes ne 200mm dia; backfill with SEM; dispose of surplus on site; depth to invert:; depth to invert: 0.5 - 0.75 m,m,Drainage,Pipework,7.78,Drainage!O52,7.78,Drainage!A52,Drainage,"200mm,excavate,trench,pipe,backfill,sem,dispose,invert"
DRA31,DRA31,Excavate trenches for pipes ne 200mm dia; backfill with SEM; dispose of surplus on site; depth to invert:; depth to invert: 0.75 - 1 m,m,Drainage,Pipework,11.11,Drainage!O53,11.11,Drainage!A53,Drainage,"200mm,excavate,trench,pipe,backfill,sem,dispose,invert"
DRA32,DRA32,Excavate trenches for pipes ne 200mm dia; backfill with SEM; dispose of surplus on site; depth to invert:; depth to invert: 1 - 1.25 m,m,Drainage,Pipework,20.41,Drainage!O54,20.41,Drainage!A54,Drainage,"200mm,excavate,trench,pipe,backfill,sem,dispose,invert"
DRA33,DRA33,Excavate trenches for pipes ne 200mm dia; backfill with SEM; dispose of surplus on site; depth to invert:; depth to invert: 1.25 - 1.5 m,m,Drainage,Pipework,24.45,Drainage!O55,24.45,Drainage!A55,Drainage,"200mm,excavate,trench,pipe,backfill,sem,dispose,invert"
DRA34,DRA34,Excavate trenches for pipes ne 200mm dia; backfill with SEM; dispose of surplus on site; depth to invert:; depth to invert: 1.5 - 1.75 m,m,Drainage,Pipework,34.57,Drainage!O56,34.57,Drainage!A56,Drainage,"200mm,excavate,trench,pipe,backfill,sem,dispose,invert"
DRA35,DRA35,Excavate trenches for pipes ne 200mm dia; backfill with SEM; dispose of surplus on site; depth to invert:; depth to invert: 1.75 - 2 m,m,Drainage,Pipework,39.47,Drainage!O57,39.47,Drainage!A57,Drainage,"200mm,excavate,trench,pipe,backfill,sem,dispose,invert"
DRA36,DRA36,Excavate trenches for pipes ne 200mm dia; backfill with SEM; dispose of surplus on site; depth to invert:; depth to invert: 2 - 2.25 m,m,Drainage,Pipework,55.43,Drainage!O58,55.43,Drainage!A58,Drainage,"200mm,excavate,trench,pipe,backfill,sem,dispose,invert"
DRA37,DRA37,Excavate trenches for pipes ne 200mm dia; backfill with SEM; dispose of surplus on site; depth to invert:; depth to invert: 2.25 - 2.5 m,m,Drainage,Pipework,64.05,Drainage!O59,64.05,Drainage!A59,Drainage,"200mm,excavate,trench,pipe,backfill,sem,dispose,invert"
DRA38,DRA38,Excavate trenches for pipes ne 200mm dia; backfill with SEM; dispose of surplus on site; depth to invert:; depth to invert: 2.5 - 2.75 m,m,Drainage,Pipework,79.71,Drainage!O60,79.71,Drainage!A60,Drainage,"200mm,excavate,trench,pipe,backfill,sem,dispose,invert"
DRA39,DRA39,Excavate trenches for pipes ne 200mm dia; backfill with SEM; dispose of surplus on site; depth to invert:; depth to invert: 2.75 - 3 m,m,Drainage,Pipework,93.35,Drainage!O61,93.35,Drainage!A61,Drainage,"200mm,excavate,trench,pipe,backfill,sem,dispose,invert"
DRA40,DRA40,Excavate trenches for pipes ne 200mm dia; backfill with SEM; dispose of surplus on site; depth to invert:; depth to invert: 3 - 3.25 m,m,Drainage,Pipework,101.16,Drainage!O62,101.16,Drainage!A62,Drainage,"200mm,excavate,trench,pipe,backfill,sem,dispose,invert"
DRA41,DRA41,Excavate trenches for 225mm dia pipes; backfill with SEM; dispose of surplus off site; depth to invert:; depth to invert: not exceeding 0.5 m,m,Drainage,Pipework,16.3,Drainage!O64,16.3,Drainage!A64,Drainage,"225mm,excavate,trench,pipe,backfill,sem,dispose,invert"
DRA42,DRA42,Excavate trenches for 225mm dia pipes; backfill with SEM; dispose of surplus off site; depth to invert:; depth to invert: 0.5 - 0.75 m,m,Drainage,Pipework,19.67,Drainage!O65,19.67,Drainage!A65,Drainage,"225mm,excavate,trench,pipe,backfill,sem,dispose,invert"
DRA43,DRA43,Excavate trenches for 225mm dia pipes; backfill with SEM; dispose of surplus off site; depth to invert:; depth to invert: 0.75 - 1 m,m,Drainage,Pipework,23.9,Drainage!O66,23.9,Drainage!A66,Drainage,"225mm,excavate,trench,pipe,backfill,sem,dispose,invert"
DRA44,DRA44,Excavate trenches for 225mm dia pipes; backfill with SEM; dispose of surplus off site; depth to invert:; depth to invert: 1 - 1.25 m,m,Drainage,Pipework,35.21,Drainage!O67,35.21,Drainage!A67,Drainage,"225mm,excavate,trench,pipe,backfill,sem,dispose,invert"
DRA45,DRA45,Excavate trenches for 225mm dia pipes; backfill with SEM; dispose of surplus off site; depth to invert:; depth to invert: 1.25 - 1.5 m,m,Drainage,Pipework,40.08,Drainage!O68,40.08,Drainage!A68,Drainage,"225mm,excavate,trench,pipe,backfill,sem,dispose,invert"
DRA46,DRA46,Excavate trenches for 225mm dia pipes; backfill with SEM; dispose of surplus off site; depth to invert:; depth to invert: 1.5 - 1.75 m,m,Drainage,Pipework,55.17,Drainage!O69,55.17,Drainage!A69,Drainage,"225mm,excavate,trench,pipe,backfill,sem,dispose,invert"
DRA47,DRA47,Excavate trenches for 225mm dia pipes; backfill with SEM; dispose of surplus off site; depth to invert:; depth to invert: 1.75 - 2 m,m,Drainage,Pipework,61.11,Drainage!O70,61.11,Drainage!A70,Drainage,"225mm,excavate,trench,pipe,backfill,sem,dispose,invert"
DRA48,DRA48,Excavate trenches for 225mm dia pipes; backfill with SEM; dispose of surplus off site; depth to invert:; depth to invert: 2 - 2.25 m,m,Drainage,Pipework,84.17,Drainage!O71,84.17,Drainage!A71,Drainage,"225mm,excavate,trench,pipe,backfill,sem,dispose,invert"
DRA49,DRA49,Excavate trenches for 225mm dia pipes; backfill with SEM; dispose of surplus off site; depth to invert:; depth to invert: 2.25 - 2.5 m,m,Drainage,Pipework,95.7,Drainage!O72,95.7,Drainage!A72,Drainage,"225mm,excavate,trench,pipe,backfill,sem,dispose,invert"
DRA50,DRA50,Excavate trenches for 225mm dia pipes; backfill with SEM; dispose of surplus off site; depth to invert:; depth to invert: 2.5 - 2.75 m,m,Drainage,Pipework,116.06,Drainage!O73,116.06,Drainage!A73,Drainage,"225mm,excavate,trench,pipe,backfill,sem,dispose,invert"
DRA51,DRA51,Excavate trenches for 225mm dia pipes; backfill with SEM; dispose of surplus off site; depth to invert:; depth to invert: 2.75 - 3 m,m,Drainage,Pipework,134.69,Drainage!O74,134.69,Drainage!A74,Drainage,"225mm,excavate,trench,pipe,backfill,sem,dispose,invert"
DRA52,DRA52,Excavate trenches for 225mm dia pipes; backfill with SEM; dispose of surplus off site; depth to invert:; depth to invert: 3 - 3.25 m,m,Drainage,Pipework,144.18,Drainage!O75,144.18,Drainage!A75,Drainage,"225mm,excavate,trench,pipe,backfill,sem,dispose,invert"
DRA53,DRA53,Excavate trenches for 225mm dia pipes; backfill with SEM; dispose of surplus off site; depth to invert:; depth to invert: 3.25 - 3.5 m,m,Drainage,Pipework,153.67,Drainage!O76,153.67,Drainage!A76,Drainage,"225mm,excavate,trench,pipe,backfill,sem,dispose,invert"
DRA54,DRA54,Excavate trenches for 225mm dia pipes; backfill with SEM; dispose of surplus off site; depth to invert:; depth to invert: 3.5 - 3.75 m,m,Drainage,Pipework,210.49,Drainage!O77,210.49,Drainage!A77,Drainage,"225mm,excavate,trench,pipe,backfill,sem,dispose,invert"
DRA55,DRA55,Excavate trenches for 225mm dia pipes; backfill with SEM; dispose of surplus off site; depth to invert:; depth to invert: 3.75 - 4 m,m,Drainage,Pipework,222.67,Drainage!O78,222.67,Drainage!A78,Drainage,"225mm,excavate,trench,pipe,backfill,sem,dispose,invert"
DRA56,DRA56,Excavate trenches for 225mm dia pipes; backfill with SEM; dispose of surplus off site; depth to invert:; depth to invert: 4 - 4.25 m,m,Drainage,Pipework,287.56,Drainage!O79,287.56,Drainage!A79,Drainage,"225mm,excavate,trench,pipe,backfill,sem,dispose,invert"
DRA57,DRA57,Excavate trenches for 225mm dia pipes; backfill with SEM; dispose of surplus off site; depth to invert:; depth to invert: 4.25 - 4.5 m,m,Drainage,Pipework,302.43,Drainage!O80,302.43,Drainage!A80,Drainage,"225mm,excavate,trench,pipe,backfill,sem,dispose,invert"
DRA58,DRA58,Excavate trenches for 225mm dia pipes; backfill with SEM; dispose of surplus off site; depth to invert:; depth to invert: 4.5 - 4.75 m,m,Drainage,Pipework,317.3,Drainage!O81,317.3,Drainage!A81,Drainage,"225mm,excavate,trench,pipe,backfill,sem,dispose,invert"
DRA59,DRA59,Excavate trenches for 225mm dia pipes; backfill with SEM; dispose of surplus off site; depth to invert:; depth to invert: 4.75 - 5 m,m,Drainage,Pipework,332.18,Drainage!O82,332.18,Drainage!A82,Drainage,"225mm,excavate,trench,pipe,backfill,sem,dispose,invert"
DRA60,DRA60,Excavate trenches for 225mm dia pipes; backfill with SEM; dispose of surplus off site; depth to invert:; depth to invert: 5 - 5.25 m,m,Drainage,Pipework,347.05,Drainage!O83,347.05,Drainage!A83,Drainage,"225mm,excavate,trench,pipe,backfill,sem,dispose,invert"
DRA61,DRA61,Excavate trenches for 225mm dia pipes; backfill with SEM; dispose of surplus off site; depth to invert:; depth to invert: 5.25 - 5.5 m,m,Drainage,Pipework,361.92,Drainage!O84,361.92,Drainage!A84,Drainage,"225mm,excavate,trench,pipe,backfill,sem,dispose,invert"
DRA62,DRA62,Excavate trenches for 225mm dia pipes; backfill with SEM; dispose of surplus off site; depth to invert:; depth to invert: 5.5 - 5.75 m,m,Drainage,Pipework,376.79,Drainage!O85,376.79,Drainage!A85,Drainage,"225mm,excavate,trench,pipe,backfill,sem,dispose,invert"
DRA63,DRA63,Excavate trenches for 225mm dia pipes; backfill with SEM; dispose of surplus off site; depth to invert:; depth to invert: 5.75 - 6 m,m,Drainage,Pipework,391.66,Drainage!O86,391.66,Drainage!A86,Drainage,"225mm,excavate,trench,pipe,backfill,sem,dispose,invert"
DRA64,DRA64,Excavate trenches for 225mm dia pipes; backfill with SEM; dispose of surplus off site; depth to invert:; depth to invert: 6 - 6.25 m,m,Drainage,Pipework,406.54,Drainage!O87,406.54,Drainage!A87,Drainage,"225mm,excavate,trench,pipe,backfill,sem,dispose,invert"
DRA65,DRA65,Excavate trenches for 225mm dia pipes; backfill with SEM; dispose of surplus off site; depth to invert:; depth to invert: 6.25 - 6.5 m,m,Drainage,Pipework,421.41,Drainage!O88,421.41,Drainage!A88,Drainage,"225mm,excavate,trench,pipe,backfill,sem,dispose,invert"
DRA66,DRA66,Excavate trenches for 300mm dia pipes; backfill with SEM; dispose of surplus off site; depth to invert:; depth to invert: not exceeding 0.5 m,m,Drainage,Pipework,20.14,Drainage!O90,20.14,Drainage!A90,Drainage,"300mm,excavate,trench,pipe,backfill,sem,dispose,invert"
DRA67,DRA67,Excavate trenches for 300mm dia pipes; backfill with SEM; dispose of surplus off site; depth to invert:; depth to invert: 0.5 - 0.75 m,m,Drainage,Pipework,23.96,Drainage!O91,23.96,Drainage!A91,Drainage,"300mm,excavate,trench,pipe,backfill,sem,dispose,invert"
DRA68,DRA68,Excavate trenches for 300mm dia pipes; backfill with SEM; dispose of surplus off site; depth to invert:; depth to invert: 0.75 - 1 m,m,Drainage,Pipework,27.77,Drainage!O92,27.77,Drainage!A92,Drainage,"300mm,excavate,trench,pipe,backfill,sem,dispose,invert"
DRA69,DRA69,Excavate trenches for 300mm dia pipes; backfill with SEM; dispose of surplus off site; depth to invert:; depth to invert: 1 - 1.25 m,m,Drainage,Pipework,42.22,Drainage!O93,42.22,Drainage!A93,Drainage,"300mm,excavate,trench,pipe,backfill,sem,dispose,invert"
DRA70,DRA70,Excavate trenches for 300mm dia pipes; backfill with SEM; dispose of surplus off site; depth to invert:; depth to invert: 1.25 - 1.5 m,m,Drainage,Pipework,49.57,Drainage!O94,49.57,Drainage!A94,Drainage,"300mm,excavate,trench,pipe,backfill,sem,dispose,invert"
DRA71,DRA71,Excavate trenches for 300mm dia pipes; backfill with SEM; dispose of surplus off site; depth to invert:; depth to invert: 1.5 - 1.75 m,m,Drainage,Pipework,68.76,Drainage!O95,68.76,Drainage!A95,Drainage,"300mm,excavate,trench,pipe,backfill,sem,dispose,invert"
DRA72,DRA72,Excavate trenches for 300mm dia pipes; backfill with SEM; dispose of surplus off site; depth to invert:; depth to invert: 1.75 - 2 m,m,Drainage,Pipework,76.35,Drainage!O96,76.35,Drainage!A96,Drainage,"300mm,excavate,trench,pipe,backfill,sem,dispose,invert"
DRA73,DRA73,Excavate trenches for 300mm dia pipes; backfill with SEM; dispose of surplus off site; depth to invert:; depth to invert: 2 - 2.25 m,m,Drainage,Pipework,103.46,Drainage!O97,103.46,Drainage!A97,Drainage,"300mm,excavate,trench,pipe,backfill,sem,dispose,invert"
DRA74,DRA74,Excavate trenches for 300mm dia pipes; backfill with SEM; dispose of surplus off site; depth to invert:; depth to invert: 2.25 - 2.5 m,m,Drainage,Pipework,112.63,Drainage!O98,112.63,Drainage!A98,Drainage,"300mm,excavate,trench,pipe,backfill,sem,dispose,invert"
DRA75,DRA75,Excavate trenches for 300mm dia pipes; backfill with SEM; dispose of surplus off site; depth to invert:; depth to invert: 2.5 - 2.75 m,m,Drainage,Pipework,125.26,Drainage!O99,125.26,Drainage!A99,Drainage,"300mm,excavate,trench,pipe,backfill,sem,dispose,invert"
DRA76,DRA76,Excavate trenches for 300mm dia pipes; backfill with SEM; dispose of surplus off site; depth to invert:; depth to invert: 2.75 - 3 m,m,Drainage,Pipework,134.82,Drainage!O100,134.82,Drainage!A100,Drainage,"300mm,excavate,trench,pipe,backfill,sem,dispose,invert"
DRA77,DRA77,Excavate trenches for 300mm dia pipes; backfill with SEM; dispose of surplus off site; depth to invert:; depth to invert: 3 - 3.25 m,m,Drainage,Pipework,252.06,Drainage!O101,252.06,Drainage!A101,Drainage,"300mm,excavate,trench,pipe,backfill,sem,dispose,invert"
DRA78,DRA78,Excavate trenches for 300mm dia pipes; backfill with SEM; dispose of surplus off site; depth to invert:; depth to invert: 3.25 - 3.5 m,m,Drainage,Pipework,268.34,Drainage!O102,268.34,Drainage!A102,Drainage,"300mm,excavate,trench,pipe,backfill,sem,dispose,invert"
DRA79,DRA79,Excavate trenches for 300mm dia pipes; backfill with SEM; dispose of surplus off site; depth to invert:; depth to invert: 3.5 - 3.75 m,m,Drainage,Pipework,284.62,Drainage!O103,284.62,Drainage!A103,Drainage,"300mm,excavate,trench,pipe,backfill,sem,dispose,invert"
DRA80,DRA80,Excavate trenches for 300mm dia pipes; backfill with SEM; dispose of surplus off site; depth to invert:; depth to invert: 3.75 - 4 m,m,Drainage,Pipework,300.9,Drainage!O104,300.9,Drainage!A104,Drainage,"300mm,excavate,trench,pipe,backfill,sem,dispose,invert"
DRA81,DRA81,Excavate trenches for 300mm dia pipes; backfill with SEM; dispose of surplus off site; depth to invert:; depth to invert: 4 - 4.25 m,m,Drainage,Pipework,317.19,Drainage!O105,317.19,Drainage!A105,Drainage,"300mm,excavate,trench,pipe,backfill,sem,dispose,invert"
DRA82,DRA82,Excavate trenches for 300mm dia pipes; backfill with SEM; dispose of surplus off site; depth to invert:; depth to invert: 4.25 - 4.5 m,m,Drainage,Pipework,333.47,Drainage!O106,333.47,Drainage!A106,Drainage,"300mm,excavate,trench,pipe,backfill,sem,dispose,invert"
DRA83,DRA83,Excavate trenches for 300mm dia pipes; backfill with SEM; dispose of surplus off site; depth to invert:; depth to invert: 4.5 - 4.75 m,m,Drainage,Pipework,349.75,Drainage!O107,349.75,Drainage!A107,Drainage,"300mm,excavate,trench,pipe,backfill,sem,dispose,invert"
DRA84,DRA84,Excavate trenches for 300mm dia pipes; backfill with SEM; dispose of surplus off site; depth to invert:; depth to invert: 4.75 - 5 m,m,Drainage,Pipework,366.04,Drainage!O108,366.04,Drainage!A108,Drainage,"300mm,excavate,trench,pipe,backfill,sem,dispose,invert"
DRA85,DRA85,Excavate trenches for 300mm dia pipes; backfill with SEM; dispose of surplus off site; depth to invert:; depth to invert: 5 - 5.25 m,m,Drainage,Pipework,382.32,Drainage!O109,382.32,Drainage!A109,Drainage,"300mm,excavate,trench,pipe,backfill,sem,dispose,invert"
DRA86,DRA86,Excavate trenches for 300mm dia pipes; backfill with SEM; dispose of surplus off site; depth to invert:; depth to invert: 5.25 - 5.5 m,m,Drainage,Pipework,398.6,Drainage!O110,398.6,Drainage!A110,Drainage,"300mm,excavate,trench,pipe,backfill,sem,dispose,invert"
DRA87,DRA87,Excavate trenches for 300mm dia pipes; backfill with SEM; dispose of surplus off site; depth to invert:; depth to invert: 5.5 - 5.75 m,m,Drainage,Pipework,414.88,Drainage!O111,414.88,Drainage!A111,Drainage,"300mm,excavate,trench,pipe,backfill,sem,dispose,invert"
DRA88,DRA88,Excavate trenches for 300mm dia pipes; backfill with SEM; dispose of surplus off site; depth to invert:; depth to invert: 5.75 - 6 m,m,Drainage,Pipework,431.17,Drainage!O112,431.17,Drainage!A112,Drainage,"300mm,excavate,trench,pipe,backfill,sem,dispose,invert"
DRA89,DRA89,Excavate trenches for 300mm dia pipes; backfill with SEM; dispose of surplus off site; depth to invert:; depth to invert: 6 - 6.25 m,m,Drainage,Pipework,447.45,Drainage!O113,447.45,Drainage!A113,Drainage,"300mm,excavate,trench,pipe,backfill,sem,dispose,invert"
DRA90,DRA90,Excavate trenches for 300mm dia pipes; backfill with SEM; dispose of surplus off site; depth to invert:; depth to invert: 6.25 - 6.5 m,m,Drainage,Pipework,463.73,Drainage!O114,463.73,Drainage!A114,Drainage,"300mm,excavate,trench,pipe,backfill,sem,dispose,invert"
DRA91,DRA91,Excavate trenches for 450mm dia pipes; backfill with SEM; dispose of surplus off site; depth to invert:; depth to invert: not exceeding 0.5 m,m,Drainage,Pipework,29.41,Drainage!O116,29.41,Drainage!A116,Drainage,"450mm,excavate,trench,pipe,backfill,sem,dispose,invert"
DRA92,DRA92,Excavate trenches for 450mm dia pipes; backfill with SEM; dispose of surplus off site; depth to invert:; depth to invert: 0.5 - 0.75 m,m,Drainage,Pipework,34.18,Drainage!O117,34.18,Drainage!A117,Drainage,"450mm,excavate,trench,pipe,backfill,sem,dispose,invert"
DRA93,DRA93,Excavate trenches for 450mm dia pipes; backfill with SEM; dispose of surplus off site; depth to invert:; depth to invert: 0.75 - 1 m,m,Drainage,Pipework,38.94,Drainage!O118,38.94,Drainage!A118,Drainage,"450mm,excavate,trench,pipe,backfill,sem,dispose,invert"
DRA94,DRA94,Excavate trenches for 450mm dia pipes; backfill with SEM; dispose of surplus off site; depth to invert:; depth to invert: 1 - 1.25 m,m,Drainage,Pipework,54.34,Drainage!O119,54.34,Drainage!A119,Drainage,"450mm,excavate,trench,pipe,backfill,sem,dispose,invert"
DRA95,DRA95,Excavate trenches for 450mm dia pipes; backfill with SEM; dispose of surplus off site; depth to invert:; depth to invert: 1.25 - 1.5 m,m,Drainage,Pipework,61.24,Drainage!O120,61.24,Drainage!A120,Drainage,"450mm,excavate,trench,pipe,backfill,sem,dispose,invert"
DRA96,DRA96,Excavate trenches for 450mm dia pipes; backfill with SEM; dispose of surplus off site; depth to invert:; depth to invert: 1.5 - 1.75 m,m,Drainage,Pipework,68.13,Drainage!O121,68.13,Drainage!A121,Drainage,"450mm,excavate,trench,pipe,backfill,sem,dispose,invert"
DRA97,DRA97,Excavate trenches for 450mm dia pipes; backfill with SEM; dispose of surplus off site; depth to invert:; depth to invert: 1.75 - 2 m,m,Drainage,Pipework,75.02,Drainage!O122,75.02,Drainage!A122,Drainage,"450mm,excavate,trench,pipe,backfill,sem,dispose,invert"
DRA98,DRA98,Excavate trenches for 450mm dia pipes; backfill with SEM; dispose of surplus off site; depth to invert:; depth to invert: 2 - 2.25 m,m,Drainage,Pipework,102.84,Drainage!O123,102.84,Drainage!A123,Drainage,"450mm,excavate,trench,pipe,backfill,sem,dispose,invert"
DRA99,DRA99,Excavate trenches for 450mm dia pipes; backfill with SEM; dispose of surplus off site; depth to invert:; depth to invert: 2.25 - 2.5 m,m,Drainage,Pipework,111.32,Drainage!O124,111.32,Drainage!A124,Drainage,"450mm,excavate,trench,pipe,backfill,sem,dispose,invert"
DRA100,DRA100,Excavate trenches for 450mm dia pipes; backfill with SEM; dispose of surplus off site; depth to invert:; depth to invert: 2.5 - 2.75 m,m,Drainage,Pipework,130.91,Drainage!O125,130.91,Drainage!A125,Drainage,"450mm,excavate,trench,pipe,backfill,sem,dispose,invert"
DRA101,DRA101,Excavate trenches for 450mm dia pipes; backfill with SEM; dispose of surplus off site; depth to invert:; depth to invert: 2.75 - 3 m,m,Drainage,Pipework,140.46,Drainage!O126,140.46,Drainage!A126,Drainage,"450mm,excavate,trench,pipe,backfill,sem,dispose,invert"
DRA102,DRA102,Excavate trenches for 450mm dia pipes; backfill with SEM; dispose of surplus off site; depth to invert:; depth to invert: 3 - 3.25 m,m,Drainage,Pipework,263.34,Drainage!O127,263.34,Drainage!A127,Drainage,"450mm,excavate,trench,pipe,backfill,sem,dispose,invert"
DRA103,DRA103,Excavate trenches for 450mm dia pipes; backfill with SEM; dispose of surplus off site; depth to invert:; depth to invert: 3.25 - 3.5 m,m,Drainage,Pipework,279.62,Drainage!O128,279.62,Drainage!A128,Drainage,"450mm,excavate,trench,pipe,backfill,sem,dispose,invert"
DRA104,DRA104,Excavate trenches for 450mm dia pipes; backfill with SEM; dispose of surplus off site; depth to invert:; depth to invert: 3.5 - 3.75 m,m,Drainage,Pipework,295.9,Drainage!O129,295.9,Drainage!A129,Drainage,"450mm,excavate,trench,pipe,backfill,sem,dispose,invert"
DRA105,DRA105,Excavate trenches for 450mm dia pipes; backfill with SEM; dispose of surplus off site; depth to invert:; depth to invert: 3.75 - 4 m,m,Drainage,Pipework,312.19,Drainage!O130,312.19,Drainage!A130,Drainage,"450mm,excavate,trench,pipe,backfill,sem,dispose,invert"
DRA106,DRA106,Excavate trenches for 450mm dia pipes; backfill with SEM; dispose of surplus off site; depth to invert:; depth to invert: 4 - 4.25 m,m,Drainage,Pipework,328.47,Drainage!O131,328.47,Drainage!A131,Drainage,"450mm,excavate,trench,pipe,backfill,sem,dispose,invert"
DRA107,DRA107,Excavate trenches for 450mm dia pipes; backfill with SEM; dispose of surplus off site; depth to invert:; depth to invert: 4.25 - 4.5 m,m,Drainage,Pipework,344.75,Drainage!O132,344.75,Drainage!A132,Drainage,"450mm,excavate,trench,pipe,backfill,sem,dispose,invert"
DRA108,DRA108,Excavate trenches for 450mm dia pipes; backfill with SEM; dispose of surplus off site; depth to invert:; depth to invert: 4.5 - 4.75 m,m,Drainage,Pipework,361.04,Drainage!O133,361.04,Drainage!A133,Drainage,"450mm,excavate,trench,pipe,backfill,sem,dispose,invert"
DRA109,DRA109,Excavate trenches for 450mm dia pipes; backfill with SEM; dispose of surplus off site; depth to invert:; depth to invert: 4.75 - 5 m,m,Drainage,Pipework,377.32,Drainage!O134,377.32,Drainage!A134,Drainage,"450mm,excavate,trench,pipe,backfill,sem,dispose,invert"
DRA110,DRA110,Excavate trenches for 450mm dia pipes; backfill with SEM; dispose of surplus off site; depth to invert:; depth to invert: 5 - 5.25 m,m,Drainage,Pipework,393.6,Drainage!O135,393.6,Drainage!A135,Drainage,"450mm,excavate,trench,pipe,backfill,sem,dispose,invert"
DRA111,DRA111,Excavate trenches for 450mm dia pipes; backfill with SEM; dispose of surplus off site; depth to invert:; depth to invert: 5.25 - 5.5 m,m,Drainage,Pipework,409.89,Drainage!O136,409.89,Drainage!A136,Drainage,"450mm,excavate,trench,pipe,backfill,sem,dispose,invert"
DRA112,DRA112,Excavate trenches for 450mm dia pipes; backfill with SEM; dispose of surplus off site; depth to invert:; depth to invert: 5.5 - 5.75 m,m,Drainage,Pipework,426.17,Drainage!O137,426.17,Drainage!A137,Drainage,"450mm,excavate,trench,pipe,backfill,sem,dispose,invert"
DRA113,DRA113,Excavate trenches for 450mm dia pipes; backfill with SEM; dispose of surplus off site; depth to invert:; depth to invert: 5.75 - 6 m,m,Drainage,Pipework,442.45,Drainage!O138,442.45,Drainage!A138,Drainage,"450mm,excavate,trench,pipe,backfill,sem,dispose,invert"
DRA114,DRA114,Excavate trenches for 450mm dia pipes; backfill with SEM; dispose of surplus off site; depth to invert:; depth to invert: 6 - 6.25 m,m,Drainage,Pipework,458.73,Drainage!O139,458.73,Drainage!A139,Drainage,"450mm,excavate,trench,pipe,backfill,sem,dispose,invert"
DRA115,DRA115,Excavate trenches for 450mm dia pipes; backfill with SEM; dispose of surplus off site; depth to invert:; depth to invert: 6.25 - 6.5 m,m,Drainage,Pipework,475.02,Drainage!O140,475.02,Drainage!A140,Drainage,"450mm,excavate,trench,pipe,backfill,sem,dispose,invert"
DRA116,DRA116,Excavate trenches for 600mm dia pipes; backfill with SEM; dispose of surplus off site; depth to invert:; depth to invert: not exceeding 0.5 m,m,Drainage,Pipework,40.37,Drainage!O142,40.37,Drainage!A142,Drainage,"600mm,excavate,trench,pipe,backfill,sem,dispose,invert"
DRA117,DRA117,Excavate trenches for 600mm dia pipes; backfill with SEM; dispose of surplus off site; depth to invert:; depth to invert: 0.5 - 0.75 m,m,Drainage,Pipework,46.09,Drainage!O143,46.09,Drainage!A143,Drainage,"600mm,excavate,trench,pipe,backfill,sem,dispose,invert"
DRA118,DRA118,Excavate trenches for 600mm dia pipes; backfill with SEM; dispose of surplus off site; depth to invert:; depth to invert: 0.75 - 1 m,m,Drainage,Pipework,51.81,Drainage!O144,51.81,Drainage!A144,Drainage,"600mm,excavate,trench,pipe,backfill,sem,dispose,invert"
DRA119,DRA119,Excavate trenches for 600mm dia pipes; backfill with SEM; dispose of surplus off site; depth to invert:; depth to invert: 1 - 1.25 m,m,Drainage,Pipework,68.16,Drainage!O145,68.16,Drainage!A145,Drainage,"600mm,excavate,trench,pipe,backfill,sem,dispose,invert"
DRA120,DRA120,Excavate trenches for 600mm dia pipes; backfill with SEM; dispose of surplus off site; depth to invert:; depth to invert: 1.25 - 1.5 m,m,Drainage,Pipework,76.01,Drainage!O146,76.01,Drainage!A146,Drainage,"600mm,excavate,trench,pipe,backfill,sem,dispose,invert"
DRA121,DRA121,Excavate trenches for 600mm dia pipes; backfill with SEM; dispose of surplus off site; depth to invert:; depth to invert: 1.5 - 1.75 m,m,Drainage,Pipework,83.86,Drainage!O147,83.86,Drainage!A147,Drainage,"600mm,excavate,trench,pipe,backfill,sem,dispose,invert"
DRA122,DRA122,Excavate trenches for 600mm dia pipes; backfill with SEM; dispose of surplus off site; depth to invert:; depth to invert: 1.75 - 2 m,m,Drainage,Pipework,91.7,Drainage!O148,91.7,Drainage!A148,Drainage,"600mm,excavate,trench,pipe,backfill,sem,dispose,invert"
DRA123,DRA123,Excavate trenches for 600mm dia pipes; backfill with SEM; dispose of surplus off site; depth to invert:; depth to invert: 2 - 2.25 m,m,Drainage,Pipework,108.48,Drainage!O149,108.48,Drainage!A149,Drainage,"600mm,excavate,trench,pipe,backfill,sem,dispose,invert"
DRA124,DRA124,Excavate trenches for 600mm dia pipes; backfill with SEM; dispose of surplus off site; depth to invert:; depth to invert: 2.25 - 2.5 m,m,Drainage,Pipework,116.96,Drainage!O150,116.96,Drainage!A150,Drainage,"600mm,excavate,trench,pipe,backfill,sem,dispose,invert"
DRA125,DRA125,Excavate trenches for 600mm dia pipes; backfill with SEM; dispose of surplus off site; depth to invert:; depth to invert: 2.5 - 2.75 m,m,Drainage,Pipework,136.55,Drainage!O151,136.55,Drainage!A151,Drainage,"600mm,excavate,trench,pipe,backfill,sem,dispose,invert"
DRA126,DRA126,Excavate trenches for 600mm dia pipes; backfill with SEM; dispose of surplus off site; depth to invert:; depth to invert: 2.75 - 3 m,m,Drainage,Pipework,146.1,Drainage!O152,146.1,Drainage!A152,Drainage,"600mm,excavate,trench,pipe,backfill,sem,dispose,invert"
DRA127,DRA127,Excavate trenches for 600mm dia pipes; backfill with SEM; dispose of surplus off site; depth to invert:; depth to invert: 3 - 3.25 m,m,Drainage,Pipework,274.62,Drainage!O153,274.62,Drainage!A153,Drainage,"600mm,excavate,trench,pipe,backfill,sem,dispose,invert"
DRA128,DRA128,Excavate trenches for 600mm dia pipes; backfill with SEM; dispose of surplus off site; depth to invert:; depth to invert: 3.25 - 3.5 m,m,Drainage,Pipework,290.91,Drainage!O154,290.91,Drainage!A154,Drainage,"600mm,excavate,trench,pipe,backfill,sem,dispose,invert"
DRA129,DRA129,Excavate trenches for 900mm dia pipes; backfill with SEM; dispose of surplus off site; depth to invert:; depth to invert: not exceeding 0.5 m,m,Drainage,Pipework,67.37,Drainage!O156,67.37,Drainage!A156,Drainage,"900mm,excavate,trench,pipe,backfill,sem,dispose,invert"
DRA130,DRA130,Excavate trenches for 900mm dia pipes; backfill with SEM; dispose of surplus off site; depth to invert:; depth to invert: 0.5 - 0.75 m,m,Drainage,Pipework,75.0,Drainage!O157,75.0,Drainage!A157,Drainage,"900mm,excavate,trench,pipe,backfill,sem,dispose,invert"
DRA131,DRA131,Excavate trenches for 900mm dia pipes; backfill with SEM; dispose of surplus off site; depth to invert:; depth to invert: 0.75 - 1 m,m,Drainage,Pipework,82.62,Drainage!O158,82.62,Drainage!A158,Drainage,"900mm,excavate,trench,pipe,backfill,sem,dispose,invert"
DRA132,DRA132,Excavate trenches for 900mm dia pipes; backfill with SEM; dispose of surplus off site; depth to invert:; depth to invert: 1 - 1.25 m,m,Drainage,Pipework,100.88,Drainage!O159,100.88,Drainage!A159,Drainage,"900mm,excavate,trench,pipe,backfill,sem,dispose,invert"
DRA133,DRA133,Excavate trenches for 900mm dia pipes; backfill with SEM; dispose of surplus off site; depth to invert:; depth to invert: 1.25 - 1.5 m,m,Drainage,Pipework,110.63,Drainage!O160,110.63,Drainage!A160,Drainage,"900mm,excavate,trench,pipe,backfill,sem,dispose,invert"
DRA134,DRA134,Excavate trenches for 900mm dia pipes; backfill with SEM; dispose of surplus off site; depth to invert:; depth to invert: 1.5 - 1.75 m,m,Drainage,Pipework,120.39,Drainage!O161,120.39,Drainage!A161,Drainage,"900mm,excavate,trench,pipe,backfill,sem,dispose,invert"
DRA135,DRA135,Excavate trenches for 900mm dia pipes; backfill with SEM; dispose of surplus off site; depth to invert:; depth to invert: 1.75 - 2 m,m,Drainage,Pipework,130.14,Drainage!O162,130.14,Drainage!A162,Drainage,"900mm,excavate,trench,pipe,backfill,sem,dispose,invert"
DRA136,DRA136,Excavate trenches for 900mm dia pipes; backfill with SEM; dispose of surplus off site; depth to invert:; depth to invert: 2 - 2.25 m,m,Drainage,Pipework,139.89,Drainage!O163,139.89,Drainage!A163,Drainage,"900mm,excavate,trench,pipe,backfill,sem,dispose,invert"
DRA137,DRA137,Excavate trenches for 900mm dia pipes; backfill with SEM; dispose of surplus off site; depth to invert:; depth to invert: 2.25 - 2.5 m,m,Drainage,Pipework,149.64,Drainage!O164,149.64,Drainage!A164,Drainage,"900mm,excavate,trench,pipe,backfill,sem,dispose,invert"
DRA138,DRA138,Excavate trenches for 900mm dia pipes; backfill with SEM; dispose of surplus off site; depth to invert:; depth to invert: 2.5 - 2.75 m,m,Drainage,Pipework,171.19,Drainage!O165,171.19,Drainage!A165,Drainage,"900mm,excavate,trench,pipe,backfill,sem,dispose,invert"
DRA139,DRA139,Excavate trenches for 900mm dia pipes; backfill with SEM; dispose of surplus off site; depth to invert:; depth to invert: 2.75 - 3 m,m,Drainage,Pipework,182.09,Drainage!O166,182.09,Drainage!A166,Drainage,"900mm,excavate,trench,pipe,backfill,sem,dispose,invert"
DRA140,DRA140,Excavate trenches for 900mm dia pipes; backfill with SEM; dispose of surplus off site; depth to invert:; depth to invert: 3 - 3.25 m,m,Drainage,Pipework,297.19,Drainage!O167,297.19,Drainage!A167,Drainage,"900mm,excavate,trench,pipe,backfill,sem,dispose,invert"
DRA141,DRA141,Excavate trenches for 900mm dia pipes; backfill with SEM; dispose of surplus off site; depth to invert:; depth to invert: 3.25 - 3.5 m,m,Drainage,Pipework,313.47,Drainage!O168,313.47,Drainage!A168,Drainage,"900mm,excavate,trench,pipe,backfill,sem,dispose,invert"
DRA142,DRA142,Excavate trenches for pipes ne 200mm dia; backfill with 6F2; dispose of surplus off site; depth to invert:; depth to invert: not exceeding 0.5 m,m,Drainage,Pipework,20.85,Drainage!O171,20.85,Drainage!A171,Drainage,"200mm,excavate,trench,pipe,backfill,dispose,invert,depth"
DRA143,DRA143,Excavate trenches for pipes ne 200mm dia; backfill with 6F2; dispose of surplus off site; depth to invert:; depth to invert: 0.5 - 0.75 m,m,Drainage,Pipework,33.48,Drainage!O172,33.48,Drainage!A172,Drainage,"200mm,excavate,trench,pipe,backfill,dispose,invert,depth"
DRA144,DRA144,Excavate trenches for pipes ne 200mm dia; backfill with 6F2; dispose of surplus off site; depth to invert:; depth to invert: 0.75 - 1 m,m,Drainage,Pipework,46.11,Drainage!O173,46.11,Drainage!A173,Drainage,"200mm,excavate,trench,pipe,backfill,dispose,invert,depth"
DRA145,DRA145,Excavate trenches for pipes ne 200mm dia; backfill with 6F2; dispose of surplus off site; depth to invert:; depth to invert: 1 - 1.25 m,m,Drainage,Pipework,69.4,Drainage!O174,69.4,Drainage!A174,Drainage,"200mm,excavate,trench,pipe,backfill,dispose,invert,depth"
DRA146,DRA146,Excavate trenches for pipes ne 200mm dia; backfill with 6F2; dispose of surplus off site; depth to invert:; depth to invert: 1.25 - 1.5 m,m,Drainage,Pipework,84.25,Drainage!O175,84.25,Drainage!A175,Drainage,"200mm,excavate,trench,pipe,backfill,dispose,invert,depth"
DRA147,DRA147,Excavate trenches for pipes ne 200mm dia; backfill with 6F2; dispose of surplus off site; depth to invert:; depth to invert: 1.5 - 1.75 m,m,Drainage,Pipework,122.83,Drainage!O176,122.83,Drainage!A176,Drainage,"200mm,excavate,trench,pipe,backfill,dispose,invert,depth"
DRA148,DRA148,Excavate trenches for pipes ne 200mm dia; backfill with 6F2; dispose of surplus off site; depth to invert:; depth to invert: 1.75 - 2 m,m,Drainage,Pipework,141.24,Drainage!O177,141.24,Drainage!A177,Drainage,"200mm,excavate,trench,pipe,backfill,dispose,invert,depth"
DRA149,DRA149,Excavate trenches for pipes ne 200mm dia; backfill with 6F2; dispose of surplus off site; depth to invert:; depth to invert: 2 - 2.25 m,m,Drainage,Pipework,201.45,Drainage!O178,201.45,Drainage!A178,Drainage,"200mm,excavate,trench,pipe,backfill,dispose,invert,depth"
DRA150,DRA150,Excavate trenches for pipes ne 200mm dia; backfill with 6F2; dispose of surplus off site; depth to invert:; depth to invert: 2.25 - 2.5 m,m,Drainage,Pipework,235.76,Drainage!O179,235.76,Drainage!A179,Drainage,"200mm,excavate,trench,pipe,backfill,dispose,invert,depth"
DRA151,DRA151,Excavate trenches for pipes ne 200mm dia; backfill with 6F2; dispose of surplus off site; depth to invert:; depth to invert: 2.5 - 2.75 m,m,Drainage,Pipework,288.41,Drainage!O180,288.41,Drainage!A180,Drainage,"200mm,excavate,trench,pipe,backfill,dispose,invert,depth"
DRA152,DRA152,Excavate trenches for pipes ne 200mm dia; backfill with 6F2; dispose of surplus off site; depth to invert:; depth to invert: 2.75 - 3 m,m,Drainage,Pipework,342.64,Drainage!O181,342.64,Drainage!A181,Drainage,"200mm,excavate,trench,pipe,backfill,dispose,invert,depth"
DRA153,DRA153,Excavate trenches for pipes ne 200mm dia; backfill with 6F2; dispose of surplus off site; depth to invert:; depth to invert: 3 - 3.25 m,m,Drainage,Pipework,372.06,Drainage!O182,372.06,Drainage!A182,Drainage,"200mm,excavate,trench,pipe,backfill,dispose,invert,depth"
DRA154,DRA154,Excavate trenches for pipes ne 200mm dia; backfill with 6F2; dispose of surplus off site; depth to invert:; depth to invert: 3.25 - 3.5 m,m,Drainage,Pipework,401.49,Drainage!O183,401.49,Drainage!A183,Drainage,"200mm,excavate,trench,pipe,backfill,dispose,invert,depth"
DRA155,DRA155,Excavate trenches for pipes ne 200mm dia; backfill with 6F2; dispose of surplus off site; depth to invert:; depth to invert: 3.5 - 3.75 m,m,Drainage,Pipework,567.5,Drainage!O184,567.5,Drainage!A184,Drainage,"200mm,excavate,trench,pipe,backfill,dispose,invert,depth"
DRA156,DRA156,Excavate trenches for pipes ne 200mm dia; backfill with 6F2; dispose of surplus off site; depth to invert:; depth to invert: 3.75 - 4 m,m,Drainage,Pipework,606.26,Drainage!O185,606.26,Drainage!A185,Drainage,"200mm,excavate,trench,pipe,backfill,dispose,invert,depth"
DRA157,DRA157,Excavate trenches for pipes ne 200mm dia; backfill with 6F2; dispose of surplus off site; depth to invert:; depth to invert: 4 - 4.25 m,m,Drainage,Pipework,800.28,Drainage!O186,800.28,Drainage!A186,Drainage,"200mm,excavate,trench,pipe,backfill,dispose,invert,depth"
DRA158,DRA158,Excavate trenches for pipes ne 200mm dia; backfill with 6F2; dispose of surplus off site; depth to invert:; depth to invert: 4.25 - 4.5 m,m,Drainage,Pipework,848.38,Drainage!O187,848.38,Drainage!A187,Drainage,"200mm,excavate,trench,pipe,backfill,dispose,invert,depth"
DRA159,DRA159,Excavate trenches for pipes ne 200mm dia; backfill with 6F2; dispose of surplus off site; depth to invert:; depth to invert: 4.5 - 4.75 m,m,Drainage,Pipework,896.48,Drainage!O188,896.48,Drainage!A188,Drainage,"200mm,excavate,trench,pipe,backfill,dispose,invert,depth"
DRA160,DRA160,Excavate trenches for pipes ne 200mm dia; backfill with 6F2; dispose of surplus off site; depth to invert:; depth to invert: 4.75 - 5 m,m,Drainage,Pipework,944.58,Drainage!O189,944.58,Drainage!A189,Drainage,"200mm,excavate,trench,pipe,backfill,dispose,invert,depth"
DRA161,DRA161,Excavate trenches for pipes ne 200mm dia; backfill with 6F2; dispose of surplus off site; depth to invert:; depth to invert: 5 - 5.25 m,m,Drainage,Pipework,992.68,Drainage!O190,992.68,Drainage!A190,Drainage,"200mm,excavate,trench,pipe,backfill,dispose,invert,depth"
DRA162,DRA162,Excavate trenches for pipes ne 200mm dia; backfill with 6F2; dispose of surplus off site; depth to invert:; depth to invert: 5.25 - 5.5 m,m,Drainage,Pipework,1040.78,Drainage!O191,1040.78,Drainage!A191,Drainage,"200mm,excavate,trench,pipe,backfill,dispose,invert,depth"
DRA163,DRA163,Excavate trenches for pipes ne 200mm dia; backfill with 6F2; dispose of surplus off site; depth to invert:; depth to invert: 5.5 - 5.75 m,m,Drainage,Pipework,1088.89,Drainage!O192,1088.89,Drainage!A192,Drainage,"200mm,excavate,trench,pipe,backfill,dispose,invert,depth"
DRA164,DRA164,Excavate trenches for pipes ne 200mm dia; backfill with 6F2; dispose of surplus off site; depth to invert:; depth to invert: 5.75 - 6 m,m,Drainage,Pipework,1136.99,Drainage!O193,1136.99,Drainage!A193,Drainage,"200mm,excavate,trench,pipe,backfill,dispose,invert,depth"
DRA165,DRA165,Excavate trenches for pipes ne 200mm dia; backfill with 6F2; dispose of surplus off site; depth to invert:; depth to invert: 6 - 6.25 m,m,Drainage,Pipework,1185.09,Drainage!O194,1185.09,Drainage!A194,Drainage,"200mm,excavate,trench,pipe,backfill,dispose,invert,depth"
DRA166,DRA166,Excavate trenches for pipes ne 200mm dia; backfill with 6F2; dispose of surplus off site; depth to invert:; depth to invert: 6.25 - 6.5 m,m,Drainage,Pipework,1233.19,Drainage!O195,1233.19,Drainage!A195,Drainage,"200mm,excavate,trench,pipe,backfill,dispose,invert,depth"
DRA167,DRA167,Excavate trenches for pipes ne 200mm dia; backfill with 6F2; dispose of surplus off site; depth to invert:; depth to invert: 6.5 - 6.75 m,m,Drainage,Pipework,1281.29,Drainage!O196,1281.29,Drainage!A196,Drainage,"200mm,excavate,trench,pipe,backfill,dispose,invert,depth"
DRA168,DRA168,Excavate trenches for pipes ne 200mm dia; backfill with 6F2; dispose of surplus off site; depth to invert:; depth to invert: 6.75 - 7 m,m,Drainage,Pipework,1329.39,Drainage!O197,1329.39,Drainage!A197,Drainage,"200mm,excavate,trench,pipe,backfill,dispose,invert,depth"
DRA169,DRA169,Excavate trenches for pipes ne 200mm dia; backfill with 6F2; dispose of surplus on site; depth to invert:; depth to invert: not exceeding 0.5 m,m,Drainage,Pipework,7.29,Drainage!O199,7.29,Drainage!A199,Drainage,"200mm,excavate,trench,pipe,backfill,dispose,invert,depth"
DRA170,DRA170,Excavate trenches for pipes ne 200mm dia; backfill with 6F2; dispose of surplus on site; depth to invert:; depth to invert: 0.5 - 0.75 m,m,Drainage,Pipework,14.86,Drainage!O200,14.86,Drainage!A200,Drainage,"200mm,excavate,trench,pipe,backfill,dispose,invert,depth"
DRA171,DRA171,Excavate trenches for pipes ne 200mm dia; backfill with 6F2; dispose of surplus on site; depth to invert:; depth to invert: 0.75 - 1 m,m,Drainage,Pipework,23.53,Drainage!O201,23.53,Drainage!A201,Drainage,"200mm,excavate,trench,pipe,backfill,dispose,invert,depth"
DRA172,DRA172,Excavate trenches for pipes ne 200mm dia; backfill with 6F2; dispose of surplus on site; depth to invert:; depth to invert: 1 - 1.25 m,m,Drainage,Pipework,39.17,Drainage!O202,39.17,Drainage!A202,Drainage,"200mm,excavate,trench,pipe,backfill,dispose,invert,depth"
DRA173,DRA173,Excavate trenches for pipes ne 200mm dia; backfill with 6F2; dispose of surplus on site; depth to invert:; depth to invert: 1.25 - 1.5 m,m,Drainage,Pipework,48.42,Drainage!O203,48.42,Drainage!A203,Drainage,"200mm,excavate,trench,pipe,backfill,dispose,invert,depth"
DRA174,DRA174,Excavate trenches for pipes ne 200mm dia; backfill with 6F2; dispose of surplus on site; depth to invert:; depth to invert: 1.5 - 1.75 m,m,Drainage,Pipework,71.04,Drainage!O204,71.04,Drainage!A204,Drainage,"200mm,excavate,trench,pipe,backfill,dispose,invert,depth"
DRA175,DRA175,Excavate trenches for pipes ne 200mm dia; backfill with 6F2; dispose of surplus on site; depth to invert:; depth to invert: 1.75 - 2 m,m,Drainage,Pipework,82.45,Drainage!O205,82.45,Drainage!A205,Drainage,"200mm,excavate,trench,pipe,backfill,dispose,invert,depth"
DRA176,DRA176,Excavate trenches for pipes ne 200mm dia; backfill with 6F2; dispose of surplus on site; depth to invert:; depth to invert: 2 - 2.25 m,m,Drainage,Pipework,118.12,Drainage!O206,118.12,Drainage!A206,Drainage,"200mm,excavate,trench,pipe,backfill,dispose,invert,depth"
DRA177,DRA177,Excavate trenches for pipes ne 200mm dia; backfill with 6F2; dispose of surplus on site; depth to invert:; depth to invert: 2.25 - 2.5 m,m,Drainage,Pipework,138.72,Drainage!O207,138.72,Drainage!A207,Drainage,"200mm,excavate,trench,pipe,backfill,dispose,invert,depth"
DRA178,DRA178,Excavate trenches for pipes ne 200mm dia; backfill with 6F2; dispose of surplus on site; depth to invert:; depth to invert: 2.5 - 2.75 m,m,Drainage,Pipework,171.4,Drainage!O208,171.4,Drainage!A208,Drainage,"200mm,excavate,trench,pipe,backfill,dispose,invert,depth"
DRA179,DRA179,Excavate trenches for pipes ne 200mm dia; backfill with 6F2; dispose of surplus on site; depth to invert:; depth to invert: 2.75 - 3 m,m,Drainage,Pipework,203.8,Drainage!O209,203.8,Drainage!A209,Drainage,"200mm,excavate,trench,pipe,backfill,dispose,invert,depth"
DRA180,DRA180,Excavate trenches for pipes ne 200mm dia; backfill with 6F2; dispose of surplus on site; depth to invert:; depth to invert: 3 - 3.25 m,m,Drainage,Pipework,222.02,Drainage!O210,222.02,Drainage!A210,Drainage,"200mm,excavate,trench,pipe,backfill,dispose,invert,depth"
DRA181,DRA181,Excavate trenches for pipes ne 200mm dia; backfill with 6F2; dispose of surplus on site; depth to invert:; depth to invert: 3.25 - 3.5 m,m,Drainage,Pipework,240.25,Drainage!O211,240.25,Drainage!A211,Drainage,"200mm,excavate,trench,pipe,backfill,dispose,invert,depth"
DRA182,DRA182,Excavate trenches for pipes ne 200mm dia; backfill with 6F2; dispose of surplus on site; depth to invert:; depth to invert: 3.5 - 3.75 m,m,Drainage,Pipework,337.59,Drainage!O212,337.59,Drainage!A212,Drainage,"200mm,excavate,trench,pipe,backfill,dispose,invert,depth"
DRA183,DRA183,Excavate trenches for pipes ne 200mm dia; backfill with 6F2; dispose of surplus on site; depth to invert:; depth to invert: 3.75 - 4 m,m,Drainage,Pipework,361.42,Drainage!O213,361.42,Drainage!A213,Drainage,"200mm,excavate,trench,pipe,backfill,dispose,invert,depth"
DRA184,DRA184,Excavate trenches for pipes ne 200mm dia; backfill with 6F2; dispose of surplus on site; depth to invert:; depth to invert: 4 - 4.25 m,m,Drainage,Pipework,475.57,Drainage!O214,475.57,Drainage!A214,Drainage,"200mm,excavate,trench,pipe,backfill,dispose,invert,depth"
DRA185,DRA185,Excavate trenches for pipes ne 200mm dia; backfill with 6F2; dispose of surplus on site; depth to invert:; depth to invert: 4.25 - 4.5 m,m,Drainage,Pipework,505.01,Drainage!O215,505.01,Drainage!A215,Drainage,"200mm,excavate,trench,pipe,backfill,dispose,invert,depth"
DRA186,DRA186,Excavate trenches for pipes ne 200mm dia; backfill with 6F2; dispose of surplus on site; depth to invert:; depth to invert: 4.5 - 4.75 m,m,Drainage,Pipework,534.45,Drainage!O216,534.45,Drainage!A216,Drainage,"200mm,excavate,trench,pipe,backfill,dispose,invert,depth"
DRA187,DRA187,Excavate trenches for pipes ne 200mm dia; backfill with 6F2; dispose of surplus on site; depth to invert:; depth to invert: 4.75 - 5 m,m,Drainage,Pipework,563.88,Drainage!O217,563.88,Drainage!A217,Drainage,"200mm,excavate,trench,pipe,backfill,dispose,invert,depth"
DRA188,DRA188,Excavate trenches for 225mm dia pipes; backfill with 6F2; dispose of surplus off site; depth to invert:; depth to invert: not exceeding 0.5 m,m,Drainage,Pipework,18.94,Drainage!O219,18.94,Drainage!A219,Drainage,"225mm,excavate,trench,pipe,backfill,dispose,invert,depth"
DRA189,DRA189,Excavate trenches for 225mm dia pipes; backfill with 6F2; dispose of surplus off site; depth to invert:; depth to invert: 0.5 - 0.75 m,m,Drainage,Pipework,31.11,Drainage!O220,31.11,Drainage!A220,Drainage,"225mm,excavate,trench,pipe,backfill,dispose,invert,depth"
DRA190,DRA190,Excavate trenches for 225mm dia pipes; backfill with 6F2; dispose of surplus off site; depth to invert:; depth to invert: 0.75 - 1 m,m,Drainage,Pipework,44.92,Drainage!O221,44.92,Drainage!A221,Drainage,"225mm,excavate,trench,pipe,backfill,dispose,invert,depth"
DRA191,DRA191,Excavate trenches for 225mm dia pipes; backfill with 6F2; dispose of surplus off site; depth to invert:; depth to invert: 1 - 1.25 m,m,Drainage,Pipework,68.1,Drainage!O222,68.1,Drainage!A222,Drainage,"225mm,excavate,trench,pipe,backfill,dispose,invert,depth"
DRA192,DRA192,Excavate trenches for 225mm dia pipes; backfill with 6F2; dispose of surplus off site; depth to invert:; depth to invert: 1.25 - 1.5 m,m,Drainage,Pipework,82.95,Drainage!O223,82.95,Drainage!A223,Drainage,"225mm,excavate,trench,pipe,backfill,dispose,invert,depth"
DRA193,DRA193,Excavate trenches for 225mm dia pipes; backfill with 6F2; dispose of surplus off site; depth to invert:; depth to invert: 1.5 - 1.75 m,m,Drainage,Pipework,121.21,Drainage!O224,121.21,Drainage!A224,Drainage,"225mm,excavate,trench,pipe,backfill,dispose,invert,depth"
DRA194,DRA194,Excavate trenches for 225mm dia pipes; backfill with 6F2; dispose of surplus off site; depth to invert:; depth to invert: 1.75 - 2 m,m,Drainage,Pipework,139.62,Drainage!O225,139.62,Drainage!A225,Drainage,"225mm,excavate,trench,pipe,backfill,dispose,invert,depth"
DRA195,DRA195,Excavate trenches for 225mm dia pipes; backfill with 6F2; dispose of surplus off site; depth to invert:; depth to invert: 2 - 2.25 m,m,Drainage,Pipework,199.39,Drainage!O226,199.39,Drainage!A226,Drainage,"225mm,excavate,trench,pipe,backfill,dispose,invert,depth"
DRA196,DRA196,Excavate trenches for 225mm dia pipes; backfill with 6F2; dispose of surplus off site; depth to invert:; depth to invert: 2.25 - 2.5 m,m,Drainage,Pipework,233.6,Drainage!O227,233.6,Drainage!A227,Drainage,"225mm,excavate,trench,pipe,backfill,dispose,invert,depth"
DRA197,DRA197,Excavate trenches for 225mm dia pipes; backfill with 6F2; dispose of surplus off site; depth to invert:; depth to invert: 2.5 - 2.75 m,m,Drainage,Pipework,286.03,Drainage!O228,286.03,Drainage!A228,Drainage,"225mm,excavate,trench,pipe,backfill,dispose,invert,depth"
DRA198,DRA198,Excavate trenches for 225mm dia pipes; backfill with 6F2; dispose of surplus off site; depth to invert:; depth to invert: 2.75 - 3 m,m,Drainage,Pipework,340.04,Drainage!O229,340.04,Drainage!A229,Drainage,"225mm,excavate,trench,pipe,backfill,dispose,invert,depth"
DRA199,DRA199,Excavate trenches for 225mm dia pipes; backfill with 6F2; dispose of surplus off site; depth to invert:; depth to invert: 3 - 3.25 m,m,Drainage,Pipework,369.47,Drainage!O230,369.47,Drainage!A230,Drainage,"225mm,excavate,trench,pipe,backfill,dispose,invert,depth"
DRA200,DRA200,Excavate trenches for 225mm dia pipes; backfill with 6F2; dispose of surplus off site; depth to invert:; depth to invert: 3.25 - 3.5 m,m,Drainage,Pipework,398.89,Drainage!O231,398.89,Drainage!A231,Drainage,"225mm,excavate,trench,pipe,backfill,dispose,invert,depth"
DRA201,DRA201,Excavate trenches for 225mm dia pipes; backfill with 6F2; dispose of surplus off site; depth to invert:; depth to invert: 3.5 - 3.75 m,m,Drainage,Pipework,564.04,Drainage!O232,564.04,Drainage!A232,Drainage,"225mm,excavate,trench,pipe,backfill,dispose,invert,depth"
DRA202,DRA202,Excavate trenches for 225mm dia pipes; backfill with 6F2; dispose of surplus off site; depth to invert:; depth to invert: 3.75 - 4 m,m,Drainage,Pipework,602.8,Drainage!O233,602.8,Drainage!A233,Drainage,"225mm,excavate,trench,pipe,backfill,dispose,invert,depth"
DRA203,DRA203,Excavate trenches for 225mm dia pipes; backfill with 6F2; dispose of surplus off site; depth to invert:; depth to invert: 4 - 4.25 m,m,Drainage,Pipework,795.96,Drainage!O234,795.96,Drainage!A234,Drainage,"225mm,excavate,trench,pipe,backfill,dispose,invert,depth"
DRA204,DRA204,Excavate trenches for 225mm dia pipes; backfill with 6F2; dispose of surplus off site; depth to invert:; depth to invert: 4.25 - 4.5 m,m,Drainage,Pipework,844.06,Drainage!O235,844.06,Drainage!A235,Drainage,"225mm,excavate,trench,pipe,backfill,dispose,invert,depth"
DRA205,DRA205,Excavate trenches for 225mm dia pipes; backfill with 6F2; dispose of surplus off site; depth to invert:; depth to invert: 4.5 - 4.75 m,m,Drainage,Pipework,892.16,Drainage!O236,892.16,Drainage!A236,Drainage,"225mm,excavate,trench,pipe,backfill,dispose,invert,depth"
DRA206,DRA206,Excavate trenches for 225mm dia pipes; backfill with 6F2; dispose of surplus off site; depth to invert:; depth to invert: 4.75 - 5 m,m,Drainage,Pipework,940.26,Drainage!O237,940.26,Drainage!A237,Drainage,"225mm,excavate,trench,pipe,backfill,dispose,invert,depth"
DRA207,DRA207,Excavate trenches for 225mm dia pipes; backfill with 6F2; dispose of surplus off site; depth to invert:; depth to invert: 5 - 5.25 m,m,Drainage,Pipework,988.36,Drainage!O238,988.36,Drainage!A238,Drainage,"225mm,excavate,trench,pipe,backfill,dispose,invert,depth"
DRA208,DRA208,Excavate trenches for 225mm dia pipes; backfill with 6F2; dispose of surplus off site; depth to invert:; depth to invert: 5.25 - 5.5 m,m,Drainage,Pipework,1036.46,Drainage!O239,1036.46,Drainage!A239,Drainage,"225mm,excavate,trench,pipe,backfill,dispose,invert,depth"
DRA209,DRA209,Excavate trenches for 225mm dia pipes; backfill with 6F2; dispose of surplus off site; depth to invert:; depth to invert: 5.5 - 5.75 m,m,Drainage,Pipework,1084.56,Drainage!O240,1084.56,Drainage!A240,Drainage,"225mm,excavate,trench,pipe,backfill,dispose,invert,depth"
DRA210,DRA210,Excavate trenches for 225mm dia pipes; backfill with 6F2; dispose of surplus off site; depth to invert:; depth to invert: 5.75 - 6 m,m,Drainage,Pipework,1132.66,Drainage!O241,1132.66,Drainage!A241,Drainage,"225mm,excavate,trench,pipe,backfill,dispose,invert,depth"
DRA211,DRA211,Excavate trenches for 225mm dia pipes; backfill with 6F2; dispose of surplus off site; depth to invert:; depth to invert: 6 - 6.25 m,m,Drainage,Pipework,1180.76,Drainage!O242,1180.76,Drainage!A242,Drainage,"225mm,excavate,trench,pipe,backfill,dispose,invert,depth"
DRA212,DRA212,Excavate trenches for 225mm dia pipes; backfill with 6F2; dispose of surplus off site; depth to invert:; depth to invert: 6.25 - 6.5 m,m,Drainage,Pipework,1228.86,Drainage!O243,1228.86,Drainage!A243,Drainage,"225mm,excavate,trench,pipe,backfill,dispose,invert,depth"
DRA213,DRA213,Excavate trenches for 225mm dia pipes; backfill with 6F2; dispose of surplus on site; depth to invert:; depth to invert: not exceeding 0.5 m,m,Drainage,Pipework,8.01,Drainage!O245,8.01,Drainage!A245,Drainage,"225mm,excavate,trench,pipe,backfill,dispose,invert,depth"
DRA214,DRA214,Excavate trenches for 225mm dia pipes; backfill with 6F2; dispose of surplus on site; depth to invert:; depth to invert: 0.5 - 0.75 m,m,Drainage,Pipework,16.19,Drainage!O246,16.19,Drainage!A246,Drainage,"225mm,excavate,trench,pipe,backfill,dispose,invert,depth"
DRA215,DRA215,Excavate trenches for 225mm dia pipes; backfill with 6F2; dispose of surplus on site; depth to invert:; depth to invert: 0.75 - 1 m,m,Drainage,Pipework,24.37,Drainage!O247,24.37,Drainage!A247,Drainage,"225mm,excavate,trench,pipe,backfill,dispose,invert,depth"
DRA216,DRA216,Excavate trenches for 225mm dia pipes; backfill with 6F2; dispose of surplus on site; depth to invert:; depth to invert: 1 - 1.25 m,m,Drainage,Pipework,43.19,Drainage!O248,43.19,Drainage!A248,Drainage,"225mm,excavate,trench,pipe,backfill,dispose,invert,depth"
DRA217,DRA217,Excavate trenches for 225mm dia pipes; backfill with 6F2; dispose of surplus on site; depth to invert:; depth to invert: 1.25 - 1.5 m,m,Drainage,Pipework,53.5,Drainage!O249,53.5,Drainage!A249,Drainage,"225mm,excavate,trench,pipe,backfill,dispose,invert,depth"
DRA218,DRA218,Excavate trenches for 225mm dia pipes; backfill with 6F2; dispose of surplus on site; depth to invert:; depth to invert: 1.5 - 1.75 m,m,Drainage,Pipework,76.04,Drainage!O250,76.04,Drainage!A250,Drainage,"225mm,excavate,trench,pipe,backfill,dispose,invert,depth"
DRA219,DRA219,Excavate trenches for 225mm dia pipes; backfill with 6F2; dispose of surplus on site; depth to invert:; depth to invert: 1.75 - 2 m,m,Drainage,Pipework,88.39,Drainage!O251,88.39,Drainage!A251,Drainage,"225mm,excavate,trench,pipe,backfill,dispose,invert,depth"
DRA220,DRA220,Excavate trenches for 225mm dia pipes; backfill with 6F2; dispose of surplus on site; depth to invert:; depth to invert: 2 - 2.25 m,m,Drainage,Pipework,127.95,Drainage!O252,127.95,Drainage!A252,Drainage,"225mm,excavate,trench,pipe,backfill,dispose,invert,depth"
DRA221,DRA221,Excavate trenches for 225mm dia pipes; backfill with 6F2; dispose of surplus on site; depth to invert:; depth to invert: 2.25 - 2.5 m,m,Drainage,Pipework,143.72,Drainage!O253,143.72,Drainage!A253,Drainage,"225mm,excavate,trench,pipe,backfill,dispose,invert,depth"
DRA222,DRA222,Excavate trenches for 300mm dia pipes; backfill with 6F2; dispose of surplus off site; depth to invert:; depth to invert: not exceeding 0.5 m,m,Drainage,Pipework,20.14,Drainage!O255,20.14,Drainage!A255,Drainage,"300mm,excavate,trench,pipe,backfill,dispose,invert,depth"
DRA223,DRA223,Excavate trenches for 300mm dia pipes; backfill with 6F2; dispose of surplus off site; depth to invert:; depth to invert: 0.5 - 0.75 m,m,Drainage,Pipework,33.93,Drainage!O256,33.93,Drainage!A256,Drainage,"300mm,excavate,trench,pipe,backfill,dispose,invert,depth"
DRA224,DRA224,Excavate trenches for 300mm dia pipes; backfill with 6F2; dispose of surplus off site; depth to invert:; depth to invert: 0.75 - 1 m,m,Drainage,Pipework,47.71,Drainage!O257,47.71,Drainage!A257,Drainage,"300mm,excavate,trench,pipe,backfill,dispose,invert,depth"
DRA225,DRA225,Excavate trenches for 300mm dia pipes; backfill with 6F2; dispose of surplus off site; depth to invert:; depth to invert: 1 - 1.25 m,m,Drainage,Pipework,72.12,Drainage!O258,72.12,Drainage!A258,Drainage,"300mm,excavate,trench,pipe,backfill,dispose,invert,depth"
DRA226,DRA226,Excavate trenches for 300mm dia pipes; backfill with 6F2; dispose of surplus off site; depth to invert:; depth to invert: 1.25 - 1.5 m,m,Drainage,Pipework,88.03,Drainage!O259,88.03,Drainage!A259,Drainage,"300mm,excavate,trench,pipe,backfill,dispose,invert,depth"
DRA227,DRA227,Excavate trenches for 300mm dia pipes; backfill with 6F2; dispose of surplus off site; depth to invert:; depth to invert: 1.5 - 1.75 m,m,Drainage,Pipework,126.2,Drainage!O260,126.2,Drainage!A260,Drainage,"300mm,excavate,trench,pipe,backfill,dispose,invert,depth"
DRA228,DRA228,Excavate trenches for 300mm dia pipes; backfill with 6F2; dispose of surplus off site; depth to invert:; depth to invert: 1.75 - 2 m,m,Drainage,Pipework,145.56,Drainage!O261,145.56,Drainage!A261,Drainage,"300mm,excavate,trench,pipe,backfill,dispose,invert,depth"
DRA229,DRA229,Excavate trenches for 300mm dia pipes; backfill with 6F2; dispose of surplus off site; depth to invert:; depth to invert: 2 - 2.25 m,m,Drainage,Pipework,194.06,Drainage!O262,194.06,Drainage!A262,Drainage,"300mm,excavate,trench,pipe,backfill,dispose,invert,depth"
DRA230,DRA230,Excavate trenches for 300mm dia pipes; backfill with 6F2; dispose of surplus off site; depth to invert:; depth to invert: 2.25 - 2.5 m,m,Drainage,Pipework,216.86,Drainage!O263,216.86,Drainage!A263,Drainage,"300mm,excavate,trench,pipe,backfill,dispose,invert,depth"
DRA231,DRA231,Excavate trenches for 300mm dia pipes; backfill with 6F2; dispose of surplus off site; depth to invert:; depth to invert: 2.5 - 2.75 m,m,Drainage,Pipework,274.79,Drainage!O264,274.79,Drainage!A264,Drainage,"300mm,excavate,trench,pipe,backfill,dispose,invert,depth"
DRA232,DRA232,Excavate trenches for 300mm dia pipes; backfill with 6F2; dispose of surplus off site; depth to invert:; depth to invert: 2.75 - 3 m,m,Drainage,Pipework,300.96,Drainage!O265,300.96,Drainage!A265,Drainage,"300mm,excavate,trench,pipe,backfill,dispose,invert,depth"
DRA233,DRA233,Excavate trenches for 300mm dia pipes; backfill with 6F2; dispose of surplus off site; depth to invert:; depth to invert: 3 - 3.25 m,m,Drainage,Pipework,385.21,Drainage!O266,385.21,Drainage!A266,Drainage,"300mm,excavate,trench,pipe,backfill,dispose,invert,depth"
DRA234,DRA234,Excavate trenches for 300mm dia pipes; backfill with 6F2; dispose of surplus off site; depth to invert:; depth to invert: 3.25 - 3.5 m,m,Drainage,Pipework,416.05,Drainage!O267,416.05,Drainage!A267,Drainage,"300mm,excavate,trench,pipe,backfill,dispose,invert,depth"
DRA235,DRA235,Excavate trenches for 300mm dia pipes; backfill with 6F2; dispose of surplus off site; depth to invert:; depth to invert: 3.5 - 3.75 m,m,Drainage,Pipework,581.74,Drainage!O268,581.74,Drainage!A268,Drainage,"300mm,excavate,trench,pipe,backfill,dispose,invert,depth"
DRA236,DRA236,Excavate trenches for 300mm dia pipes; backfill with 6F2; dispose of surplus off site; depth to invert:; depth to invert: 3.75 - 4 m,m,Drainage,Pipework,621.91,Drainage!O269,621.91,Drainage!A269,Drainage,"300mm,excavate,trench,pipe,backfill,dispose,invert,depth"
DRA237,DRA237,Excavate trenches for 300mm dia pipes; backfill with 6F2; dispose of surplus off site; depth to invert:; depth to invert: 4 - 4.25 m,m,Drainage,Pipework,815.61,Drainage!O270,815.61,Drainage!A270,Drainage,"300mm,excavate,trench,pipe,backfill,dispose,invert,depth"
DRA238,DRA238,Excavate trenches for 300mm dia pipes; backfill with 6F2; dispose of surplus off site; depth to invert:; depth to invert: 4.25 - 4.5 m,m,Drainage,Pipework,865.13,Drainage!O271,865.13,Drainage!A271,Drainage,"300mm,excavate,trench,pipe,backfill,dispose,invert,depth"
DRA239,DRA239,Excavate trenches for 300mm dia pipes; backfill with 6F2; dispose of surplus off site; depth to invert:; depth to invert: 4.5 - 4.75 m,m,Drainage,Pipework,914.64,Drainage!O272,914.64,Drainage!A272,Drainage,"300mm,excavate,trench,pipe,backfill,dispose,invert,depth"
DRA240,DRA240,Excavate trenches for 300mm dia pipes; backfill with 6F2; dispose of surplus off site; depth to invert:; depth to invert: 4.75 - 5 m,m,Drainage,Pipework,964.15,Drainage!O273,964.15,Drainage!A273,Drainage,"300mm,excavate,trench,pipe,backfill,dispose,invert,depth"
DRA241,DRA241,Excavate trenches for 300mm dia pipes; backfill with 6F2; dispose of surplus off site; depth to invert:; depth to invert: 5 - 5.25 m,m,Drainage,Pipework,1013.66,Drainage!O274,1013.66,Drainage!A274,Drainage,"300mm,excavate,trench,pipe,backfill,dispose,invert,depth"
DRA242,DRA242,Excavate trenches for 300mm dia pipes; backfill with 6F2; dispose of surplus off site; depth to invert:; depth to invert: 5.25 - 5.5 m,m,Drainage,Pipework,1063.17,Drainage!O275,1063.17,Drainage!A275,Drainage,"300mm,excavate,trench,pipe,backfill,dispose,invert,depth"
DRA243,DRA243,Excavate trenches for 300mm dia pipes; backfill with 6F2; dispose of surplus off site; depth to invert:; depth to invert: 5.5 - 5.75 m,m,Drainage,Pipework,1112.68,Drainage!O276,1112.68,Drainage!A276,Drainage,"300mm,excavate,trench,pipe,backfill,dispose,invert,depth"
DRA244,DRA244,Excavate trenches for 300mm dia pipes; backfill with 6F2; dispose of surplus off site; depth to invert:; depth to invert: 5.75 - 6 m,m,Drainage,Pipework,1162.19,Drainage!O277,1162.19,Drainage!A277,Drainage,"300mm,excavate,trench,pipe,backfill,dispose,invert,depth"
DRA245,DRA245,Excavate trenches for 300mm dia pipes; backfill with 6F2; dispose of surplus off site; depth to invert:; depth to invert: 6 - 6.25 m,m,Drainage,Pipework,1211.71,Drainage!O278,1211.71,Drainage!A278,Drainage,"300mm,excavate,trench,pipe,backfill,dispose,invert,depth"
DRA246,DRA246,Excavate trenches for 300mm dia pipes; backfill with 6F2; dispose of surplus off site; depth to invert:; depth to invert: 6.25 - 6.5 m,m,Drainage,Pipework,1261.22,Drainage!O279,1261.22,Drainage!A279,Drainage,"300mm,excavate,trench,pipe,backfill,dispose,invert,depth"
DRA247,DRA247,Excavate trenches for 300mm dia pipes; backfill with 6F2; dispose of surplus on site; depth to invert:; depth to invert: not exceeding 0.5 m,m,Drainage,Pipework,6.71,Drainage!O281,6.71,Drainage!A281,Drainage,"300mm,excavate,trench,pipe,backfill,dispose,invert,depth"
DRA248,DRA248,Excavate trenches for 300mm dia pipes; backfill with 6F2; dispose of surplus on site; depth to invert:; depth to invert: 0.5 - 0.75 m,m,Drainage,Pipework,14.89,Drainage!O282,14.89,Drainage!A282,Drainage,"300mm,excavate,trench,pipe,backfill,dispose,invert,depth"
DRA249,DRA249,Excavate trenches for 300mm dia pipes; backfill with 6F2; dispose of surplus on site; depth to invert:; depth to invert: 0.75 - 1 m,m,Drainage,Pipework,23.07,Drainage!O283,23.07,Drainage!A283,Drainage,"300mm,excavate,trench,pipe,backfill,dispose,invert,depth"
DRA250,DRA250,Excavate trenches for 300mm dia pipes; backfill with 6F2; dispose of surplus on site; depth to invert:; depth to invert: 1 - 1.25 m,m,Drainage,Pipework,41.89,Drainage!O284,41.89,Drainage!A284,Drainage,"300mm,excavate,trench,pipe,backfill,dispose,invert,depth"
DRA251,DRA251,Excavate trenches for 300mm dia pipes; backfill with 6F2; dispose of surplus on site; depth to invert:; depth to invert: 1.25 - 1.5 m,m,Drainage,Pipework,52.2,Drainage!O285,52.2,Drainage!A285,Drainage,"300mm,excavate,trench,pipe,backfill,dispose,invert,depth"
DRA252,DRA252,Excavate trenches for 450mm dia pipes; backfill with 6F2; dispose of surplus off site; depth to invert:; depth to invert: not exceeding 0.5 m,m,Drainage,Pipework,25.18,Drainage!O287,25.18,Drainage!A287,Drainage,"450mm,excavate,trench,pipe,backfill,dispose,invert,depth"
DRA253,DRA253,Excavate trenches for 450mm dia pipes; backfill with 6F2; dispose of surplus off site; depth to invert:; depth to invert: 0.5 - 0.75 m,m,Drainage,Pipework,39.16,Drainage!O288,39.16,Drainage!A288,Drainage,"450mm,excavate,trench,pipe,backfill,dispose,invert,depth"
DRA254,DRA254,Excavate trenches for 450mm dia pipes; backfill with 6F2; dispose of surplus off site; depth to invert:; depth to invert: 0.75 - 1 m,m,Drainage,Pipework,56.39,Drainage!O289,56.39,Drainage!A289,Drainage,"450mm,excavate,trench,pipe,backfill,dispose,invert,depth"
DRA255,DRA255,Excavate trenches for 450mm dia pipes; backfill with 6F2; dispose of surplus off site; depth to invert:; depth to invert: 1 - 1.25 m,m,Drainage,Pipework,84.25,Drainage!O290,84.25,Drainage!A290,Drainage,"450mm,excavate,trench,pipe,backfill,dispose,invert,depth"
DRA256,DRA256,Excavate trenches for 450mm dia pipes; backfill with 6F2; dispose of surplus off site; depth to invert:; depth to invert: 1.25 - 1.5 m,m,Drainage,Pipework,103.6,Drainage!O291,103.6,Drainage!A291,Drainage,"450mm,excavate,trench,pipe,backfill,dispose,invert,depth"
DRA257,DRA257,Excavate trenches for 450mm dia pipes; backfill with 6F2; dispose of surplus off site; depth to invert:; depth to invert: 1.5 - 1.75 m,m,Drainage,Pipework,122.96,Drainage!O292,122.96,Drainage!A292,Drainage,"450mm,excavate,trench,pipe,backfill,dispose,invert,depth"
DRA258,DRA258,Excavate trenches for 450mm dia pipes; backfill with 6F2; dispose of surplus off site; depth to invert:; depth to invert: 1.75 - 2 m,m,Drainage,Pipework,142.31,Drainage!O293,142.31,Drainage!A293,Drainage,"450mm,excavate,trench,pipe,backfill,dispose,invert,depth"
DRA259,DRA259,Excavate trenches for 450mm dia pipes; backfill with 6F2; dispose of surplus off site; depth to invert:; depth to invert: 2 - 2.25 m,m,Drainage,Pipework,209.17,Drainage!O294,209.17,Drainage!A294,Drainage,"450mm,excavate,trench,pipe,backfill,dispose,invert,depth"
DRA260,DRA260,Excavate trenches for 450mm dia pipes; backfill with 6F2; dispose of surplus off site; depth to invert:; depth to invert: 2.25 - 2.5 m,m,Drainage,Pipework,234.27,Drainage!O295,234.27,Drainage!A295,Drainage,"450mm,excavate,trench,pipe,backfill,dispose,invert,depth"
DRA261,DRA261,Excavate trenches for 450mm dia pipes; backfill with 6F2; dispose of surplus off site; depth to invert:; depth to invert: 2.5 - 2.75 m,m,Drainage,Pipework,270.47,Drainage!O296,270.47,Drainage!A296,Drainage,"450mm,excavate,trench,pipe,backfill,dispose,invert,depth"
DRA262,DRA262,Excavate trenches for 450mm dia pipes; backfill with 6F2; dispose of surplus off site; depth to invert:; depth to invert: 2.75 - 3 m,m,Drainage,Pipework,296.63,Drainage!O297,296.63,Drainage!A297,Drainage,"450mm,excavate,trench,pipe,backfill,dispose,invert,depth"
DRA263,DRA263,Excavate trenches for 450mm dia pipes; backfill with 6F2; dispose of surplus off site; depth to invert:; depth to invert: 3 - 3.25 m,m,Drainage,Pipework,608.92,Drainage!O298,608.92,Drainage!A298,Drainage,"450mm,excavate,trench,pipe,backfill,dispose,invert,depth"
DRA264,DRA264,Excavate trenches for 450mm dia pipes; backfill with 6F2; dispose of surplus off site; depth to invert:; depth to invert: 3.25 - 3.5 m,m,Drainage,Pipework,658.43,Drainage!O299,658.43,Drainage!A299,Drainage,"450mm,excavate,trench,pipe,backfill,dispose,invert,depth"
DRA265,DRA265,Excavate trenches for 450mm dia pipes; backfill with 6F2; dispose of surplus off site; depth to invert:; depth to invert: 3.5 - 3.75 m,m,Drainage,Pipework,707.94,Drainage!O300,707.94,Drainage!A300,Drainage,"450mm,excavate,trench,pipe,backfill,dispose,invert,depth"
DRA266,DRA266,Excavate trenches for 450mm dia pipes; backfill with 6F2; dispose of surplus off site; depth to invert:; depth to invert: 3.75 - 4 m,m,Drainage,Pipework,757.45,Drainage!O301,757.45,Drainage!A301,Drainage,"450mm,excavate,trench,pipe,backfill,dispose,invert,depth"
DRA267,DRA267,Excavate trenches for 450mm dia pipes; backfill with 6F2; dispose of surplus off site; depth to invert:; depth to invert: 4 - 4.25 m,m,Drainage,Pipework,806.96,Drainage!O302,806.96,Drainage!A302,Drainage,"450mm,excavate,trench,pipe,backfill,dispose,invert,depth"
DRA268,DRA268,Excavate trenches for 450mm dia pipes; backfill with 6F2; dispose of surplus off site; depth to invert:; depth to invert: 4.25 - 4.5 m,m,Drainage,Pipework,856.47,Drainage!O303,856.47,Drainage!A303,Drainage,"450mm,excavate,trench,pipe,backfill,dispose,invert,depth"
DRA269,DRA269,Excavate trenches for 450mm dia pipes; backfill with 6F2; dispose of surplus off site; depth to invert:; depth to invert: 4.5 - 4.75 m,m,Drainage,Pipework,905.98,Drainage!O304,905.98,Drainage!A304,Drainage,"450mm,excavate,trench,pipe,backfill,dispose,invert,depth"
DRA270,DRA270,Excavate trenches for 450mm dia pipes; backfill with 6F2; dispose of surplus off site; depth to invert:; depth to invert: 4.75 - 5 m,m,Drainage,Pipework,955.49,Drainage!O305,955.49,Drainage!A305,Drainage,"450mm,excavate,trench,pipe,backfill,dispose,invert,depth"
DRA271,DRA271,Excavate trenches for 450mm dia pipes; backfill with 6F2; dispose of surplus off site; depth to invert:; depth to invert: 5 - 5.25 m,m,Drainage,Pipework,1005.01,Drainage!O306,1005.01,Drainage!A306,Drainage,"450mm,excavate,trench,pipe,backfill,dispose,invert,depth"
DRA272,DRA272,Excavate trenches for 450mm dia pipes; backfill with 6F2; dispose of surplus off site; depth to invert:; depth to invert: 5.25 - 5.5 m,m,Drainage,Pipework,1054.52,Drainage!O307,1054.52,Drainage!A307,Drainage,"450mm,excavate,trench,pipe,backfill,dispose,invert,depth"
DRA273,DRA273,Excavate trenches for 450mm dia pipes; backfill with 6F2; dispose of surplus off site; depth to invert:; depth to invert: 5.5 - 5.75 m,m,Drainage,Pipework,1104.03,Drainage!O308,1104.03,Drainage!A308,Drainage,"450mm,excavate,trench,pipe,backfill,dispose,invert,depth"
DRA274,DRA274,Excavate trenches for 450mm dia pipes; backfill with 6F2; dispose of surplus off site; depth to invert:; depth to invert: 5.75 - 6 m,m,Drainage,Pipework,1153.54,Drainage!O309,1153.54,Drainage!A309,Drainage,"450mm,excavate,trench,pipe,backfill,dispose,invert,depth"
DRA275,DRA275,Excavate trenches for 450mm dia pipes; backfill with 6F2; dispose of surplus off site; depth to invert:; depth to invert: 6 - 6.25 m,m,Drainage,Pipework,1203.05,Drainage!O310,1203.05,Drainage!A310,Drainage,"450mm,excavate,trench,pipe,backfill,dispose,invert,depth"
DRA276,DRA276,Excavate trenches for 450mm dia pipes; backfill with 6F2; dispose of surplus off site; depth to invert:; depth to invert: 6.25 - 6.5 m,m,Drainage,Pipework,1252.56,Drainage!O311,1252.56,Drainage!A311,Drainage,"450mm,excavate,trench,pipe,backfill,dispose,invert,depth"
DRA277,DRA277,Excavate trenches for 600mm dia pipes; backfill with 6F2; dispose of surplus off site; depth to invert:; depth to invert: not exceeding 0.5 m,m,Drainage,Pipework,30.22,Drainage!O313,30.22,Drainage!A313,Drainage,"600mm,excavate,trench,pipe,backfill,dispose,invert,depth"
DRA278,DRA278,Excavate trenches for 600mm dia pipes; backfill with 6F2; dispose of surplus off site; depth to invert:; depth to invert: 0.5 - 0.75 m,m,Drainage,Pipework,44.4,Drainage!O314,44.4,Drainage!A314,Drainage,"600mm,excavate,trench,pipe,backfill,dispose,invert,depth"
DRA279,DRA279,Excavate trenches for 600mm dia pipes; backfill with 6F2; dispose of surplus off site; depth to invert:; depth to invert: 0.75 - 1 m,m,Drainage,Pipework,63.77,Drainage!O315,63.77,Drainage!A315,Drainage,"600mm,excavate,trench,pipe,backfill,dispose,invert,depth"
DRA280,DRA280,Excavate trenches for 600mm dia pipes; backfill with 6F2; dispose of surplus off site; depth to invert:; depth to invert: 1 - 1.25 m,m,Drainage,Pipework,95.08,Drainage!O316,95.08,Drainage!A316,Drainage,"600mm,excavate,trench,pipe,backfill,dispose,invert,depth"
DRA281,DRA281,Excavate trenches for 600mm dia pipes; backfill with 6F2; dispose of surplus off site; depth to invert:; depth to invert: 1.25 - 1.5 m,m,Drainage,Pipework,117.88,Drainage!O317,117.88,Drainage!A317,Drainage,"600mm,excavate,trench,pipe,backfill,dispose,invert,depth"
DRA282,DRA282,Excavate trenches for 600mm dia pipes; backfill with 6F2; dispose of surplus off site; depth to invert:; depth to invert: 1.5 - 1.75 m,m,Drainage,Pipework,140.68,Drainage!O318,140.68,Drainage!A318,Drainage,"600mm,excavate,trench,pipe,backfill,dispose,invert,depth"
DRA283,DRA283,Excavate trenches for 600mm dia pipes; backfill with 6F2; dispose of surplus off site; depth to invert:; depth to invert: 1.75 - 2 m,m,Drainage,Pipework,163.48,Drainage!O319,163.48,Drainage!A319,Drainage,"600mm,excavate,trench,pipe,backfill,dispose,invert,depth"
DRA284,DRA284,Excavate trenches for 600mm dia pipes; backfill with 6F2; dispose of surplus off site; depth to invert:; depth to invert: 2 - 2.25 m,m,Drainage,Pipework,204.84,Drainage!O320,204.84,Drainage!A320,Drainage,"600mm,excavate,trench,pipe,backfill,dispose,invert,depth"
DRA285,DRA285,Excavate trenches for 600mm dia pipes; backfill with 6F2; dispose of surplus off site; depth to invert:; depth to invert: 2.25 - 2.5 m,m,Drainage,Pipework,229.94,Drainage!O321,229.94,Drainage!A321,Drainage,"600mm,excavate,trench,pipe,backfill,dispose,invert,depth"
DRA286,DRA286,Excavate trenches for 600mm dia pipes; backfill with 6F2; dispose of surplus off site; depth to invert:; depth to invert: 2.5 - 2.75 m,m,Drainage,Pipework,266.14,Drainage!O322,266.14,Drainage!A322,Drainage,"600mm,excavate,trench,pipe,backfill,dispose,invert,depth"
DRA287,DRA287,Excavate trenches for 600mm dia pipes; backfill with 6F2; dispose of surplus off site; depth to invert:; depth to invert: 2.75 - 3 m,m,Drainage,Pipework,292.31,Drainage!O323,292.31,Drainage!A323,Drainage,"600mm,excavate,trench,pipe,backfill,dispose,invert,depth"
DRA288,DRA288,Excavate trenches for 600mm dia pipes; backfill with 6F2; dispose of surplus off site; depth to invert:; depth to invert: 3 - 3.25 m,m,Drainage,Pipework,600.26,Drainage!O324,600.26,Drainage!A324,Drainage,"600mm,excavate,trench,pipe,backfill,dispose,invert,depth"
DRA289,DRA289,Excavate trenches for 600mm dia pipes; backfill with 6F2; dispose of surplus off site; depth to invert:; depth to invert: 3.25 - 3.5 m,m,Drainage,Pipework,649.77,Drainage!O325,649.77,Drainage!A325,Drainage,"600mm,excavate,trench,pipe,backfill,dispose,invert,depth"
DRA290,DRA290,Excavate trenches for 600mm dia pipes; backfill with 6F2; dispose of surplus off site; depth to invert:; depth to invert: 3.5 - 3.75 m,m,Drainage,Pipework,699.28,Drainage!O326,699.28,Drainage!A326,Drainage,"600mm,excavate,trench,pipe,backfill,dispose,invert,depth"
DRA291,DRA291,Excavate trenches for 600mm dia pipes; backfill with 6F2; dispose of surplus off site; depth to invert:; depth to invert: 3.75 - 4 m,m,Drainage,Pipework,748.8,Drainage!O327,748.8,Drainage!A327,Drainage,"600mm,excavate,trench,pipe,backfill,dispose,invert,depth"
DRA292,DRA292,Excavate trenches for 600mm dia pipes; backfill with 6F2; dispose of surplus off site; depth to invert:; depth to invert: 4 - 4.25 m,m,Drainage,Pipework,798.31,Drainage!O328,798.31,Drainage!A328,Drainage,"600mm,excavate,trench,pipe,backfill,dispose,invert,depth"
DRA293,DRA293,Excavate trenches for 600mm dia pipes; backfill with 6F2; dispose of surplus off site; depth to invert:; depth to invert: 4.25 - 4.5 m,m,Drainage,Pipework,847.82,Drainage!O329,847.82,Drainage!A329,Drainage,"600mm,excavate,trench,pipe,backfill,dispose,invert,depth"
DRA294,DRA294,Excavate trenches for 600mm dia pipes; backfill with 6F2; dispose of surplus off site; depth to invert:; depth to invert: 4.5 - 4.75 m,m,Drainage,Pipework,897.33,Drainage!O330,897.33,Drainage!A330,Drainage,"600mm,excavate,trench,pipe,backfill,dispose,invert,depth"
DRA295,DRA295,Excavate trenches for 600mm dia pipes; backfill with 6F2; dispose of surplus off site; depth to invert:; depth to invert: 4.75 - 5 m,m,Drainage,Pipework,946.84,Drainage!O331,946.84,Drainage!A331,Drainage,"600mm,excavate,trench,pipe,backfill,dispose,invert,depth"
DRA296,DRA296,Excavate trenches for 600mm dia pipes; backfill with 6F2; dispose of surplus on site; depth to invert:; depth to invert: not exceeding 0.5 m,m,Drainage,Pipework,10.06,Drainage!O333,10.06,Drainage!A333,Drainage,"600mm,excavate,trench,pipe,backfill,dispose,invert,depth"
DRA297,DRA297,Excavate trenches for 600mm dia pipes; backfill with 6F2; dispose of surplus on site; depth to invert:; depth to invert: 0.5 - 0.75 m,m,Drainage,Pipework,15.85,Drainage!O334,15.85,Drainage!A334,Drainage,"600mm,excavate,trench,pipe,backfill,dispose,invert,depth"
DRA298,DRA298,Excavate trenches for 600mm dia pipes; backfill with 6F2; dispose of surplus on site; depth to invert:; depth to invert: 0.75 - 1 m,m,Drainage,Pipework,26.82,Drainage!O335,26.82,Drainage!A335,Drainage,"600mm,excavate,trench,pipe,backfill,dispose,invert,depth"
DRA299,DRA299,Excavate trenches for 600mm dia pipes; backfill with 6F2; dispose of surplus on site; depth to invert:; depth to invert: 1 - 1.25 m,m,Drainage,Pipework,49.73,Drainage!O336,49.73,Drainage!A336,Drainage,"600mm,excavate,trench,pipe,backfill,dispose,invert,depth"
DRA300,DRA300,Excavate trenches for 600mm dia pipes; backfill with 6F2; dispose of surplus on site; depth to invert:; depth to invert: 1.25 - 1.5 m,m,Drainage,Pipework,64.13,Drainage!O337,64.13,Drainage!A337,Drainage,"600mm,excavate,trench,pipe,backfill,dispose,invert,depth"
DRA301,DRA301,Excavate trenches for 600mm dia pipes; backfill with 6F2; dispose of surplus on site; depth to invert:; depth to invert: 1.5 - 1.75 m,m,Drainage,Pipework,78.53,Drainage!O338,78.53,Drainage!A338,Drainage,"600mm,excavate,trench,pipe,backfill,dispose,invert,depth"
DRA302,DRA302,Excavate trenches for 600mm dia pipes; backfill with 6F2; dispose of surplus on site; depth to invert:; depth to invert: 1.75 - 2 m,m,Drainage,Pipework,92.93,Drainage!O339,92.93,Drainage!A339,Drainage,"600mm,excavate,trench,pipe,backfill,dispose,invert,depth"
DRA303,DRA303,Excavate trenches for 600mm dia pipes; backfill with 6F2; dispose of surplus on site; depth to invert:; depth to invert: 2 - 2.25 m,m,Drainage,Pipework,117.13,Drainage!O340,117.13,Drainage!A340,Drainage,"600mm,excavate,trench,pipe,backfill,dispose,invert,depth"
DRA304,DRA304,Excavate trenches for 600mm dia pipes; backfill with 6F2; dispose of surplus on site; depth to invert:; depth to invert: 2.25 - 2.5 m,m,Drainage,Pipework,132.9,Drainage!O341,132.9,Drainage!A341,Drainage,"600mm,excavate,trench,pipe,backfill,dispose,invert,depth"
DRA305,DRA305,Excavate trenches for 600mm dia pipes; backfill with 6F2; dispose of surplus on site; depth to invert:; depth to invert: 2.5 - 2.75 m,m,Drainage,Pipework,159.77,Drainage!O342,159.77,Drainage!A342,Drainage,"600mm,excavate,trench,pipe,backfill,dispose,invert,depth"
DRA306,DRA306,Excavate trenches for 600mm dia pipes; backfill with 6F2; dispose of surplus on site; depth to invert:; depth to invert: 2.75 - 3 m,m,Drainage,Pipework,176.6,Drainage!O343,176.6,Drainage!A343,Drainage,"600mm,excavate,trench,pipe,backfill,dispose,invert,depth"
DRA307,DRA307,Excavate trenches for 600mm dia pipes; backfill with 6F2; dispose of surplus on site; depth to invert:; depth to invert: 3 - 3.25 m,m,Drainage,Pipework,350.19,Drainage!O344,350.19,Drainage!A344,Drainage,"600mm,excavate,trench,pipe,backfill,dispose,invert,depth"
DRA308,DRA308,Excavate trenches for 600mm dia pipes; backfill with 6F2; dispose of surplus on site; depth to invert:; depth to invert: 3.25 - 3.5 m,m,Drainage,Pipework,381.04,Drainage!O345,381.04,Drainage!A345,Drainage,"600mm,excavate,trench,pipe,backfill,dispose,invert,depth"
DRA309,DRA309,Excavate trenches for 600mm dia pipes; backfill with 6F2; dispose of surplus on site; depth to invert:; depth to invert: 3.5 - 3.75 m,m,Drainage,Pipework,411.89,Drainage!O346,411.89,Drainage!A346,Drainage,"600mm,excavate,trench,pipe,backfill,dispose,invert,depth"
DRA310,DRA310,Excavate trenches for 600mm dia pipes; backfill with 6F2; dispose of surplus on site; depth to invert:; depth to invert: 3.75 - 4 m,m,Drainage,Pipework,442.74,Drainage!O347,442.74,Drainage!A347,Drainage,"600mm,excavate,trench,pipe,backfill,dispose,invert,depth"
DRA311,DRA311,Excavate trenches for 750mm dia pipes; backfill with 6F2; dispose of surplus off site; depth to invert:; depth to invert: not exceeding 0.5 m,m,Drainage,Pipework,35.25,Drainage!O349,35.25,Drainage!A349,Drainage,"750mm,excavate,trench,pipe,backfill,dispose,invert,depth"
DRA312,DRA312,Excavate trenches for 750mm dia pipes; backfill with 6F2; dispose of surplus off site; depth to invert:; depth to invert: 0.5 - 0.75 m,m,Drainage,Pipework,51.8,Drainage!O350,51.8,Drainage!A350,Drainage,"750mm,excavate,trench,pipe,backfill,dispose,invert,depth"
DRA313,DRA313,Excavate trenches for 750mm dia pipes; backfill with 6F2; dispose of surplus off site; depth to invert:; depth to invert: 0.75 - 1 m,m,Drainage,Pipework,69.86,Drainage!O351,69.86,Drainage!A351,Drainage,"750mm,excavate,trench,pipe,backfill,dispose,invert,depth"
DRA314,DRA314,Excavate trenches for 750mm dia pipes; backfill with 6F2; dispose of surplus off site; depth to invert:; depth to invert: 1 - 1.25 m,m,Drainage,Pipework,104.61,Drainage!O352,104.61,Drainage!A352,Drainage,"750mm,excavate,trench,pipe,backfill,dispose,invert,depth"
DRA315,DRA315,Excavate trenches for 750mm dia pipes; backfill with 6F2; dispose of surplus off site; depth to invert:; depth to invert: 1.25 - 1.5 m,m,Drainage,Pipework,130.85,Drainage!O353,130.85,Drainage!A353,Drainage,"750mm,excavate,trench,pipe,backfill,dispose,invert,depth"
DRA316,DRA316,Excavate trenches for 750mm dia pipes; backfill with 6F2; dispose of surplus off site; depth to invert:; depth to invert: 1.5 - 1.75 m,m,Drainage,Pipework,157.1,Drainage!O354,157.1,Drainage!A354,Drainage,"750mm,excavate,trench,pipe,backfill,dispose,invert,depth"
DRA317,DRA317,Excavate trenches for 750mm dia pipes; backfill with 6F2; dispose of surplus off site; depth to invert:; depth to invert: 1.75 - 2 m,m,Drainage,Pipework,207.1,Drainage!O355,207.1,Drainage!A355,Drainage,"750mm,excavate,trench,pipe,backfill,dispose,invert,depth"
DRA318,DRA318,Excavate trenches for 750mm dia pipes; backfill with 6F2; dispose of surplus off site; depth to invert:; depth to invert: 2 - 2.25 m,m,Drainage,Pipework,236.79,Drainage!O356,236.79,Drainage!A356,Drainage,"750mm,excavate,trench,pipe,backfill,dispose,invert,depth"
DRA319,DRA319,Excavate trenches for 750mm dia pipes; backfill with 6F2; dispose of surplus off site; depth to invert:; depth to invert: 2.25 - 2.5 m,m,Drainage,Pipework,266.48,Drainage!O357,266.48,Drainage!A357,Drainage,"750mm,excavate,trench,pipe,backfill,dispose,invert,depth"
DRA320,DRA320,Excavate trenches for 750mm dia pipes; backfill with 6F2; dispose of surplus off site; depth to invert:; depth to invert: 2.5 - 2.75 m,m,Drainage,Pipework,307.97,Drainage!O358,307.97,Drainage!A358,Drainage,"750mm,excavate,trench,pipe,backfill,dispose,invert,depth"
DRA321,DRA321,Excavate trenches for 750mm dia pipes; backfill with 6F2; dispose of surplus off site; depth to invert:; depth to invert: 2.75 - 3 m,m,Drainage,Pipework,338.8,Drainage!O359,338.8,Drainage!A359,Drainage,"750mm,excavate,trench,pipe,backfill,dispose,invert,depth"
DRA322,DRA322,Excavate trenches for 750mm dia pipes; backfill with 6F2; dispose of surplus off site; depth to invert:; depth to invert: 3 - 3.25 m,m,Drainage,Pipework,591.61,Drainage!O360,591.61,Drainage!A360,Drainage,"750mm,excavate,trench,pipe,backfill,dispose,invert,depth"
DRA323,DRA323,Excavate trenches for 750mm dia pipes; backfill with 6F2; dispose of surplus off site; depth to invert:; depth to invert: 3.25 - 3.5 m,m,Drainage,Pipework,641.12,Drainage!O361,641.12,Drainage!A361,Drainage,"750mm,excavate,trench,pipe,backfill,dispose,invert,depth"
DRA324,DRA324,Excavate trenches for 750mm dia pipes; backfill with 6F2; dispose of surplus off site; depth to invert:; depth to invert: 3.5 - 3.75 m,m,Drainage,Pipework,690.63,Drainage!O362,690.63,Drainage!A362,Drainage,"750mm,excavate,trench,pipe,backfill,dispose,invert,depth"
DRA325,DRA325,Excavate trenches for 750mm dia pipes; backfill with 6F2; dispose of surplus off site; depth to invert:; depth to invert: 3.75 - 4 m,m,Drainage,Pipework,740.14,Drainage!O363,740.14,Drainage!A363,Drainage,"750mm,excavate,trench,pipe,backfill,dispose,invert,depth"
DRA326,DRA326,Excavate trenches for 750mm dia pipes; backfill with 6F2; dispose of surplus off site; depth to invert:; depth to invert: 4 - 4.25 m,m,Drainage,Pipework,789.65,Drainage!O364,789.65,Drainage!A364,Drainage,"750mm,excavate,trench,pipe,backfill,dispose,invert,depth"
DRA327,DRA327,Excavate trenches for 750mm dia pipes; backfill with 6F2; dispose of surplus off site; depth to invert:; depth to invert: 4.25 - 4.5 m,m,Drainage,Pipework,839.17,Drainage!O365,839.17,Drainage!A365,Drainage,"750mm,excavate,trench,pipe,backfill,dispose,invert,depth"
DRA328,DRA328,Excavate trenches for 750mm dia pipes; backfill with 6F2; dispose of surplus off site; depth to invert:; depth to invert: 4.5 - 4.75 m,m,Drainage,Pipework,888.68,Drainage!O366,888.68,Drainage!A366,Drainage,"750mm,excavate,trench,pipe,backfill,dispose,invert,depth"
DRA329,DRA329,Excavate trenches for 750mm dia pipes; backfill with 6F2; dispose of surplus off site; depth to invert:; depth to invert: 4.75 - 5 m,m,Drainage,Pipework,938.19,Drainage!O367,938.19,Drainage!A367,Drainage,"750mm,excavate,trench,pipe,backfill,dispose,invert,depth"
DRA330,DRA330,Excavate trenches for 750mm dia pipes; backfill with 6F2; dispose of surplus off site; depth to invert:; depth to invert: 5 - 5.25 m,m,Drainage,Pipework,987.7,Drainage!O368,987.7,Drainage!A368,Drainage,"750mm,excavate,trench,pipe,backfill,dispose,invert,depth"
DRA331,DRA331,Excavate trenches for 750mm dia pipes; backfill with 6F2; dispose of surplus off site; depth to invert:; depth to invert: 5.25 - 5.5 m,m,Drainage,Pipework,1037.21,Drainage!O369,1037.21,Drainage!A369,Drainage,"750mm,excavate,trench,pipe,backfill,dispose,invert,depth"
DRA332,DRA332,Excavate trenches for 750mm dia pipes; backfill with 6F2; dispose of surplus off site; depth to invert:; depth to invert: 5.5 - 5.75 m,m,Drainage,Pipework,1086.72,Drainage!O370,1086.72,Drainage!A370,Drainage,"750mm,excavate,trench,pipe,backfill,dispose,invert,depth"
DRA333,DRA333,Excavate trenches for 750mm dia pipes; backfill with 6F2; dispose of surplus off site; depth to invert:; depth to invert: 5.75 - 6 m,m,Drainage,Pipework,1136.23,Drainage!O371,1136.23,Drainage!A371,Drainage,"750mm,excavate,trench,pipe,backfill,dispose,invert,depth"
DRA334,DRA334,Excavate trenches for 750mm dia pipes; backfill with 6F2; dispose of surplus off site; depth to invert:; depth to invert: 6 - 6.25 m,m,Drainage,Pipework,1185.75,Drainage!O372,1185.75,Drainage!A372,Drainage,"750mm,excavate,trench,pipe,backfill,dispose,invert,depth"
DRA335,DRA335,Excavate trenches for 750mm dia pipes; backfill with 6F2; dispose of surplus on site; depth to invert:; depth to invert: not exceeding 0.5 m,m,Drainage,Pipework,11.74,Drainage!O374,11.74,Drainage!A374,Drainage,"750mm,excavate,trench,pipe,backfill,dispose,invert,depth"
DRA336,DRA336,Excavate trenches for 750mm dia pipes; backfill with 6F2; dispose of surplus on site; depth to invert:; depth to invert: 0.5 - 0.75 m,m,Drainage,Pipework,18.49,Drainage!O375,18.49,Drainage!A375,Drainage,"750mm,excavate,trench,pipe,backfill,dispose,invert,depth"
DRA337,DRA337,Excavate trenches for 750mm dia pipes; backfill with 6F2; dispose of surplus on site; depth to invert:; depth to invert: 0.75 - 1 m,m,Drainage,Pipework,26.75,Drainage!O376,26.75,Drainage!A376,Drainage,"750mm,excavate,trench,pipe,backfill,dispose,invert,depth"
DRA338,DRA338,Excavate trenches for 750mm dia pipes; backfill with 6F2; dispose of surplus on site; depth to invert:; depth to invert: 1 - 1.25 m,m,Drainage,Pipework,51.7,Drainage!O377,51.7,Drainage!A377,Drainage,"750mm,excavate,trench,pipe,backfill,dispose,invert,depth"
DRA339,DRA339,Excavate trenches for 750mm dia pipes; backfill with 6F2; dispose of surplus on site; depth to invert:; depth to invert: 1.25 - 1.5 m,m,Drainage,Pipework,68.15,Drainage!O378,68.15,Drainage!A378,Drainage,"750mm,excavate,trench,pipe,backfill,dispose,invert,depth"
DRA340,DRA340,Excavate trenches for 750mm dia pipes; backfill with 6F2; dispose of surplus on site; depth to invert:; depth to invert: 1.5 - 1.75 m,m,Drainage,Pipework,84.6,Drainage!O379,84.6,Drainage!A379,Drainage,"750mm,excavate,trench,pipe,backfill,dispose,invert,depth"
DRA341,DRA341,Excavate trenches for 750mm dia pipes; backfill with 6F2; dispose of surplus on site; depth to invert:; depth to invert: 1.75 - 2 m,m,Drainage,Pipework,113.05,Drainage!O380,113.05,Drainage!A380,Drainage,"750mm,excavate,trench,pipe,backfill,dispose,invert,depth"
DRA342,DRA342,Excavate trenches for 750mm dia pipes; backfill with 6F2; dispose of surplus on site; depth to invert:; depth to invert: 2 - 2.25 m,m,Drainage,Pipework,131.54,Drainage!O381,131.54,Drainage!A381,Drainage,"750mm,excavate,trench,pipe,backfill,dispose,invert,depth"
DRA343,DRA343,Excavate trenches for 750mm dia pipes; backfill with 6F2; dispose of surplus on site; depth to invert:; depth to invert: 2.25 - 2.5 m,m,Drainage,Pipework,150.03,Drainage!O382,150.03,Drainage!A382,Drainage,"750mm,excavate,trench,pipe,backfill,dispose,invert,depth"
DRA344,DRA344,Excavate trenches for 750mm dia pipes; backfill with 6F2; dispose of surplus on site; depth to invert:; depth to invert: 2.5 - 2.75 m,m,Drainage,Pipework,180.32,Drainage!O383,180.32,Drainage!A383,Drainage,"750mm,excavate,trench,pipe,backfill,dispose,invert,depth"
DRA345,DRA345,Excavate trenches for 750mm dia pipes; backfill with 6F2; dispose of surplus on site; depth to invert:; depth to invert: 2.75 - 3 m,m,Drainage,Pipework,199.96,Drainage!O384,199.96,Drainage!A384,Drainage,"750mm,excavate,trench,pipe,backfill,dispose,invert,depth"
DRA346,DRA346,Excavate trenches for 750mm dia pipes; backfill with 6F2; dispose of surplus on site; depth to invert:; depth to invert: 3 - 3.25 m,m,Drainage,Pipework,341.54,Drainage!O385,341.54,Drainage!A385,Drainage,"750mm,excavate,trench,pipe,backfill,dispose,invert,depth"
DRA347,DRA347,Excavate trenches for 750mm dia pipes; backfill with 6F2; dispose of surplus on site; depth to invert:; depth to invert: 3.25 - 3.5 m,m,Drainage,Pipework,372.39,Drainage!O386,372.39,Drainage!A386,Drainage,"750mm,excavate,trench,pipe,backfill,dispose,invert,depth"
DRA348,DRA348,Excavate trenches for 750mm dia pipes; backfill with 6F2; dispose of surplus on site; depth to invert:; depth to invert: 3.5 - 3.75 m,m,Drainage,Pipework,403.24,Drainage!O387,403.24,Drainage!A387,Drainage,"750mm,excavate,trench,pipe,backfill,dispose,invert,depth"
DRA349,DRA349,Excavate trenches for 750mm dia pipes; backfill with 6F2; dispose of surplus on site; depth to invert:; depth to invert: 3.75 - 4 m,m,Drainage,Pipework,434.09,Drainage!O388,434.09,Drainage!A388,Drainage,"750mm,excavate,trench,pipe,backfill,dispose,invert,depth"
DRA350,DRA350,Excavate trenches for 900mm dia pipes; backfill with 6F2; dispose of surplus off site; depth to invert:; depth to invert: not exceeding 0.5 m,m,Drainage,Pipework,0.0,,0.0,Drainage!A390,Drainage,"900mm,excavate,trench,pipe,backfill,dispose,invert,depth"
DRA351,DRA351,Excavate trenches for 900mm dia pipes; backfill with 6F2; dispose of surplus off site; depth to invert:; depth to invert: 0.5 - 0.75 m,m,Drainage,Pipework,0.0,,0.0,Drainage!A391,Drainage,"900mm,excavate,trench,pipe,backfill,dispose,invert,depth"
DRA352,DRA352,Excavate trenches for 900mm dia pipes; backfill with 6F2; dispose of surplus off site; depth to invert:; depth to invert: 0.75 - 1 m,m,Drainage,Pipework,78.11,Drainage!O392,78.11,Drainage!A392,Drainage,"900mm,excavate,trench,pipe,backfill,dispose,invert,depth"
DRA353,DRA353,Excavate trenches for 900mm dia pipes; backfill with 6F2; dispose of surplus off site; depth to invert:; depth to invert: 1 - 1.25 m,m,Drainage,Pipework,112.84,Drainage!O393,112.84,Drainage!A393,Drainage,"900mm,excavate,trench,pipe,backfill,dispose,invert,depth"
DRA354,DRA354,Excavate trenches for 900mm dia pipes; backfill with 6F2; dispose of surplus off site; depth to invert:; depth to invert: 1.25 - 1.5 m,m,Drainage,Pipework,142.53,Drainage!O394,142.53,Drainage!A394,Drainage,"900mm,excavate,trench,pipe,backfill,dispose,invert,depth"
DRA355,DRA355,Excavate trenches for 900mm dia pipes; backfill with 6F2; dispose of surplus off site; depth to invert:; depth to invert: 1.5 - 1.75 m,m,Drainage,Pipework,172.22,Drainage!O395,172.22,Drainage!A395,Drainage,"900mm,excavate,trench,pipe,backfill,dispose,invert,depth"
DRA356,DRA356,Excavate trenches for 900mm dia pipes; backfill with 6F2; dispose of surplus off site; depth to invert:; depth to invert: 1.75 - 2 m,m,Drainage,Pipework,201.91,Drainage!O396,201.91,Drainage!A396,Drainage,"900mm,excavate,trench,pipe,backfill,dispose,invert,depth"
DRA357,DRA357,Excavate trenches for 900mm dia pipes; backfill with 6F2; dispose of surplus off site; depth to invert:; depth to invert: 2 - 2.25 m,m,Drainage,Pipework,231.6,Drainage!O397,231.6,Drainage!A397,Drainage,"900mm,excavate,trench,pipe,backfill,dispose,invert,depth"
DRA358,DRA358,Excavate trenches for 900mm dia pipes; backfill with 6F2; dispose of surplus off site; depth to invert:; depth to invert: 2.25 - 2.5 m,m,Drainage,Pipework,261.29,Drainage!O398,261.29,Drainage!A398,Drainage,"900mm,excavate,trench,pipe,backfill,dispose,invert,depth"
DRA359,DRA359,Excavate trenches for 900mm dia pipes; backfill with 6F2; dispose of surplus off site; depth to invert:; depth to invert: 2.5 - 2.75 m,m,Drainage,Pipework,302.78,Drainage!O399,302.78,Drainage!A399,Drainage,"900mm,excavate,trench,pipe,backfill,dispose,invert,depth"
DRA360,DRA360,Excavate trenches for 900mm dia pipes; backfill with 6F2; dispose of surplus off site; depth to invert:; depth to invert: 2.75 - 3 m,m,Drainage,Pipework,333.61,Drainage!O400,333.61,Drainage!A400,Drainage,"900mm,excavate,trench,pipe,backfill,dispose,invert,depth"
DRA361,DRA361,Excavate trenches for 900mm dia pipes; backfill with 6F2; dispose of surplus off site; depth to invert:; depth to invert: 3 - 3.25 m,m,Drainage,Pipework,582.96,Drainage!O401,582.96,Drainage!A401,Drainage,"900mm,excavate,trench,pipe,backfill,dispose,invert,depth"
DRA362,DRA362,Excavate trenches for 900mm dia pipes; backfill with 6F2; dispose of surplus off site; depth to invert:; depth to invert: 3.25 - 3.5 m,m,Drainage,Pipework,632.47,Drainage!O402,632.47,Drainage!A402,Drainage,"900mm,excavate,trench,pipe,backfill,dispose,invert,depth"
DRA363,DRA363,Excavate trenches for 900mm dia pipes; backfill with 6F2; dispose of surplus off site; depth to invert:; depth to invert: 3.5 - 3.75 m,m,Drainage,Pipework,681.98,Drainage!O403,681.98,Drainage!A403,Drainage,"900mm,excavate,trench,pipe,backfill,dispose,invert,depth"
DRA364,DRA364,Excavate trenches for 900mm dia pipes; backfill with 6F2; dispose of surplus off site; depth to invert:; depth to invert: 3.75 - 4 m,m,Drainage,Pipework,731.49,Drainage!O404,731.49,Drainage!A404,Drainage,"900mm,excavate,trench,pipe,backfill,dispose,invert,depth"
DRA365,DRA365,Excavate trenches for 900mm dia pipes; backfill with 6F2; dispose of surplus off site; depth to invert:; depth to invert: 4 - 4.25 m,m,Drainage,Pipework,781.0,Drainage!O405,781.0,Drainage!A405,Drainage,"900mm,excavate,trench,pipe,backfill,dispose,invert,depth"
DRA366,DRA366,Excavate trenches for 900mm dia pipes; backfill with 6F2; dispose of surplus off site; depth to invert:; depth to invert: 4.25 - 4.5 m,m,Drainage,Pipework,830.51,Drainage!O406,830.51,Drainage!A406,Drainage,"900mm,excavate,trench,pipe,backfill,dispose,invert,depth"
DRA367,DRA367,Excavate trenches for 1200mm dia pipes; backfill with 6F2; dispose of surplus off site; depth to invert:; depth to invert: not exceeding 0.5 m,m,Drainage,Pipework,50.36,Drainage!O408,50.36,Drainage!A408,Drainage,"1200mm,excavate,trench,pipe,backfill,dispose,invert,depth"
DRA368,DRA368,Excavate trenches for 1200mm dia pipes; backfill with 6F2; dispose of surplus off site; depth to invert:; depth to invert: 0.5 - 0.75 m,m,Drainage,Pipework,74.0,Drainage!O409,74.0,Drainage!A409,Drainage,"1200mm,excavate,trench,pipe,backfill,dispose,invert,depth"
DRA369,DRA369,Excavate trenches for 1200mm dia pipes; backfill with 6F2; dispose of surplus off site; depth to invert:; depth to invert: 0.75 - 1 m,m,Drainage,Pipework,97.64,Drainage!O410,97.64,Drainage!A410,Drainage,"1200mm,excavate,trench,pipe,backfill,dispose,invert,depth"
DRA370,DRA370,Excavate trenches for 1200mm dia pipes; backfill with 6F2; dispose of surplus off site; depth to invert:; depth to invert: 1 - 1.25 m,m,Drainage,Pipework,131.91,Drainage!O411,131.91,Drainage!A411,Drainage,"1200mm,excavate,trench,pipe,backfill,dispose,invert,depth"
DRA371,DRA371,Excavate trenches for 1200mm dia pipes; backfill with 6F2; dispose of surplus off site; depth to invert:; depth to invert: 1.25 - 1.5 m,m,Drainage,Pipework,162.0,Drainage!O412,162.0,Drainage!A412,Drainage,"1200mm,excavate,trench,pipe,backfill,dispose,invert,depth"
DRA372,DRA372,Excavate trenches for 1200mm dia pipes; backfill with 6F2; dispose of surplus off site; depth to invert:; depth to invert: 1.5 - 1.75 m,m,Drainage,Pipework,198.58,Drainage!O413,198.58,Drainage!A413,Drainage,"1200mm,excavate,trench,pipe,backfill,dispose,invert,depth"
DRA373,DRA373,Excavate trenches for 1200mm dia pipes; backfill with 6F2; dispose of surplus off site; depth to invert:; depth to invert: 1.75 - 2 m,m,Drainage,Pipework,235.16,Drainage!O414,235.16,Drainage!A414,Drainage,"1200mm,excavate,trench,pipe,backfill,dispose,invert,depth"
DRA374,DRA374,Excavate trenches for 1200mm dia pipes; backfill with 6F2; dispose of surplus off site; depth to invert:; depth to invert: 2 - 2.25 m,m,Drainage,Pipework,271.74,Drainage!O415,271.74,Drainage!A415,Drainage,"1200mm,excavate,trench,pipe,backfill,dispose,invert,depth"
DRA375,DRA375,Excavate trenches for 1200mm dia pipes; backfill with 6F2; dispose of surplus off site; depth to invert:; depth to invert: 2.25 - 2.5 m,m,Drainage,Pipework,308.32,Drainage!O416,308.32,Drainage!A416,Drainage,"1200mm,excavate,trench,pipe,backfill,dispose,invert,depth"
DRA376,DRA376,Excavate trenches for 1200mm dia pipes; backfill with 6F2; dispose of surplus off site; depth to invert:; depth to invert: 2.5 - 2.75 m,m,Drainage,Pipework,357.73,Drainage!O417,357.73,Drainage!A417,Drainage,"1200mm,excavate,trench,pipe,backfill,dispose,invert,depth"
DRA377,DRA377,Excavate trenches for 1200mm dia pipes; backfill with 6F2; dispose of surplus off site; depth to invert:; depth to invert: 2.75 - 3 m,m,Drainage,Pipework,395.57,Drainage!O418,395.57,Drainage!A418,Drainage,"1200mm,excavate,trench,pipe,backfill,dispose,invert,depth"
DRA378,DRA378,Excavate trenches for 1200mm dia pipes; backfill with 6F2; dispose of surplus off site; depth to invert:; depth to invert: 3 - 3.25 m,m,Drainage,Pipework,565.65,Drainage!O419,565.65,Drainage!A419,Drainage,"1200mm,excavate,trench,pipe,backfill,dispose,invert,depth"
DRA379,DRA379,Excavate trenches for 1200mm dia pipes; backfill with 6F2; dispose of surplus off site; depth to invert:; depth to invert: 3.25 - 3.5 m,m,Drainage,Pipework,615.16,Drainage!O420,615.16,Drainage!A420,Drainage,"1200mm,excavate,trench,pipe,backfill,dispose,invert,depth"
DRA380,DRA380,Excavate trenches for 1200mm dia pipes; backfill with 6F2; dispose of surplus off site; depth to invert:; depth to invert: 3.5 - 3.75 m,m,Drainage,Pipework,664.67,Drainage!O421,664.67,Drainage!A421,Drainage,"1200mm,excavate,trench,pipe,backfill,dispose,invert,depth"
DRA381,DRA381,Excavate trenches for 1200mm dia pipes; backfill with 6F2; dispose of surplus off site; depth to invert:; depth to invert: 3.75 - 4 m,m,Drainage,Pipework,714.18,Drainage!O422,714.18,Drainage!A422,Drainage,"1200mm,excavate,trench,pipe,backfill,dispose,invert,depth"
DRA382,DRA382,Excavate trenches for 1200mm dia pipes; backfill with 6F2; dispose of surplus off site; depth to invert:; depth to invert: 4 - 4.25 m,m,Drainage,Pipework,763.69,Drainage!O423,763.69,Drainage!A423,Drainage,"1200mm,excavate,trench,pipe,backfill,dispose,invert,depth"
DRA383,DRA383,Excavate trenches for 1200mm dia pipes; backfill with 6F2; dispose of surplus off site; depth to invert:; depth to invert: 4.25 - 4.5 m,m,Drainage,Pipework,813.21,Drainage!O424,813.21,Drainage!A424,Drainage,"1200mm,excavate,trench,pipe,backfill,dispose,invert,depth"
DRA384,DRA384,Excavate trenches for 1200mm dia pipes; backfill with 6F2; dispose of surplus off site; depth to invert:; depth to invert: 4.5 - 4.75 m,m,Drainage,Pipework,862.72,Drainage!O425,862.72,Drainage!A425,Drainage,"1200mm,excavate,trench,pipe,backfill,dispose,invert,depth"
DRA385,DRA385,Excavate trenches for 1200mm dia pipes; backfill with 6F2; dispose of surplus off site; depth to invert:; depth to invert: 4.75 - 5 m,m,Drainage,Pipework,912.23,Drainage!O426,912.23,Drainage!A426,Drainage,"1200mm,excavate,trench,pipe,backfill,dispose,invert,depth"
DRA386,DRA386,Excavate trenches for 1200mm dia pipes; backfill with 6F2; dispose of surplus off site; depth to invert:; depth to invert: 5 - 5.25 m,m,Drainage,Pipework,961.74,Drainage!O427,961.74,Drainage!A427,Drainage,"1200mm,excavate,trench,pipe,backfill,dispose,invert,depth"
DRA387,DRA387,Excavate trenches for 1200mm dia pipes; backfill with 6F2; dispose of surplus off site; depth to invert:; depth to invert: 5.25 - 5.5 m,m,Drainage,Pipework,1011.25,Drainage!O428,1011.25,Drainage!A428,Drainage,"1200mm,excavate,trench,pipe,backfill,dispose,invert,depth"
DRA388,DRA388,Excavate trenches for 1200mm dia pipes; backfill with 6F2; dispose of surplus off site; depth to invert:; depth to invert: 5.5 - 5.75 m,m,Drainage,Pipework,1060.76,Drainage!O429,1060.76,Drainage!A429,Drainage,"1200mm,excavate,trench,pipe,backfill,dispose,invert,depth"
DRA389,DRA389,Excavate trenches for land drains for pipes ne 200mm dia; backfill with shingle; dispose of surplus off site; depth to invert:; depth to invert: not exceeding 0.5 m,m,Drainage,Pipework,25.45,Drainage!O432,25.45,Drainage!A432,Drainage,"200mm,excavate,trench,pipe,backfill,dispose,invert,depth"
DRA390,DRA390,Excavate trenches for land drains for pipes ne 200mm dia; backfill with shingle; dispose of surplus off site; depth to invert:; depth to invert: 0.5 - 0.75 m,m,Drainage,Pipework,43.76,Drainage!O433,43.76,Drainage!A433,Drainage,"200mm,excavate,trench,pipe,backfill,dispose,invert,depth"
DRA391,DRA391,Excavate trenches for land drains for pipes ne 200mm dia; backfill with shingle; dispose of surplus off site; depth to invert:; depth to invert: 0.75 - 1 m,m,Drainage,Pipework,62.06,Drainage!O434,62.06,Drainage!A434,Drainage,"200mm,excavate,trench,pipe,backfill,dispose,invert,depth"
DRA392,DRA392,Excavate trenches for land drains for pipes ne 200mm dia; backfill with shingle; dispose of surplus off site; depth to invert:; depth to invert: 1 - 1.25 m,m,Drainage,Pipework,91.0,Drainage!O435,91.0,Drainage!A435,Drainage,"200mm,excavate,trench,pipe,backfill,dispose,invert,depth"
DRA393,DRA393,Excavate trenches for land drains for pipes ne 200mm dia; backfill with shingle; dispose of surplus off site; depth to invert:; depth to invert: 1.25 - 1.5 m,m,Drainage,Pipework,136.1,Drainage!O436,136.1,Drainage!A436,Drainage,"200mm,excavate,trench,pipe,backfill,dispose,invert,depth"
DRA394,DRA394,Excavate trenches for land drains for pipes ne 200mm dia; backfill with shingle; dispose of surplus off site; depth to invert:; depth to invert: 1.5 - 1.75 m,m,Drainage,Pipework,190.35,Drainage!O437,190.35,Drainage!A437,Drainage,"200mm,excavate,trench,pipe,backfill,dispose,invert,depth"
DRA395,DRA395,Excavate trenches for land drains for pipes ne 200mm dia; backfill with shingle; dispose of surplus off site; depth to invert:; depth to invert: 1.75 - 2 m,m,Drainage,Pipework,242.49,Drainage!O438,242.49,Drainage!A438,Drainage,"200mm,excavate,trench,pipe,backfill,dispose,invert,depth"
DRA396,DRA396,Excavate trenches for land drains for pipes ne 200mm dia; backfill with shingle; dispose of surplus off site; depth to invert:; depth to invert: 2 - 2.25 m,m,Drainage,Pipework,275.12,Drainage!O439,275.12,Drainage!A439,Drainage,"200mm,excavate,trench,pipe,backfill,dispose,invert,depth"
DRA397,DRA397,Excavate trenches for land drains for pipes ne 200mm dia; backfill with shingle; dispose of surplus off site; depth to invert:; depth to invert: 2.25 - 2.5 m,m,Drainage,Pipework,307.76,Drainage!O440,307.76,Drainage!A440,Drainage,"200mm,excavate,trench,pipe,backfill,dispose,invert,depth"
DRA398,DRA398,Excavate trenches for land drains for pipes ne 200mm dia; backfill with shingle; dispose of surplus off site; depth to invert:; depth to invert: 2.5 - 2.75 m,m,Drainage,Pipework,351.49,Drainage!O441,351.49,Drainage!A441,Drainage,"200mm,excavate,trench,pipe,backfill,dispose,invert,depth"
DRA399,DRA399,Excavate trenches for land drains for pipes ne 200mm dia; backfill with shingle; dispose of surplus off site; depth to invert:; depth to invert: 2.75 - 3 m,m,Drainage,Pipework,385.2,Drainage!O442,385.2,Drainage!A442,Drainage,"200mm,excavate,trench,pipe,backfill,dispose,invert,depth"
DRA400,DRA400,Excavate trenches for land drains for pipes ne 200mm dia; backfill with shingle; dispose of surplus off site; depth to invert:; depth to invert: 3 - 3.25 m,m,Drainage,Pipework,801.12,Drainage!O443,801.12,Drainage!A443,Drainage,"200mm,excavate,trench,pipe,backfill,dispose,invert,depth"
DRA401,DRA401,Excavate trenches for land drains for pipes ne 200mm dia; backfill with shingle; dispose of surplus off site; depth to invert:; depth to invert: 3.25 - 3.5 m,m,Drainage,Pipework,865.71,Drainage!O444,865.71,Drainage!A444,Drainage,"200mm,excavate,trench,pipe,backfill,dispose,invert,depth"
DRA402,DRA402,Excavate trenches for land drains for pipes ne 200mm dia; backfill with shingle; dispose of surplus off site; depth to invert:; depth to invert: 3.5 - 3.75 m,m,Drainage,Pipework,930.3,Drainage!O445,930.3,Drainage!A445,Drainage,"200mm,excavate,trench,pipe,backfill,dispose,invert,depth"
DRA403,DRA403,Excavate trenches for land drains for pipes ne 200mm dia; backfill with shingle; dispose of surplus off site; depth to invert:; depth to invert: 3.75 - 4 m,m,Drainage,Pipework,994.89,Drainage!O446,994.89,Drainage!A446,Drainage,"200mm,excavate,trench,pipe,backfill,dispose,invert,depth"
DRA404,DRA402,"Fin drains; 100mm perforated pipe; shingle backfill; dispose off site; geotextile drain with terram both sides, laid in narrow trench; depth to invert: not exceeding 0.5 m",m,Drainage,Pipework,32.28,Drainage!O448,32.28,Drainage!A448,Drainage,"100mm,trench,pipe,backfill,dispose,invert,depth"
DRA405,DRA403,"Fin drains; 100mm perforated pipe; shingle backfill; dispose off site; geotextile drain with terram both sides, laid in narrow trench; depth to invert: 0.5 - 0.75 m",m,Drainage,Pipework,51.21,Drainage!O449,51.21,Drainage!A449,Drainage,"100mm,trench,pipe,backfill,dispose,invert,depth"
DRA406,DRA404,"Fin drains; 100mm perforated pipe; shingle backfill; dispose off site; geotextile drain with terram both sides, laid in narrow trench; depth to invert: 0.75 - 1 m",m,Drainage,Pipework,70.13,Drainage!O450,70.13,Drainage!A450,Drainage,"100mm,trench,pipe,backfill,dispose,invert,depth"
DRA407,DRA405,"Fin drains; 100mm perforated pipe; shingle backfill; dispose off site; geotextile drain with terram both sides, laid in narrow trench; depth to invert: 1 - 1.25 m",m,Drainage,Pipework,89.06,Drainage!O451,89.06,Drainage!A451,Drainage,"100mm,trench,pipe,backfill,dispose,invert,depth"
DRA408,DRA406,"Fin drains; 100mm perforated pipe; shingle backfill; dispose off site; geotextile drain with terram both sides, laid in narrow trench; depth to invert: 1.25 - 1.5 m",m,Drainage,Pipework,107.99,Drainage!O452,107.99,Drainage!A452,Drainage,"100mm,trench,pipe,backfill,dispose,invert,depth"
DRA409,DRA407,"Fin drains; 100mm perforated pipe; shingle backfill; dispose off site; geotextile drain with terram both sides, laid in narrow trench; depth to invert: 1.5 - 1.75 m",m,Drainage,Pipework,126.92,Drainage!O453,126.92,Drainage!A453,Drainage,"100mm,trench,pipe,backfill,dispose,invert,depth"
DRA410,DRA408,"Fin drains; 100mm perforated pipe; shingle backfill; dispose off site; geotextile drain with terram both sides, laid in narrow trench; depth to invert: 1.75 - 2 m",m,Drainage,Pipework,145.84,Drainage!O454,145.84,Drainage!A454,Drainage,"100mm,trench,pipe,backfill,dispose,invert,depth"
DRA411,DRA409,Diffuser filter drain; 225 perforated pipe; 1.60m x 500dp gravel; 1.6 m wide Permavoid drain mat 150mm thk; wrapped all round with impermeable geo-membrane.; depth to invert: not exceeding 0.75 m,m,Drainage,Pipework,432.6,Drainage!O456,432.6,Drainage!A456,Drainage,"150mm,pipe,invert,depth"
DRA412,DRA410,Excavate trenches for pipes ne 200mm dia; backfill with concrete; dispose of surplus off site; depth to invert:; depth to invert: not exceeding 0.5 m,m,Drainage,Pipework,25.14,Drainage!O459,25.14,Drainage!A459,Drainage,"200mm,excavate,trench,pipe,backfill,dispose,invert,depth"
DRA413,DRA411,Excavate trenches for pipes ne 200mm dia; backfill with concrete; dispose of surplus off site; depth to invert:; depth to invert: 0.5 - 0.75 m,m,Drainage,Pipework,48.96,Drainage!O460,48.96,Drainage!A460,Drainage,"200mm,excavate,trench,pipe,backfill,dispose,invert,depth"
DRA414,DRA412,Excavate trenches for pipes ne 200mm dia; backfill with concrete; dispose of surplus off site; depth to invert:; depth to invert: 0.75 - 1 m,m,Drainage,Pipework,72.78,Drainage!O461,72.78,Drainage!A461,Drainage,"200mm,excavate,trench,pipe,backfill,dispose,invert,depth"
DRA415,DRA413,Excavate trenches for pipes ne 200mm dia; backfill with concrete; dispose of surplus off site; depth to invert:; depth to invert: 1 - 1.25 m,m,Drainage,Pipework,139.43,Drainage!O462,139.43,Drainage!A462,Drainage,"200mm,excavate,trench,pipe,backfill,dispose,invert,depth"
DRA416,DRA414,Excavate trenches for pipes ne 200mm dia; backfill with concrete; dispose of surplus off site; depth to invert:; depth to invert: 1.25 - 1.5 m,m,Drainage,Pipework,173.31,Drainage!O463,173.31,Drainage!A463,Drainage,"200mm,excavate,trench,pipe,backfill,dispose,invert,depth"
DRA417,DRA415,Excavate trenches for pipes ne 200mm dia; backfill with concrete; dispose of surplus off site; depth to invert:; depth to invert: 1.5 - 1.75 m,m,Drainage,Pipework,399.51,Drainage!O464,399.51,Drainage!A464,Drainage,"200mm,excavate,trench,pipe,backfill,dispose,invert,depth"
DRA418,DRA416,Excavate trenches for pipes ne 200mm dia; backfill with concrete; dispose of surplus off site; depth to invert:; depth to invert: 1.75 - 2 m,m,Drainage,Pipework,465.15,Drainage!O465,465.15,Drainage!A465,Drainage,"200mm,excavate,trench,pipe,backfill,dispose,invert,depth"
DRA419,DRA417,Excavate trenches for pipes ne 200mm dia; backfill with concrete; dispose of surplus off site; depth to invert:; depth to invert: 2 - 2.25 m,m,Drainage,Pipework,530.79,Drainage!O466,530.79,Drainage!A466,Drainage,"200mm,excavate,trench,pipe,backfill,dispose,invert,depth"
DRA420,DRA418,Excavate trenches for pipes ne 200mm dia; backfill with concrete; dispose of surplus off site; depth to invert:; depth to invert: 2.25 - 2.5 m,m,Drainage,Pipework,596.43,Drainage!O467,596.43,Drainage!A467,Drainage,"200mm,excavate,trench,pipe,backfill,dispose,invert,depth"
DRA421,DRA419,Excavate trenches for pipes ne 200mm dia; backfill with concrete; dispose of surplus off site; depth to invert:; depth to invert: 2.5 - 2.75 m,m,Drainage,Pipework,662.07,Drainage!O468,662.07,Drainage!A468,Drainage,"200mm,excavate,trench,pipe,backfill,dispose,invert,depth"
DRA422,DRA419,Excavate trenches for pipes ne 200mm dia; backfill with concrete; dispose of surplus on site; depth to invert:; depth to invert: not exceeding 0.5 m,m,Drainage,Pipework,15.25,Drainage!O470,15.25,Drainage!A470,Drainage,"200mm,excavate,trench,pipe,backfill,dispose,invert,depth"
DRA423,DRA420,Excavate trenches for pipes ne 200mm dia; backfill with concrete; dispose of surplus on site; depth to invert:; depth to invert: 0.5 - 0.75 m,m,Drainage,Pipework,34.95,Drainage!O471,34.95,Drainage!A471,Drainage,"200mm,excavate,trench,pipe,backfill,dispose,invert,depth"
DRA424,DRA421,Excavate trenches for pipes ne 200mm dia; backfill with concrete; dispose of surplus on site; depth to invert:; depth to invert: 0.75 - 1 m,m,Drainage,Pipework,54.65,Drainage!O472,54.65,Drainage!A472,Drainage,"200mm,excavate,trench,pipe,backfill,dispose,invert,depth"
DRA425,DRA422,Excavate trenches for pipes ne 200mm dia; backfill with concrete; dispose of surplus on site; depth to invert:; depth to invert: 1 - 1.25 m,m,Drainage,Pipework,109.76,Drainage!O473,109.76,Drainage!A473,Drainage,"200mm,excavate,trench,pipe,backfill,dispose,invert,depth"
DRA426,DRA423,Excavate trenches for pipes ne 200mm dia; backfill with concrete; dispose of surplus on site; depth to invert:; depth to invert: 1.25 - 1.5 m,m,Drainage,Pipework,138.15,Drainage!O474,138.15,Drainage!A474,Drainage,"200mm,excavate,trench,pipe,backfill,dispose,invert,depth"
DRA427,DRA424,Excavate trenches for pipes ne 200mm dia; backfill with concrete; dispose of surplus on site; depth to invert:; depth to invert: 1.5 - 1.75 m,m,Drainage,Pipework,318.19,Drainage!O475,318.19,Drainage!A475,Drainage,"200mm,excavate,trench,pipe,backfill,dispose,invert,depth"
DRA428,DRA425,Excavate trenches for pipes ne 200mm dia; backfill with concrete; dispose of surplus on site; depth to invert:; depth to invert: 1.75 - 2 m,m,Drainage,Pipework,372.84,Drainage!O476,372.84,Drainage!A476,Drainage,"200mm,excavate,trench,pipe,backfill,dispose,invert,depth"
DRA429,DRA426,Excavate trenches for pipes ne 200mm dia; backfill with concrete; dispose of surplus on site; depth to invert:; depth to invert: 2 - 2.25 m,m,Drainage,Pipework,427.49,Drainage!O477,427.49,Drainage!A477,Drainage,"200mm,excavate,trench,pipe,backfill,dispose,invert,depth"
DRA430,DRA427,Excavate trenches for pipes ne 200mm dia; backfill with concrete; dispose of surplus on site; depth to invert:; depth to invert: 2.25 - 2.5 m,m,Drainage,Pipework,482.14,Drainage!O478,482.14,Drainage!A478,Drainage,"200mm,excavate,trench,pipe,backfill,dispose,invert,depth"
DRA431,DRA428,Excavate trenches for 225mm dia pipes; backfill with concrete; dispose of surplus off site; depth to invert:; depth to invert: not exceeding 0.5 m,m,Drainage,Pipework,29.34,Drainage!O480,29.34,Drainage!A480,Drainage,"225mm,excavate,trench,pipe,backfill,dispose,invert,depth"
DRA432,DRA429,Excavate trenches for 225mm dia pipes; backfill with concrete; dispose of surplus off site; depth to invert:; depth to invert: 0.5 - 0.75 m,m,Drainage,Pipework,57.12,Drainage!O481,57.12,Drainage!A481,Drainage,"225mm,excavate,trench,pipe,backfill,dispose,invert,depth"
DRA433,DRA430,Excavate trenches for 225mm dia pipes; backfill with concrete; dispose of surplus off site; depth to invert:; depth to invert: 0.75 - 1 m,m,Drainage,Pipework,84.91,Drainage!O482,84.91,Drainage!A482,Drainage,"225mm,excavate,trench,pipe,backfill,dispose,invert,depth"
DRA434,DRA431,Excavate trenches for 225mm dia pipes; backfill with concrete; dispose of surplus off site; depth to invert:; depth to invert: 1 - 1.25 m,m,Drainage,Pipework,139.43,Drainage!O483,139.43,Drainage!A483,Drainage,"225mm,excavate,trench,pipe,backfill,dispose,invert,depth"
DRA435,DRA432,Excavate trenches for 225mm dia pipes; backfill with concrete; dispose of surplus off site; depth to invert:; depth to invert: 1.25 - 1.5 m,m,Drainage,Pipework,173.31,Drainage!O484,173.31,Drainage!A484,Drainage,"225mm,excavate,trench,pipe,backfill,dispose,invert,depth"
DRA436,DRA433,Excavate trenches for 225mm dia pipes; backfill with concrete; dispose of surplus off site; depth to invert:; depth to invert: 1.5 - 1.75 m,m,Drainage,Pipework,399.51,Drainage!O485,399.51,Drainage!A485,Drainage,"225mm,excavate,trench,pipe,backfill,dispose,invert,depth"
DRA437,DRA434,Excavate trenches for 225mm dia pipes; backfill with concrete; dispose of surplus off site; depth to invert:; depth to invert: 1.75 - 2 m,m,Drainage,Pipework,465.15,Drainage!O486,465.15,Drainage!A486,Drainage,"225mm,excavate,trench,pipe,backfill,dispose,invert,depth"
DRA438,DRA435,Excavate trenches for 225mm dia pipes; backfill with concrete; dispose of surplus off site; depth to invert:; depth to invert: 2 - 2.25 m,m,Drainage,Pipework,530.79,Drainage!O487,530.79,Drainage!A487,Drainage,"225mm,excavate,trench,pipe,backfill,dispose,invert,depth"
DRA439,DRA436,Excavate trenches for 225mm dia pipes; backfill with concrete; dispose of surplus off site; depth to invert:; depth to invert: 2.25 - 2.5 m,m,Drainage,Pipework,596.43,Drainage!O488,596.43,Drainage!A488,Drainage,"225mm,excavate,trench,pipe,backfill,dispose,invert,depth"
DRA440,DRA437,Excavate trenches for 225mm dia pipes; backfill with concrete; dispose of surplus off site; depth to invert:; depth to invert: 2.5 - 2.75 m,m,Drainage,Pipework,662.07,Drainage!O489,662.07,Drainage!A489,Drainage,"225mm,excavate,trench,pipe,backfill,dispose,invert,depth"
DRA441,DRA438,Excavate trenches for 225mm dia pipes; backfill with concrete; dispose of surplus off site; depth to invert:; depth to invert: 2.75 - 3 m,m,Drainage,Pipework,727.71,Drainage!O490,727.71,Drainage!A490,Drainage,"225mm,excavate,trench,pipe,backfill,dispose,invert,depth"
DRA442,DRA439,Excavate trenches for 225mm dia pipes; backfill with concrete; dispose of surplus off site; depth to invert:; depth to invert: 3 - 3.25 m,m,Drainage,Pipework,793.35,Drainage!O491,793.35,Drainage!A491,Drainage,"225mm,excavate,trench,pipe,backfill,dispose,invert,depth"
DRA443,DRA440,Excavate trenches for 225mm dia pipes; backfill with concrete; dispose of surplus off site; depth to invert:; depth to invert: 3.25 - 3.5 m,m,Drainage,Pipework,858.99,Drainage!O492,858.99,Drainage!A492,Drainage,"225mm,excavate,trench,pipe,backfill,dispose,invert,depth"
DRA444,DRA441,Excavate trenches for 225mm dia pipes; backfill with concrete; dispose of surplus off site; depth to invert:; depth to invert: 3.5 - 3.75 m,m,Drainage,Pipework,924.63,Drainage!O493,924.63,Drainage!A493,Drainage,"225mm,excavate,trench,pipe,backfill,dispose,invert,depth"
DRA445,DRA442,Excavate trenches for 300mm dia pipes; backfill with concrete; dispose of surplus off site; depth to invert:; depth to invert: not exceeding 0.5 m,m,Drainage,Pipework,33.53,Drainage!O495,33.53,Drainage!A495,Drainage,"300mm,excavate,trench,pipe,backfill,dispose,invert,depth"
DRA446,DRA443,Excavate trenches for 300mm dia pipes; backfill with concrete; dispose of surplus off site; depth to invert:; depth to invert: 0.5 - 0.75 m,m,Drainage,Pipework,65.28,Drainage!O496,65.28,Drainage!A496,Drainage,"300mm,excavate,trench,pipe,backfill,dispose,invert,depth"
DRA447,DRA444,Excavate trenches for 300mm dia pipes; backfill with concrete; dispose of surplus off site; depth to invert:; depth to invert: 0.75 - 1 m,m,Drainage,Pipework,97.04,Drainage!O497,97.04,Drainage!A497,Drainage,"300mm,excavate,trench,pipe,backfill,dispose,invert,depth"
DRA448,DRA445,Excavate trenches for 300mm dia pipes; backfill with concrete; dispose of surplus off site; depth to invert:; depth to invert: 1 - 1.25 m,m,Drainage,Pipework,139.43,Drainage!O498,139.43,Drainage!A498,Drainage,"300mm,excavate,trench,pipe,backfill,dispose,invert,depth"
DRA449,DRA446,Excavate trenches for 300mm dia pipes; backfill with concrete; dispose of surplus off site; depth to invert:; depth to invert: 1.25 - 1.5 m,m,Drainage,Pipework,173.31,Drainage!O499,173.31,Drainage!A499,Drainage,"300mm,excavate,trench,pipe,backfill,dispose,invert,depth"
DRA450,DRA447,Excavate trenches for 300mm dia pipes; backfill with concrete; dispose of surplus off site; depth to invert:; depth to invert: 1.5 - 1.75 m,m,Drainage,Pipework,399.51,Drainage!O500,399.51,Drainage!A500,Drainage,"300mm,excavate,trench,pipe,backfill,dispose,invert,depth"
DRA451,DRA448,Excavate trenches for 300mm dia pipes; backfill with concrete; dispose of surplus off site; depth to invert:; depth to invert: 1.75 - 2 m,m,Drainage,Pipework,465.15,Drainage!O501,465.15,Drainage!A501,Drainage,"300mm,excavate,trench,pipe,backfill,dispose,invert,depth"
DRA452,DRA449,Excavate trenches for 300mm dia pipes; backfill with concrete; dispose of surplus off site; depth to invert:; depth to invert: 2 - 2.25 m,m,Drainage,Pipework,530.79,Drainage!O502,530.79,Drainage!A502,Drainage,"300mm,excavate,trench,pipe,backfill,dispose,invert,depth"
DRA453,DRA450,Excavate trenches for 300mm dia pipes; backfill with concrete; dispose of surplus off site; depth to invert:; depth to invert: 2.25 - 2.5 m,m,Drainage,Pipework,596.43,Drainage!O503,596.43,Drainage!A503,Drainage,"300mm,excavate,trench,pipe,backfill,dispose,invert,depth"
DRA454,DRA451,Excavate trenches for 300mm dia pipes; backfill with concrete; dispose of surplus off site; depth to invert:; depth to invert: 2.5 - 2.75 m,m,Drainage,Pipework,662.07,Drainage!O504,662.07,Drainage!A504,Drainage,"300mm,excavate,trench,pipe,backfill,dispose,invert,depth"
DRA455,DRA452,Excavate trenches for 300mm dia pipes; backfill with concrete; dispose of surplus off site; depth to invert:; depth to invert: 2.75 - 3 m,m,Drainage,Pipework,727.71,Drainage!O505,727.71,Drainage!A505,Drainage,"300mm,excavate,trench,pipe,backfill,dispose,invert,depth"
DRA456,DRA453,Excavate trenches for 450mm dia pipes; backfill with concrete; dispose of surplus off site; depth to invert:; depth to invert: not exceeding 0.5 m,m,Drainage,Pipework,41.91,Drainage!O507,41.91,Drainage!A507,Drainage,"450mm,excavate,trench,pipe,backfill,dispose,invert,depth"
DRA457,DRA454,Excavate trenches for 450mm dia pipes; backfill with concrete; dispose of surplus off site; depth to invert:; depth to invert: 0.5 - 0.75 m,m,Drainage,Pipework,81.6,Drainage!O508,81.6,Drainage!A508,Drainage,"450mm,excavate,trench,pipe,backfill,dispose,invert,depth"
DRA458,DRA455,Excavate trenches for 450mm dia pipes; backfill with concrete; dispose of surplus off site; depth to invert:; depth to invert: 0.75 - 1 m,m,Drainage,Pipework,121.3,Drainage!O509,121.3,Drainage!A509,Drainage,"450mm,excavate,trench,pipe,backfill,dispose,invert,depth"
DRA459,DRA456,Excavate trenches for 450mm dia pipes; backfill with concrete; dispose of surplus off site; depth to invert:; depth to invert: 1 - 1.25 m,m,Drainage,Pipework,161.0,Drainage!O510,161.0,Drainage!A510,Drainage,"450mm,excavate,trench,pipe,backfill,dispose,invert,depth"
DRA460,DRA457,Excavate trenches for 450mm dia pipes; backfill with concrete; dispose of surplus off site; depth to invert:; depth to invert: 1.25 - 1.5 m,m,Drainage,Pipework,200.69,Drainage!O511,200.69,Drainage!A511,Drainage,"450mm,excavate,trench,pipe,backfill,dispose,invert,depth"
DRA461,DRA458,Excavate trenches for 450mm dia pipes; backfill with concrete; dispose of surplus off site; depth to invert:; depth to invert: 1.5 - 1.75 m,m,Drainage,Pipework,384.62,Drainage!O512,384.62,Drainage!A512,Drainage,"450mm,excavate,trench,pipe,backfill,dispose,invert,depth"
DRA462,DRA459,Excavate trenches for 450mm dia pipes; backfill with concrete; dispose of surplus off site; depth to invert:; depth to invert: 1.75 - 2 m,m,Drainage,Pipework,448.13,Drainage!O513,448.13,Drainage!A513,Drainage,"450mm,excavate,trench,pipe,backfill,dispose,invert,depth"
DRA463,DRA460,Excavate trenches for 450mm dia pipes; backfill with concrete; dispose of surplus off site; depth to invert:; depth to invert: 2 - 2.25 m,m,Drainage,Pipework,511.65,Drainage!O514,511.65,Drainage!A514,Drainage,"450mm,excavate,trench,pipe,backfill,dispose,invert,depth"
DRA464,DRA461,Excavate trenches for 450mm dia pipes; backfill with concrete; dispose of surplus off site; depth to invert:; depth to invert: 2.25 - 2.5 m,m,Drainage,Pipework,575.16,Drainage!O515,575.16,Drainage!A515,Drainage,"450mm,excavate,trench,pipe,backfill,dispose,invert,depth"
DRA465,DRA462,Excavate trenches for 450mm dia pipes; backfill with concrete; dispose of surplus off site; depth to invert:; depth to invert: 2.5 - 2.75 m,m,Drainage,Pipework,638.67,Drainage!O516,638.67,Drainage!A516,Drainage,"450mm,excavate,trench,pipe,backfill,dispose,invert,depth"
DRA466,DRA463,Excavate trenches for 450mm dia pipes; backfill with concrete; dispose of surplus off site; depth to invert:; depth to invert: 2.75 - 3 m,m,Drainage,Pipework,702.19,Drainage!O517,702.19,Drainage!A517,Drainage,"450mm,excavate,trench,pipe,backfill,dispose,invert,depth"
DRA467,DRA464,Excavate trenches for 450mm dia pipes; backfill with concrete; dispose of surplus off site; depth to invert:; depth to invert: 3 - 3.25 m,m,Drainage,Pipework,1276.17,Drainage!O518,1276.17,Drainage!A518,Drainage,"450mm,excavate,trench,pipe,backfill,dispose,invert,depth"
DRA468,DRA465,Excavate trenches to grub up existing pipes; backfill with SEM; dispose of surplus off site; depth to invert:; depth to invert: not exceeding 0.5 m,m,Drainage,Pipework,8.84,Drainage!O520,8.84,Drainage!A520,Drainage,"excavate,trench,pipe,backfill,sem,dispose,invert,depth"
DRA469,DRA466,Excavate trenches to grub up existing pipes; backfill with SEM; dispose of surplus off site; depth to invert:; depth to invert: 0.5 - 0.75 m,m,Drainage,Pipework,12.86,Drainage!O521,12.86,Drainage!A521,Drainage,"excavate,trench,pipe,backfill,sem,dispose,invert,depth"
DRA470,DRA467,Excavate trenches to grub up existing pipes; backfill with SEM; dispose of surplus off site; depth to invert:; depth to invert: 0.75 - 1 m,m,Drainage,Pipework,16.88,Drainage!O522,16.88,Drainage!A522,Drainage,"excavate,trench,pipe,backfill,sem,dispose,invert,depth"
DRA471,DRA468,Excavate trenches to grub up existing pipes; backfill with SEM; dispose of surplus off site; depth to invert:; depth to invert: 1 - 1.25 m,m,Drainage,Pipework,20.9,Drainage!O523,20.9,Drainage!A523,Drainage,"excavate,trench,pipe,backfill,sem,dispose,invert,depth"
DRA472,DRA469,Excavate trenches to grub up existing pipes; backfill with SEM; dispose of surplus off site; depth to invert:; depth to invert: 1.25 - 1.5 m,m,Drainage,Pipework,24.91,Drainage!O524,24.91,Drainage!A524,Drainage,"excavate,trench,pipe,backfill,sem,dispose,invert,depth"
DRA473,DRA470,Excavate trenches to grub up existing pipes; backfill with SEM; dispose of surplus off site; depth to invert:; depth to invert: 1.5 - 1.75 m,m,Drainage,Pipework,57.87,Drainage!O525,57.87,Drainage!A525,Drainage,"excavate,trench,pipe,backfill,sem,dispose,invert,depth"
DRA474,DRA471,Excavate trenches to grub up existing pipes; backfill with SEM; dispose of surplus off site; depth to invert:; depth to invert: 1.75 - 2 m,m,Drainage,Pipework,65.91,Drainage!O526,65.91,Drainage!A526,Drainage,"excavate,trench,pipe,backfill,sem,dispose,invert,depth"
DRA475,DRA472,Excavate trenches to grub up existing pipes; backfill with SEM; dispose of surplus off site; depth to invert:; depth to invert: 2 - 2.25 m,m,Drainage,Pipework,73.95,Drainage!O527,73.95,Drainage!A527,Drainage,"excavate,trench,pipe,backfill,sem,dispose,invert,depth"
DRA476,DRA473,Excavate trenches to grub up existing pipes; backfill with SEM; dispose of surplus off site; depth to invert:; depth to invert: 2.25 - 2.5 m,m,Drainage,Pipework,81.99,Drainage!O528,81.99,Drainage!A528,Drainage,"excavate,trench,pipe,backfill,sem,dispose,invert,depth"
DRA477,DRA474,Excavate trenches to grub up existing pipes; backfill with SEM; dispose of surplus off site; depth to invert:; depth to invert: 2.5 - 2.75 m,m,Drainage,Pipework,90.03,Drainage!O529,90.03,Drainage!A529,Drainage,"excavate,trench,pipe,backfill,sem,dispose,invert,depth"
DRA478,DRA475,Excavate trenches to grub up existing pipes; backfill with SEM; dispose of surplus off site; depth to invert:; depth to invert: 2.75 - 3 m,m,Drainage,Pipework,98.07,Drainage!O530,98.07,Drainage!A530,Drainage,"excavate,trench,pipe,backfill,sem,dispose,invert,depth"
DRA479,DRA476,Excavate trenches to grub up existing pipes; backfill with SEM; dispose of surplus off site; depth to invert:; depth to invert: 3 - 3.25 m,m,Drainage,Pipework,176.84,Drainage!O531,176.84,Drainage!A531,Drainage,"excavate,trench,pipe,backfill,sem,dispose,invert,depth"
DRA480,DRA477,Excavate trenches to grub up existing pipes; backfill with SEM; dispose of surplus off site; depth to invert:; depth to invert: 3.25 - 3.5 m,m,Drainage,Pipework,190.24,Drainage!O532,190.24,Drainage!A532,Drainage,"excavate,trench,pipe,backfill,sem,dispose,invert,depth"
DRA481,DRA478,Excavate trenches to grub up existing pipes; backfill with SEM; dispose of surplus off site; depth to invert:; depth to invert: 3.5 - 3.75 m,m,Drainage,Pipework,203.64,Drainage!O533,203.64,Drainage!A533,Drainage,"excavate,trench,pipe,backfill,sem,dispose,invert,depth"
DRA482,DRA479,Excavate trenches to grub up existing pipes; backfill with SEM; dispose of surplus off site; depth to invert:; depth to invert: 3.75 - 4 m,m,Drainage,Pipework,217.04,Drainage!O534,217.04,Drainage!A534,Drainage,"excavate,trench,pipe,backfill,sem,dispose,invert,depth"
DRA483,DRA480,Excavate trenches to grub up existing pipes; backfill with SEM; dispose of surplus off site; depth to invert:; depth to invert: 4 - 4.25 m,m,Drainage,Pipework,230.44,Drainage!O535,230.44,Drainage!A535,Drainage,"excavate,trench,pipe,backfill,sem,dispose,invert,depth"
DRA484,DRA481,Excavate trenches to grub up existing pipes; backfill with SEM; dispose of surplus off site; depth to invert:; depth to invert: 4.25 - 4.5 m,m,Drainage,Pipework,243.84,Drainage!O536,243.84,Drainage!A536,Drainage,"excavate,trench,pipe,backfill,sem,dispose,invert,depth"
DRA485,DRA482,Excavate trenches to grub up existing pipes; backfill with SEM; dispose of surplus off site; depth to invert:; depth to invert: 4.5 - 4.75 m,m,Drainage,Pipework,257.24,Drainage!O537,257.24,Drainage!A537,Drainage,"excavate,trench,pipe,backfill,sem,dispose,invert,depth"
DRA486,DRA483,Excavate trenches to grub up existing pipes; backfill with SEM; dispose of surplus off site; depth to invert:; depth to invert: 4.75 - 5 m,m,Drainage,Pipework,270.64,Drainage!O538,270.64,Drainage!A538,Drainage,"excavate,trench,pipe,backfill,sem,dispose,invert,depth"
DRA487,DRA484,Excavate trenches to grub up existing pipes; backfill with SEM; dispose of surplus off site; depth to invert:; depth to invert: 5 - 5.25 m,m,Drainage,Pipework,284.04,Drainage!O539,284.04,Drainage!A539,Drainage,"excavate,trench,pipe,backfill,sem,dispose,invert,depth"
DRA488,DRA485,Excavate trenches to grub up existing pipes; backfill with SEM; dispose of surplus off site; depth to invert:; depth to invert: 5.25 - 5.5 m,m,Drainage,Pipework,297.43,Drainage!O540,297.43,Drainage!A540,Drainage,"excavate,trench,pipe,backfill,sem,dispose,invert,depth"
DRA489,DRA486,Excavate trenches to grub up existing pipes; backfill with SEM; dispose of surplus off site; depth to invert:; depth to invert: 5.5 - 5.75 m,m,Drainage,Pipework,310.83,Drainage!O541,310.83,Drainage!A541,Drainage,"excavate,trench,pipe,backfill,sem,dispose,invert,depth"
DRA490,DRA487,Excavate trenches to grub up existing pipes; backfill with SEM; dispose of surplus off site; depth to invert:; depth to invert: 5.75 - 6 m,m,Drainage,Pipework,324.23,Drainage!O542,324.23,Drainage!A542,Drainage,"excavate,trench,pipe,backfill,sem,dispose,invert,depth"
DRA491,DRA488,Excavate trenches to grub up existing drains; backfill with Type 1; dispose of surplus off site; depth to invert:; depth to invert: not exceeding 0.5 m,m,Drainage,Excavation,34.3,Drainage!O544,34.3,Drainage!A544,Drainage,"excavate,trench,backfill,dispose,invert,depth"
DRA492,DRA489,Excavate trenches to grub up existing drains; backfill with Type 1; dispose of surplus off site; depth to invert:; depth to invert: 0.5 - 0.75 m,m,Drainage,Excavation,49.66,Drainage!O545,49.66,Drainage!A545,Drainage,"excavate,trench,backfill,dispose,invert,depth"
DRA493,DRA490,Excavate trenches to grub up existing drains; backfill with Type 1; dispose of surplus off site; depth to invert:; depth to invert: 0.75 - 1 m,m,Drainage,Excavation,65.01,Drainage!O546,65.01,Drainage!A546,Drainage,"excavate,trench,backfill,dispose,invert,depth"
DRA494,DRA491,Excavate trenches to grub up existing drains; backfill with Type 1; dispose of surplus off site; depth to invert:; depth to invert: 1 - 1.25 m,m,Drainage,Excavation,91.0,Drainage!O547,91.0,Drainage!A547,Drainage,"excavate,trench,backfill,dispose,invert,depth"
DRA495,DRA492,Excavate trenches to grub up existing drains; backfill with Type 1; dispose of surplus off site; depth to invert:; depth to invert: 1.25 - 1.5 m,m,Drainage,Excavation,108.48,Drainage!O548,108.48,Drainage!A548,Drainage,"excavate,trench,backfill,dispose,invert,depth"
DRA496,DRA493,Excavate trenches to grub up existing drains; backfill with Type 1; dispose of surplus off site; depth to invert:; depth to invert: 1.5 - 1.75 m,m,Drainage,Excavation,237.04,Drainage!O549,237.04,Drainage!A549,Drainage,"excavate,trench,backfill,dispose,invert,depth"
DRA497,DRA494,Excavate trenches to grub up existing drains; backfill with Type 1; dispose of surplus off site; depth to invert:; depth to invert: 1.75 - 2 m,m,Drainage,Excavation,269.88,Drainage!O550,269.88,Drainage!A550,Drainage,"excavate,trench,backfill,dispose,invert,depth"
DRA498,DRA495,Excavate trenches to grub up existing drains; backfill with Type 1; dispose of surplus off site; depth to invert:; depth to invert: 2 - 2.25 m,m,Drainage,Excavation,302.72,Drainage!O551,302.72,Drainage!A551,Drainage,"excavate,trench,backfill,dispose,invert,depth"
DRA499,DRA496,Excavate trenches to grub up existing drains; backfill with Type 1; dispose of surplus off site; depth to invert:; depth to invert: 2.25 - 2.5 m,m,Drainage,Excavation,335.55,Drainage!O552,335.55,Drainage!A552,Drainage,"excavate,trench,backfill,dispose,invert,depth"
DRA500,DRA497,Excavate trenches to grub up existing drains; backfill with Type 1; dispose of surplus off site; depth to invert:; depth to invert: 2.5 - 2.75 m,m,Drainage,Excavation,380.18,Drainage!O553,380.18,Drainage!A553,Drainage,"excavate,trench,backfill,dispose,invert,depth"
DRA501,DRA498,Excavate trenches to grub up existing drains; backfill with Type 1; dispose of surplus off site; depth to invert:; depth to invert: 2.75 - 3 m,m,Drainage,Excavation,414.17,Drainage!O554,414.17,Drainage!A554,Drainage,"excavate,trench,backfill,dispose,invert,depth"
DRA502,DRA499,Excavate trenches to grub up existing drains; backfill with Type 1; dispose of surplus off site; depth to invert:; depth to invert: 3 - 3.25 m,m,Drainage,Excavation,722.46,Drainage!O555,722.46,Drainage!A555,Drainage,"excavate,trench,backfill,dispose,invert,depth"
DRA503,DRA500,Excavate trenches to grub up existing drains; backfill with Type 1; dispose of surplus off site; depth to invert:; depth to invert: 3.25 - 3.5 m,m,Drainage,Excavation,777.21,Drainage!O556,777.21,Drainage!A556,Drainage,"excavate,trench,backfill,dispose,invert,depth"
DRA504,DRA501,Excavate trenches to grub up existing drains; backfill with Type 1; dispose of surplus off site; depth to invert:; depth to invert: 3.5 - 3.75 m,m,Drainage,Excavation,831.97,Drainage!O557,831.97,Drainage!A557,Drainage,"excavate,trench,backfill,dispose,invert,depth"
DRA505,DRA502,Excavate trenches to grub up existing drains; backfill with Type 1; dispose of surplus off site; depth to invert:; depth to invert: 3.75 - 4 m,m,Drainage,Excavation,886.72,Drainage!O558,886.72,Drainage!A558,Drainage,"excavate,trench,backfill,dispose,invert,depth"
DRA506,DRA503,Excavate trenches to grub up existing drains; backfill with Type 1; dispose of surplus off site; depth to invert:; depth to invert: 4 - 4.25 m,m,Drainage,Excavation,941.48,Drainage!O559,941.48,Drainage!A559,Drainage,"excavate,trench,backfill,dispose,invert,depth"
DRA507,DRA504,Excavate trenches to grub up existing drains; backfill with Type 1; dispose of surplus off site; depth to invert:; depth to invert: 4.25 - 4.5 m,m,Drainage,Excavation,996.24,Drainage!O560,996.24,Drainage!A560,Drainage,"excavate,trench,backfill,dispose,invert,depth"
DRA508,DRA505,Excavate trenches to grub up existing drains; backfill with Type 1; dispose of surplus off site; depth to invert:; depth to invert: 4.5 - 4.75 m,m,Drainage,Excavation,1050.99,Drainage!O561,1050.99,Drainage!A561,Drainage,"excavate,trench,backfill,dispose,invert,depth"
DRA509,DRA506,Excavate trenches to grub up existing drains; backfill with Type 1; dispose of surplus off site; depth to invert:; depth to invert: 4.75 - 5 m,m,Drainage,Excavation,1105.75,Drainage!O562,1105.75,Drainage!A562,Drainage,"excavate,trench,backfill,dispose,invert,depth"
DRA510,DRA507,Excavate trenches to grub up existing drains; backfill with Type 1; dispose of surplus off site; depth to invert:; depth to invert: 5 - 5.25 m,m,Drainage,Excavation,1160.5,Drainage!O563,1160.5,Drainage!A563,Drainage,"excavate,trench,backfill,dispose,invert,depth"
DRA511,DRA508,Excavate trenches to grub up existing drains; backfill with Type 1; dispose of surplus off site; depth to invert:; depth to invert: 5.25 - 5.5 m,m,Drainage,Excavation,1215.26,Drainage!O564,1215.26,Drainage!A564,Drainage,"excavate,trench,backfill,dispose,invert,depth"
DRA512,DRA509,Excavate trenches to grub up existing drains; backfill with Type 1; dispose of surplus off site; depth to invert:; depth to invert: 5.5 - 5.75 m,m,Drainage,Excavation,1270.02,Drainage!O565,1270.02,Drainage!A565,Drainage,"excavate,trench,backfill,dispose,invert,depth"
DRA513,DRA510,Excavate trenches to grub up existing drains; backfill with Type 1; dispose of surplus off site; depth to invert:; depth to invert: 5.75 - 6 m,m,Drainage,Excavation,1324.77,Drainage!O566,1324.77,Drainage!A566,Drainage,"excavate,trench,backfill,dispose,invert,depth"
DRA514,DRA511,Excavate trenches to grub up existing drains; backfill with Type 1; dispose of surplus off site; depth to invert:; depth to invert: 6 - 6.25 m,m,Drainage,Excavation,1379.53,Drainage!O567,1379.53,Drainage!A567,Drainage,"excavate,trench,backfill,dispose,invert,depth"
DRA515,DRA512,"Excavate pits to grub up existing manholes, size ne 1.2m dia; backfill with Type 1; dispose of surplus off site; depth to invert:; depth to invert: not exceeding 0.5 m",m,Drainage,Manholes,112.88,Drainage!O569,112.88,Drainage!A569,Drainage,"excavate,backfill,dispose,manhole,invert,depth"
DRA516,DRA513,"Excavate pits to grub up existing manholes, size ne 1.2m dia; backfill with Type 1; dispose of surplus off site; depth to invert:; depth to invert: 0.5 - 0.75 m",m,Drainage,Manholes,169.32,Drainage!O570,169.32,Drainage!A570,Drainage,"excavate,backfill,dispose,manhole,invert,depth"
DRA517,DRA514,"Excavate pits to grub up existing manholes, size ne 1.2m dia; backfill with Type 1; dispose of surplus off site; depth to invert:; depth to invert: 0.75 - 1 m",m,Drainage,Manholes,225.76,Drainage!O571,225.76,Drainage!A571,Drainage,"excavate,backfill,dispose,manhole,invert,depth"
DRA518,DRA515,"Excavate pits to grub up existing manholes, size ne 1.2m dia; backfill with Type 1; dispose of surplus off site; depth to invert:; depth to invert: 1 - 1.25 m",m,Drainage,Manholes,282.2,Drainage!O572,282.2,Drainage!A572,Drainage,"excavate,backfill,dispose,manhole,invert,depth"
DRA519,DRA516,"Excavate pits to grub up existing manholes, size ne 1.2m dia; backfill with Type 1; dispose of surplus off site; depth to invert:; depth to invert: 1.25 - 1.5 m",m,Drainage,Manholes,338.64,Drainage!O573,338.64,Drainage!A573,Drainage,"excavate,backfill,dispose,manhole,invert,depth"
DRA520,DRA517,"Excavate pits to grub up existing manholes, size ne 1.2m dia; backfill with Type 1; dispose of surplus off site; depth to invert:; depth to invert: 1.5 - 1.75 m",m,Drainage,Manholes,395.08,Drainage!O574,395.08,Drainage!A574,Drainage,"excavate,backfill,dispose,manhole,invert,depth"
DRA521,DRA518,"Excavate pits to grub up existing manholes, size ne 1.2m dia; backfill with Type 1; dispose of surplus off site; depth to invert:; depth to invert: 1.75 - 2 m",m,Drainage,Manholes,451.52,Drainage!O575,451.52,Drainage!A575,Drainage,"excavate,backfill,dispose,manhole,invert,depth"
DRA522,DRA519,"Excavate pits to grub up existing manholes, size ne 1.2m dia; backfill with Type 1; dispose of surplus off site; depth to invert:; depth to invert: 2 - 2.25 m",m,Drainage,Manholes,507.96,Drainage!O576,507.96,Drainage!A576,Drainage,"excavate,backfill,dispose,manhole,invert,depth"
DRA523,DRA520,"Excavate pits to grub up existing manholes, size ne 1.2m dia; backfill with Type 1; dispose of surplus off site; depth to invert:; depth to invert: 2.25 - 2.5 m",m,Drainage,Manholes,564.4,Drainage!O577,564.4,Drainage!A577,Drainage,"excavate,backfill,dispose,manhole,invert,depth"
DRA524,DRA521,"Excavate pits to grub up existing manholes, size ne 1.2m dia; backfill with Type 1; dispose of surplus off site; depth to invert:; depth to invert: 2.5 - 2.75 m",m,Drainage,Manholes,620.84,Drainage!O578,620.84,Drainage!A578,Drainage,"excavate,backfill,dispose,manhole,invert,depth"
DRA525,DRA522,"Excavate pits to grub up existing manholes, size ne 1.2m dia; backfill with Type 1; dispose of surplus off site; depth to invert:; depth to invert: 2.75 - 3 m",m,Drainage,Manholes,677.28,Drainage!O579,677.28,Drainage!A579,Drainage,"excavate,backfill,dispose,manhole,invert,depth"
DRA526,DRA523,Grout existing redundant drain runs; pipe size:; 100mm dia,m,Drainage,Pipework,4.59,Drainage!O581,4.59,Drainage!A581,Drainage,"100mm,pipe"
DRA527,DRA524,Grout existing redundant drain runs; pipe size:; 150mm dia,m,Drainage,Pipework,7.14,Drainage!O582,7.14,Drainage!A582,Drainage,"150mm,pipe"
DRA528,DRA525,Grout existing redundant drain runs; pipe size:; 225mm dia,m,Drainage,Pipework,12.44,Drainage!O583,12.44,Drainage!A583,Drainage,"225mm,pipe"
DRA529,DRA526,Grout existing redundant drain runs; pipe size:; 300mm dia,m,Drainage,Pipework,18.48,Drainage!O584,18.48,Drainage!A584,Drainage,"300mm,pipe"
DRA530,DRA527,Grout existing redundant drain runs; pipe size:; 450mm dia,m,Drainage,Pipework,33.55,Drainage!O585,33.55,Drainage!A585,Drainage,"450mm,pipe"
DRA531,DRA528,Grout existing redundant drain runs; pipe size:; 600mm dia,m,Drainage,Pipework,53.4,Drainage!O586,53.4,Drainage!A586,Drainage,"600mm,pipe"
DRA532,DRA529,EO drain trenches for breaking out existing tarmac road surface & reinstating on completion; provisional,item,Drainage,General Drainage,160.68,Drainage!O588,160.68,Drainage!A588,Drainage,trench
DRA533,DRA530,EO manhole for breaking out existing tarmac road surface & reinstating on completion; provisional,item,Drainage,Manholes,1124.79,Drainage!O589,1124.79,Drainage!A589,Drainage,manhole
DRA534,DRA531,EO drain trenches for breaking out existing tarmac footpath surface & reinstating on completion; provisional,item,Drainage,General Drainage,89.42,Drainage!O590,89.42,Drainage!A590,Drainage,trench
DRA535,DRA532,"Soft spots, inc excavate, backfill with Type 6F2 & dispose off site",item,Drainage,Excavation,93.3,Drainage!O591,93.3,Drainage!A591,Drainage,"excavate,backfill,dispose"
DRA536,DRA533,EO drain trenches for breaking out underground obstructions; reinforced concrete,item,Drainage,General Drainage,69.98,Drainage!O592,69.98,Drainage!A592,Drainage,trench
DRA537,DRA534,EO drain trenches for breaking out underground obstructions; plain concrete,item,Drainage,General Drainage,50.89,Drainage!O593,50.89,Drainage!A593,Drainage,trench
DRA538,DRA535,EO drain trenches for breaking out underground obstructions; rock,item,Drainage,General Drainage,37.32,Drainage!O594,37.32,Drainage!A594,Drainage,trench
DRA539,DRA536,EO drain trenches for breaking out underground obstructions; brickwork,item,Drainage,General Drainage,37.32,Drainage!O595,37.32,Drainage!A595,Drainage,trench
DRA540,DRA537,EO drain trenches for excavating through Geogrid TX160 and reinstate on completion of backfill,item,Drainage,Excavation,10.4,Drainage!O596,10.4,Drainage!A596,Drainage,"trench,backfill"
DRA541,DRA538,EO for installing a lintol in foundations over drain pipe (max 1.2m lg),item,Drainage,Pipework,75.39,Drainage!O597,75.39,Drainage!A597,Drainage,pipe
DRA542,DRA539,EO for sleeving pipe through concrete foundation (max 1.2m thk),item,Drainage,Pipework,60.06,Drainage!O598,60.06,Drainage!A598,Drainage,pipe
DRA543,DRA540,EO for sleeving pipe through concrete foundation and waterproofing around sleeve,item,Drainage,Pipework,89.56,Drainage!O599,89.56,Drainage!A599,Drainage,pipe
DRA544,DRA541,EO for CI sleeve and Ensign puddle flange ED078 through concrete foundation and waterproofing around sleeve,item,Drainage,General Drainage,180.64,Drainage!O600,180.64,Drainage!A600,Drainage,
DRA545,DRA542,Dispose surface water,item,Drainage,General Drainage,0.0,,0.0,Drainage!A601,Drainage,dispose
DRA546,DRA543,Dispose ground water,item,Drainage,General Drainage,1728.19,Drainage!O602,1728.19,Drainage!A602,Drainage,dispose
DRA547,DRA542,Dispose ground water,item,Drainage,General Drainage,345.64,Drainage!O603,345.64,Drainage!A603,Drainage,dispose
DRA548,DRA543,Dispose ground water,item,Drainage,General Drainage,518.46,Drainage!O604,518.46,Drainage!A604,Drainage,dispose
DRA549,DRA544,Dispose ground water,item,Drainage,General Drainage,864.09,Drainage!O605,864.09,Drainage!A605,Drainage,dispose
DRA550,DRA545,Dispose ground water,item,Drainage,General Drainage,8640.93,Drainage!O606,8640.93,Drainage!A606,Drainage,dispose
DRA551,DRA546,GW pump and settlement tank; 24/7 working (SW),item,Drainage,General Drainage,1001.22,Drainage!O607,1001.22,Drainage!A607,Drainage,
DRA552,DRA547,EO disposal of arisings from trenches for non hazardous material (prov),item,Drainage,General Drainage,76.35,Drainage!O608,76.35,Drainage!A608,Drainage,trench
DRA553,DRA548,EO disposal of arisings from trenches for hazardous material (prov),item,Drainage,General Drainage,347.06,Drainage!O609,347.06,Drainage!A609,Drainage,trench
DRA554,DRA549,EO excs for exc below grd water level (prov),item,Drainage,General Drainage,17.96,Drainage!O610,17.96,Drainage!A610,Drainage,
DRA555,DRA550,EO excs for exc next to extg services (prov),item,Drainage,General Drainage,11.34,Drainage!O611,11.34,Drainage!A611,Drainage,
DRA556,DRA551,EO excs for exc around extg services crossing trench (prov),item,Drainage,General Drainage,35.2,Drainage!O612,35.2,Drainage!A612,Drainage,trench
DRA557,DRA552,EO land drain trench for 1000 wide turfguard & 150 topsoil,item,Drainage,General Drainage,37.93,Drainage!O613,37.93,Drainage!A613,Drainage,trench
DRA558,DRA553,EO for warning tape,item,Drainage,General Drainage,0.53,Drainage!O614,0.53,Drainage!A614,Drainage,
DRA559,DRA554,EO for metal/magnetic warning tape,item,Drainage,General Drainage,0.73,Drainage!O615,0.73,Drainage!A615,Drainage,
DRA560,DRA555,EO for 50mm concrete flags laid in trench as protection,item,Drainage,General Drainage,13.82,Drainage!O616,13.82,Drainage!A616,Drainage,"50mm,trench"
DRA561,DRA556,"EO drain trenches for working outside the site boundary; EO trenches, backfill, beds, surrounds & pipes to Project Specification for works to specification suitable for adoption",m,Drainage,Pipework,0.0,,0.0,Drainage!A619,Drainage,"trench,pipe,backfill"
DRA562,DRA557,EO drain trenches for working outside the site boundary; Installing heras fencing / barriers around open trenches,m,Drainage,General Drainage,0.0,,0.0,Drainage!A620,Drainage,trench
DRA563,DRA558,EO drain trenches for working outside the site boundary; Installing road plates over open trenches,m,Drainage,General Drainage,0.0,,0.0,Drainage!A621,Drainage,trench
DRA564,DRA559,EO drain trenches for working outside the site boundary; Traffic management scheme,m,Drainage,General Drainage,0.0,,0.0,Drainage!A622,Drainage,trench
DRA565,DRA560,EO drain trenches for working outside the site boundary; Pedestrian management scheme,m,Drainage,General Drainage,0.0,,0.0,Drainage!A623,Drainage,trench
DRA566,DRA561,"EO drain trenches for working outside the site boundary; Apply, obtain & install partial road closure",m,Drainage,General Drainage,0.0,,0.0,Drainage!A624,Drainage,trench
DRA567,DRA562,"EO drain trenches for working outside the site boundary; Apply, obtain & install road closure",m,Drainage,General Drainage,0.0,,0.0,Drainage!A625,Drainage,trench
DRA568,DRA563,EO drain trenches for working outside the site boundary; Licences/Fees/Liason with Statutory Authorities,m,Drainage,General Drainage,0.0,,0.0,Drainage!A626,Drainage,trench
DRA569,DRA564,EO drain trenches for working outside the site boundary; Excavate heading including shoring sides and soffit as the work progresses; backfill on completion with Type 1 granular fill,m,Drainage,Excavation,2474.18,Drainage!O629,2474.18,Drainage!A629,Drainage,"excavate,trench,backfill"
DRA570,DRA565,"EO drain trenches for working outside the site boundary; Excavate access shaft; 3 x 3 x 4m dp; backfill on completion, including temporary propping and shoring",m,Drainage,Excavation,6153.47,Drainage!O630,6153.47,Drainage!A630,Drainage,"excavate,trench,backfill"
DRA571,DRA597,Reinforced concrete in hanging beams:; Concrete & rebar in surround to hanging pipes,m,Drainage,Pipework,442.51,Drainage!O668,442.51,Drainage!A668,Drainage,pipe
DRA572,DRA598,Reinforced concrete in hanging beams:; Concrete & rebar in surround to hanging pipes; to 100dia; 400 wide x 550 deep,m,Drainage,Pipework,97.35,Drainage!O669,97.35,Drainage!A669,Drainage,pipe
DRA573,DRA599,Reinforced concrete in hanging beams:; Concrete & rebar in surround to hanging pipes; to 150dia; 450 wide x 600 deep,m,Drainage,Pipework,119.48,Drainage!O670,119.48,Drainage!A670,Drainage,pipe
DRA574,DRA599,"Pipework, accessories & fittings; clay; 100mm dia pipe",m,Drainage,Pipework,22.15,Drainage!O673,22.15,Drainage!A673,Drainage,"100mm,pipe"
DRA575,DRA600,"Pipework, accessories & fittings; clay; 100mm dia pipe; perforated",m,Drainage,Pipework,29.11,Drainage!O674,29.11,Drainage!A674,Drainage,"100mm,pipe"
DRA576,DRA601,"Pipework, accessories & fittings; clay; 100mm dia; bend",m,Drainage,Pipework,27.75,Drainage!O675,27.75,Drainage!A675,Drainage,"100mm,pipe"
DRA577,DRA602,"Pipework, accessories & fittings; clay; 100mm dia; rest bend",m,Drainage,Pipework,51.81,Drainage!O676,51.81,Drainage!A676,Drainage,"100mm,pipe"
DRA578,DRA603,"Pipework, accessories & fittings; clay; 100mm dia; rocker",m,Drainage,Pipework,20.7,Drainage!O677,20.7,Drainage!A677,Drainage,"100mm,pipe"
DRA579,DRA604,"Pipework, accessories & fittings; clay; 100mm dia; vertical pipework",m,Drainage,Pipework,31.76,Drainage!O678,31.76,Drainage!A678,Drainage,"100mm,pipe"
DRA580,DRA605,"Pipework, accessories & fittings; clay; 100mm dia; vertical pipework; inc conc surround",m,Drainage,Pipework,83.06,Drainage!O679,83.06,Drainage!A679,Drainage,"100mm,pipe"
DRA581,DRA606,"Pipework, accessories & fittings; clay; 100 x 100 branch",m,Drainage,Pipework,60.74,Drainage!O680,60.74,Drainage!A680,Drainage,pipe
DRA582,DRA607,"Pipework, accessories & fittings; clay; 100mm dia; interceptor trap c/w stopper",m,Drainage,Pipework,258.71,Drainage!O681,258.71,Drainage!A681,Drainage,"100mm,pipe"
DRA583,DRA608,"Pipework, accessories & fittings; clay; RWP connections; RW adaptor/vert pipe/rest bend",m,Drainage,Pipework,108.16,Drainage!O682,108.16,Drainage!A682,Drainage,pipe
DRA584,DRA609,"Pipework, accessories & fittings; clay; SVP/WC connections; Soil pipe adaptor/vert pipe/rest bend",m,Drainage,Pipework,108.16,Drainage!O683,108.16,Drainage!A683,Drainage,pipe
DRA585,DRA610,"Pipework, accessories & fittings; clay; Waste pipe connection; Waste connector/vert pipe/rest bend",m,Drainage,Pipework,88.48,Drainage!O684,88.48,Drainage!A684,Drainage,pipe
DRA586,DRA611,"Pipework, accessories & fittings; clay; Adaptor; S/S to Hepsleve",m,Drainage,Pipework,27.57,Drainage!O685,27.57,Drainage!A685,Drainage,pipe
DRA587,DRA612,"Pipework, accessories & fittings; clay; Adaptor; waste pipes; 32-82 dia",m,Drainage,Pipework,18.15,Drainage!O686,18.15,Drainage!A686,Drainage,pipe
DRA588,DRA613,"Pipework, accessories & fittings; clay; Adaptor; Soil / RW / WC-S/trap / CI & UPVC adaptor; 76/110 dia",m,Drainage,Pipework,27.57,Drainage!O687,27.57,Drainage!A687,Drainage,pipe
DRA589,DRA614,"Pipework, accessories & fittings; clay; Adaptor; WC pan horizontal connector",m,Drainage,Pipework,27.57,Drainage!O688,27.57,Drainage!A688,Drainage,pipe
DRA590,DRA615,"Pipework, accessories & fittings; clay; Adaptor; 100 dia End cap/Stopper",m,Drainage,Pipework,19.0,Drainage!O689,19.0,Drainage!A689,Drainage,pipe
DRA591,DRA616,"Pipework, accessories & fittings; clay; Adaptor; 100 dia lever locking stopper; IL1",m,Drainage,Pipework,132.0,Drainage!O690,132.0,Drainage!A690,Drainage,pipe
DRA592,DRA617,"Pipework, accessories & fittings; clay; Gully diffuser unit; connection to SUDS",m,Drainage,Gullies,139.46,Drainage!O691,139.46,Drainage!A691,Drainage,pipe
DRA593,DRA618,"Pipework, accessories & fittings; clay; Square gully; 100dia; 150sq plastic grid; SG2/1",m,Drainage,Gullies,156.4,Drainage!O692,156.4,Drainage!A692,Drainage,pipe
DRA594,DRA619,"Pipework, accessories & fittings; clay; Inlet gully; SDG3/1",m,Drainage,Gullies,194.87,Drainage!O693,194.87,Drainage!A693,Drainage,pipe
DRA595,DRA620,"Pipework, accessories & fittings; clay; Paved area gully; SDG2/1",m,Drainage,Gullies,172.65,Drainage!O694,172.65,Drainage!A694,Drainage,pipe
DRA596,DRA621,"Pipework, accessories & fittings; clay; Access gully; SG3/1",m,Drainage,Gullies,163.33,Drainage!O695,163.33,Drainage!A695,Drainage,pipe
DRA597,DRA622,"Pipework, accessories & fittings; clay; Yard gully; 225 dia x 585 dp x 100 outlet; LD G&F; RGP5",m,Drainage,Gullies,404.31,Drainage!O696,404.31,Drainage!A696,Drainage,pipe
DRA598,DRA623,"Pipework, accessories & fittings; clay; Yard gully; 225 dia x 585 dp x 100 outlet; MD G&F; RGP6",m,Drainage,Gullies,496.74,Drainage!O697,496.74,Drainage!A697,Drainage,pipe
DRA599,DRA624,"Pipework, accessories & fittings; clay; Rodding point; SRP1/1",m,Drainage,Pipework,140.68,Drainage!O698,140.68,Drainage!A698,Drainage,pipe
DRA600,DRA625,"Pipework, accessories & fittings; clay; Access pipe/bend/junction, with 3 raising pieces (max 300mm), lid & frame",m,Drainage,Pipework,357.58,Drainage!O699,357.58,Drainage!A699,Drainage,"300mm,pipe"
DRA601,DRA626,"Pipework, accessories & fittings; clay; Antiflood valve, Eurofix 110/160; 100 dia; QE1",m,Drainage,Pipework,443.68,Drainage!O700,443.68,Drainage!A700,Drainage,pipe
DRA602,DRA627,"Pipework, accessories & fittings; clay; Antiflood valve, Staufix 110/160; 100 dia; QS1",m,Drainage,Pipework,587.37,Drainage!O701,587.37,Drainage!A701,Drainage,pipe
DRA603,DRA628,"Pipework, accessories & fittings; clay; Sleeve for 100 dia pipe through concrete foundations",m,Drainage,Pipework,25.96,Drainage!O702,25.96,Drainage!A702,Drainage,pipe
DRA604,DRA629,"Pipework, accessories & fittings; clay; Sleeve for 100 dia pipe cast into retaining wall; 300mm thick",m,Drainage,Pipework,59.0,Drainage!O703,59.0,Drainage!A703,Drainage,"300mm,pipe"
DRA605,DRA630,"Pipework, accessories & fittings; clay; Burn hole through sheet pile",m,Drainage,Pipework,35.4,Drainage!O704,35.4,Drainage!A704,Drainage,pipe
DRA606,DRA631,"Pipework, accessories & fittings; clay; 150mm dia pipe",m,Drainage,Pipework,43.72,Drainage!O706,43.72,Drainage!A706,Drainage,"150mm,pipe"
DRA607,DRA632,"Pipework, accessories & fittings; clay; 150mm dia pipe; perforated",m,Drainage,Pipework,58.8,Drainage!O707,58.8,Drainage!A707,Drainage,"150mm,pipe"
DRA608,DRA633,"Pipework, accessories & fittings; clay; 150mm dia; bend",m,Drainage,Pipework,62.06,Drainage!O708,62.06,Drainage!A708,Drainage,"150mm,pipe"
DRA609,DRA634,"Pipework, accessories & fittings; clay; 150mm dia; rest bend",m,Drainage,Pipework,83.74,Drainage!O709,83.74,Drainage!A709,Drainage,"150mm,pipe"
DRA610,DRA635,"Pipework, accessories & fittings; clay; 150mm dia; rocker",m,Drainage,Pipework,41.87,Drainage!O710,41.87,Drainage!A710,Drainage,"150mm,pipe"
DRA611,DRA636,"Pipework, accessories & fittings; clay; 150 x 100 branch",m,Drainage,Pipework,95.2,Drainage!O711,95.2,Drainage!A711,Drainage,pipe
DRA612,DRA637,"Pipework, accessories & fittings; clay; 150 x 100 reducer",m,Drainage,Pipework,86.46,Drainage!O712,86.46,Drainage!A712,Drainage,pipe
DRA613,DRA638,"Pipework, accessories & fittings; clay; 150 x 150 branch",m,Drainage,Pipework,105.91,Drainage!O713,105.91,Drainage!A713,Drainage,pipe
DRA614,DRA639,"Pipework, accessories & fittings; clay; 150mm dia; vertical pipework",m,Drainage,Pipework,74.0,Drainage!O714,74.0,Drainage!A714,Drainage,"150mm,pipe"
DRA615,DRA640,"Pipework, accessories & fittings; clay; 150mm dia; vertical pipework; inc conc surround",m,Drainage,Pipework,118.55,Drainage!O715,118.55,Drainage!A715,Drainage,"150mm,pipe"
DRA616,DRA641,"Pipework, accessories & fittings; clay; 150mm dia; interceptor trap c/w stopper",m,Drainage,Pipework,388.17,Drainage!O716,388.17,Drainage!A716,Drainage,"150mm,pipe"
DRA617,DRA642,"Pipework, accessories & fittings; clay; Gully diffuser unit; connection to SUDS",m,Drainage,Gullies,209.85,Drainage!O717,209.85,Drainage!A717,Drainage,pipe
DRA618,DRA643,"Pipework, accessories & fittings; clay; RWP/SVP connections; adaptor/vert pipe/rest bend",m,Drainage,Pipework,167.04,Drainage!O718,167.04,Drainage!A718,Drainage,pipe
DRA619,DRA644,"Pipework, accessories & fittings; clay; 150 dia End cap/Stopper; SS1/2",m,Drainage,Pipework,28.2,Drainage!O719,28.2,Drainage!A719,Drainage,pipe
DRA620,DRA645,"Pipework, accessories & fittings; clay; Adaptor; 150 dia ",m,Drainage,Pipework,54.45,Drainage!O720,54.45,Drainage!A720,Drainage,pipe
DRA621,DRA646,"Pipework, accessories & fittings; clay; Gully with integral inlet & low back trap; SG1/2, SH3/2",m,Drainage,Gullies,237.63,Drainage!O721,237.63,Drainage!A721,Drainage,pipe
DRA622,DRA647,"Pipework, accessories & fittings; clay; Yard gully; 225 dia x 585 dp x 150 outlet; LD G&F; RGP5",m,Drainage,Gullies,450.12,Drainage!O722,450.12,Drainage!A722,Drainage,pipe
DRA623,DRA648,"Pipework, accessories & fittings; clay; Yard gully; 225 dia x 585 dp x 150 outlet; MD G&F; RGP5",m,Drainage,Gullies,556.53,Drainage!O723,556.53,Drainage!A723,Drainage,pipe
DRA624,DRA649,"Pipework, accessories & fittings; clay; Rodding point; SRP1/2, SB2/2",m,Drainage,Pipework,262.06,Drainage!O724,262.06,Drainage!A724,Drainage,pipe
DRA625,DRA650,"Pipework, accessories & fittings; clay; Antiflood valve, Eurofix 110/160; 150 dia; QE2",m,Drainage,Pipework,619.23,Drainage!O725,619.23,Drainage!A725,Drainage,pipe
DRA626,DRA651,"Pipework, accessories & fittings; clay; Sleeve for 150 dia pipe cast into retaining wall; 300mm thick",m,Drainage,Pipework,100.3,Drainage!O726,100.3,Drainage!A726,Drainage,"300mm,pipe"
DRA627,DRA652,"Pipework, accessories & fittings; clay; Seal around sleeve after 150 dia pipe installed in sleeve",m,Drainage,Pipework,90.01,Drainage!O727,90.01,Drainage!A727,Drainage,pipe
DRA628,DRA653,"Pipework, accessories & fittings; clay; 225mm dia pipe",m,Drainage,Pipework,92.95,Drainage!O729,92.95,Drainage!A729,Drainage,"225mm,pipe"
DRA629,DRA654,"Pipework, accessories & fittings; clay; 225mm dia pipe; perforated",m,Drainage,Pipework,98.45,Drainage!O730,98.45,Drainage!A730,Drainage,"225mm,pipe"
DRA630,DRA655,"Pipework, accessories & fittings; clay; 225mm dia; bend",m,Drainage,Pipework,196.1,Drainage!O731,196.1,Drainage!A731,Drainage,"225mm,pipe"
DRA631,DRA656,"Pipework, accessories & fittings; clay; 225mm dia; rest bend",m,Drainage,Pipework,215.29,Drainage!O732,215.29,Drainage!A732,Drainage,"225mm,pipe"
DRA632,DRA657,"Pipework, accessories & fittings; clay; 225mm dia; rocker",m,Drainage,Pipework,47.84,Drainage!O733,47.84,Drainage!A733,Drainage,"225mm,pipe"
DRA633,DRA658,"Pipework, accessories & fittings; clay; 225 x 100/150 branch",m,Drainage,Pipework,268.7,Drainage!O734,268.7,Drainage!A734,Drainage,pipe
DRA634,DRA659,"Pipework, accessories & fittings; clay; 225 x 225 branch",m,Drainage,Pipework,318.36,Drainage!O735,318.36,Drainage!A735,Drainage,pipe
DRA635,DRA660,"Pipework, accessories & fittings; clay; 225 dia End cap/Stopper",m,Drainage,Pipework,54.63,Drainage!O736,54.63,Drainage!A736,Drainage,pipe
DRA636,DRA661,"Pipework, accessories & fittings; clay; 225mm dia; vertical pipework",m,Drainage,Pipework,112.53,Drainage!O737,112.53,Drainage!A737,Drainage,"225mm,pipe"
DRA637,DRA662,"Pipework, accessories & fittings; clay; Antiflood valve; 225 dia",m,Drainage,Pipework,1131.62,Drainage!O738,1131.62,Drainage!A738,Drainage,pipe
DRA638,DRA663,"Pipework, accessories & fittings; clay; Sleeve for 250 dia pipe cast into retaining wall; 300mm thick",m,Drainage,Pipework,129.8,Drainage!O739,129.8,Drainage!A739,Drainage,"300mm,pipe"
DRA639,DRA664,"Pipework, accessories & fittings; clay; 300mm dia pipe",m,Drainage,Pipework,144.58,Drainage!O741,144.58,Drainage!A741,Drainage,"300mm,pipe"
DRA640,DRA665,"Pipework, accessories & fittings; clay; 300mm dia; bend",m,Drainage,Pipework,369.15,Drainage!O742,369.15,Drainage!A742,Drainage,"300mm,pipe"
DRA641,DRA666,"Pipework, accessories & fittings; clay; 300mm dia; rest bend",m,Drainage,Pipework,561.12,Drainage!O743,561.12,Drainage!A743,Drainage,"300mm,pipe"
DRA642,DRA667,"Pipework, accessories & fittings; clay; 300mm dia; rocker",m,Drainage,Pipework,75.31,Drainage!O744,75.31,Drainage!A744,Drainage,"300mm,pipe"
DRA643,DRA668,"Pipework, accessories & fittings; clay; 300 x 100/150 branch",m,Drainage,Pipework,610.21,Drainage!O745,610.21,Drainage!A745,Drainage,pipe
DRA644,DRA669,"Pipework, accessories & fittings; clay; 300 x 225 branch",m,Drainage,Pipework,540.16,Drainage!O746,540.16,Drainage!A746,Drainage,pipe
DRA645,DRA670,"Pipework, accessories & fittings; clay; 300 x 300 branch",m,Drainage,Pipework,679.63,Drainage!O747,679.63,Drainage!A747,Drainage,pipe
DRA646,DRA671,"Pipework, accessories & fittings; concrete; 300mm dia pipe",m,Drainage,Pipework,38.78,Drainage!O750,38.78,Drainage!A750,Drainage,"300mm,pipe"
DRA647,DRA672,"Pipework, accessories & fittings; concrete; 300mm dia; bend",m,Drainage,Pipework,386.22,Drainage!O751,386.22,Drainage!A751,Drainage,"300mm,pipe"
DRA648,DRA673,"Pipework, accessories & fittings; concrete; 300mm dia; rocker",m,Drainage,Pipework,99.34,Drainage!O752,99.34,Drainage!A752,Drainage,"300mm,pipe"
DRA649,DRA674,"Pipework, accessories & fittings; concrete; 300 x 100 branch; saddle connection",m,Drainage,Pipework,93.95,Drainage!O753,93.95,Drainage!A753,Drainage,pipe
DRA650,DRA675,"Pipework, accessories & fittings; concrete; 300 x 150 branch; saddle connection",m,Drainage,Pipework,105.12,Drainage!O754,105.12,Drainage!A754,Drainage,pipe
DRA651,DRA676,"Pipework, accessories & fittings; concrete; 300 x 225 branch; saddle connection",m,Drainage,Pipework,220.59,Drainage!O755,220.59,Drainage!A755,Drainage,pipe
DRA652,DRA677,"Pipework, accessories & fittings; concrete; 300 x 300 branch; saddle connection",m,Drainage,Pipework,339.54,Drainage!O756,339.54,Drainage!A756,Drainage,pipe
DRA653,DRA678,"Pipework, accessories & fittings; concrete; 375mm dia pipe",m,Drainage,Pipework,53.67,Drainage!O758,53.67,Drainage!A758,Drainage,"375mm,pipe"
DRA654,DRA679,"Pipework, accessories & fittings; concrete; 375mm dia bend",m,Drainage,Pipework,493.42,Drainage!O759,493.42,Drainage!A759,Drainage,"375mm,pipe"
DRA655,DRA680,"Pipework, accessories & fittings; concrete; 375mm dia rocker",m,Drainage,Pipework,134.64,Drainage!O760,134.64,Drainage!A760,Drainage,"375mm,pipe"
DRA656,DRA681,"Pipework, accessories & fittings; concrete; 375mm dia end cap",m,Drainage,Pipework,134.64,Drainage!O761,134.64,Drainage!A761,Drainage,"375mm,pipe"
DRA657,DRA682,"Pipework, accessories & fittings; concrete; 375 x 100 branch; saddle connection",m,Drainage,Pipework,93.95,Drainage!O762,93.95,Drainage!A762,Drainage,pipe
DRA658,DRA683,"Pipework, accessories & fittings; concrete; 375 x 150 branch; saddle connection",m,Drainage,Pipework,105.12,Drainage!O763,105.12,Drainage!A763,Drainage,pipe
DRA659,DRA684,"Pipework, accessories & fittings; concrete; 450mm dia pipe",m,Drainage,Pipework,68.22,Drainage!O765,68.22,Drainage!A765,Drainage,"450mm,pipe"
DRA660,DRA685,"Pipework, accessories & fittings; concrete; 450mm dia bend",m,Drainage,Pipework,589.54,Drainage!O766,589.54,Drainage!A766,Drainage,"450mm,pipe"
DRA661,DRA686,"Pipework, accessories & fittings; concrete; 450mm dia rocker",m,Drainage,Pipework,162.98,Drainage!O767,162.98,Drainage!A767,Drainage,"450mm,pipe"
DRA662,DRA687,"Pipework, accessories & fittings; concrete; 450 x 100 branch; saddle connection",m,Drainage,Pipework,93.95,Drainage!O768,93.95,Drainage!A768,Drainage,pipe
DRA663,DRA688,"Pipework, accessories & fittings; concrete; 450 x 150 branch; saddle connection",m,Drainage,Pipework,105.12,Drainage!O769,105.12,Drainage!A769,Drainage,pipe
DRA664,DRA689,"Pipework, accessories & fittings; concrete; 525mm dia pipe",m,Drainage,Pipework,91.28,Drainage!O771,91.28,Drainage!A771,Drainage,"525mm,pipe"
DRA665,DRA690,"Pipework, accessories & fittings; concrete; 525mm dia bend",m,Drainage,Pipework,770.39,Drainage!O772,770.39,Drainage!A772,Drainage,"525mm,pipe"
DRA666,DRA691,"Pipework, accessories & fittings; concrete; 525mm dia rocker",m,Drainage,Pipework,224.24,Drainage!O773,224.24,Drainage!A773,Drainage,"525mm,pipe"
DRA667,DRA692,"Pipework, accessories & fittings; concrete; 525 x 100 branch; saddle connection",m,Drainage,Pipework,93.95,Drainage!O774,93.95,Drainage!A774,Drainage,pipe
DRA668,DRA693,"Pipework, accessories & fittings; concrete; 525 x 150 branch; saddle connection",m,Drainage,Pipework,105.12,Drainage!O775,105.12,Drainage!A775,Drainage,pipe
DRA669,DRA694,"Pipework, accessories & fittings; concrete; 600mm dia pipe",m,Drainage,Pipework,108.69,Drainage!O777,108.69,Drainage!A777,Drainage,"600mm,pipe"
DRA670,DRA695,"Pipework, accessories & fittings; concrete; 600mm dia bend",m,Drainage,Pipework,969.57,Drainage!O778,969.57,Drainage!A778,Drainage,"600mm,pipe"
DRA671,DRA696,"Pipework, accessories & fittings; concrete; 600mm dia rocker",m,Drainage,Pipework,282.9,Drainage!O779,282.9,Drainage!A779,Drainage,"600mm,pipe"
DRA672,DRA697,"Pipework, accessories & fittings; concrete; 600mm dia End cap/Stopper",m,Drainage,Pipework,287.86,Drainage!O780,287.86,Drainage!A780,Drainage,"600mm,pipe"
DRA673,DRA698,"Pipework, accessories & fittings; concrete; 600 x 100 branch; saddle connection",m,Drainage,Pipework,93.95,Drainage!O781,93.95,Drainage!A781,Drainage,pipe
DRA674,DRA699,"Pipework, accessories & fittings; concrete; 600 x 150 branch; saddle connection",m,Drainage,Pipework,105.12,Drainage!O782,105.12,Drainage!A782,Drainage,pipe
DRA675,DRA700,"Pipework, accessories & fittings; concrete; 675mm dia pipe",m,Drainage,Pipework,184.78,Drainage!O784,184.78,Drainage!A784,Drainage,"675mm,pipe"
DRA676,DRA701,"Pipework, accessories & fittings; concrete; 675mm dia bend",m,Drainage,Pipework,1575.98,Drainage!O785,1575.98,Drainage!A785,Drainage,"675mm,pipe"
DRA677,DRA702,"Pipework, accessories & fittings; concrete; 675mm dia rocker",m,Drainage,Pipework,455.35,Drainage!O786,455.35,Drainage!A786,Drainage,"675mm,pipe"
DRA678,DRA703,"Pipework, accessories & fittings; concrete; 675 x 100 branch; saddle connection",m,Drainage,Pipework,93.95,Drainage!O787,93.95,Drainage!A787,Drainage,pipe
DRA679,DRA704,"Pipework, accessories & fittings; concrete; 675 x 150 branch; saddle connection",m,Drainage,Pipework,105.12,Drainage!O788,105.12,Drainage!A788,Drainage,pipe
DRA680,DRA705,"Pipework, accessories & fittings; concrete; 750mm dia pipe",m,Drainage,Pipework,200.61,Drainage!O790,200.61,Drainage!A790,Drainage,"750mm,pipe"
DRA681,DRA706,"Pipework, accessories & fittings; concrete; 750mm dia bend",m,Drainage,Pipework,1813.37,Drainage!O791,1813.37,Drainage!A791,Drainage,"750mm,pipe"
DRA682,DRA707,"Pipework, accessories & fittings; concrete; 750mm dia rocker",m,Drainage,Pipework,501.67,Drainage!O792,501.67,Drainage!A792,Drainage,"750mm,pipe"
DRA683,DRA708,"Pipework, accessories & fittings; concrete; 750 x 100/150 branch; fast fit junctions",m,Drainage,Pipework,369.67,Drainage!O793,369.67,Drainage!A793,Drainage,pipe
DRA684,DRA709,"Pipework, accessories & fittings; concrete; 750 x 100 branch; saddle connection",m,Drainage,Pipework,93.95,Drainage!O794,93.95,Drainage!A794,Drainage,pipe
DRA685,DRA710,"Pipework, accessories & fittings; concrete; 750 x 150 branch; saddle connection",m,Drainage,Pipework,105.12,Drainage!O795,105.12,Drainage!A795,Drainage,pipe
DRA686,DRA711,"Pipework, accessories & fittings; concrete; 900mm dia pipe",m,Drainage,Pipework,267.68,Drainage!O797,267.68,Drainage!A797,Drainage,"900mm,pipe"
DRA687,DRA712,"Pipework, accessories & fittings; concrete; 900mm dia bend",m,Drainage,Pipework,2421.36,Drainage!O798,2421.36,Drainage!A798,Drainage,"900mm,pipe"
DRA688,DRA713,"Pipework, accessories & fittings; concrete; 900mm dia rocker",m,Drainage,Pipework,669.59,Drainage!O799,669.59,Drainage!A799,Drainage,"900mm,pipe"
DRA689,DRA714,"Pipework, accessories & fittings; concrete; 900 x 100 branch; saddle connection",m,Drainage,Pipework,93.95,Drainage!O800,93.95,Drainage!A800,Drainage,pipe
DRA690,DRA715,"Pipework, accessories & fittings; concrete; 900 x 150 branch; saddle connection",m,Drainage,Pipework,105.12,Drainage!O801,105.12,Drainage!A801,Drainage,pipe
DRA691,DRA716,"Pipework, accessories & fittings; concrete; 1050mm dia pipe",m,Drainage,Pipework,373.4,Drainage!O803,373.4,Drainage!A803,Drainage,"1050mm,pipe"
DRA692,DRA717,"Pipework, accessories & fittings; concrete; 1050mm dia bend",m,Drainage,Pipework,3211.22,Drainage!O804,3211.22,Drainage!A804,Drainage,"1050mm,pipe"
DRA693,DRA718,"Pipework, accessories & fittings; concrete; 1050mm dia rocker",m,Drainage,Pipework,922.27,Drainage!O805,922.27,Drainage!A805,Drainage,"1050mm,pipe"
DRA694,DRA719,"Pipework, accessories & fittings; concrete; 1050 x 100 branch; saddle connection",m,Drainage,Pipework,93.95,Drainage!O806,93.95,Drainage!A806,Drainage,pipe
DRA695,DRA720,"Pipework, accessories & fittings; concrete; 1050 x 150 branch; saddle connection",m,Drainage,Pipework,105.12,Drainage!O807,105.12,Drainage!A807,Drainage,pipe
DRA696,DRA721,"Pipework, accessories & fittings; concrete; 1200mm dia pipe",m,Drainage,Pipework,441.89,Drainage!O809,441.89,Drainage!A809,Drainage,"1200mm,pipe"
DRA697,DRA722,"Pipework, accessories & fittings; concrete; 1200mm dia bend",m,Drainage,Pipework,4238.6,Drainage!O810,4238.6,Drainage!A810,Drainage,"1200mm,pipe"
DRA698,DRA723,"Pipework, accessories & fittings; concrete; 1200mm dia rocker",m,Drainage,Pipework,1122.73,Drainage!O811,1122.73,Drainage!A811,Drainage,"1200mm,pipe"
DRA699,DRA724,"Pipework, accessories & fittings; concrete; 1200 x 100 branch; saddle connection",m,Drainage,Pipework,93.95,Drainage!O812,93.95,Drainage!A812,Drainage,pipe
DRA700,DRA725,"Pipework, accessories & fittings; concrete; 1200 x 150 branch; saddle connection",m,Drainage,Pipework,105.12,Drainage!O813,105.12,Drainage!A813,Drainage,pipe
DRA701,DRA726,"Pipework, accessories & fittings; concrete; 1500mm dia pipe",m,Drainage,Pipework,724.37,Drainage!O815,724.37,Drainage!A815,Drainage,"1500mm,pipe"
DRA702,DRA727,"Pipework, accessories & fittings; concrete; 1500mm dia bend",m,Drainage,Pipework,7679.85,Drainage!O816,7679.85,Drainage!A816,Drainage,"1500mm,pipe"
DRA703,DRA728,"Pipework, accessories & fittings; concrete; 1500mm dia rocker",m,Drainage,Pipework,1892.76,Drainage!O817,1892.76,Drainage!A817,Drainage,"1500mm,pipe"
DRA704,DRA729,"Pipework, accessories & fittings; concrete; 1500 x 100 branch; saddle connection",m,Drainage,Pipework,93.95,Drainage!O818,93.95,Drainage!A818,Drainage,pipe
DRA705,DRA730,"Pipework, accessories & fittings; concrete; 1500 x 150 branch; saddle connection",m,Drainage,Pipework,105.12,Drainage!O819,105.12,Drainage!A819,Drainage,pipe
DRA706,DRA731,"Pipework, accessories & fittings; concrete; 1800mm dia pipe",m,Drainage,Pipework,994.01,Drainage!O821,994.01,Drainage!A821,Drainage,"1800mm,pipe"
DRA707,DRA732,"Pipework, accessories & fittings; concrete; 1800mm dia bend",m,Drainage,Pipework,10442.74,Drainage!O822,10442.74,Drainage!A822,Drainage,"1800mm,pipe"
DRA708,DRA733,"Pipework, accessories & fittings; concrete; 1800mm dia rocker",m,Drainage,Pipework,2530.43,Drainage!O823,2530.43,Drainage!A823,Drainage,"1800mm,pipe"
DRA709,DRA734,"Pipework, accessories & fittings; concrete; 1800 x 100 branch; saddle connection",m,Drainage,Pipework,93.95,Drainage!O824,93.95,Drainage!A824,Drainage,pipe
DRA710,DRA735,"Pipework, accessories & fittings; concrete; 1800 x 150 branch; saddle connection",m,Drainage,Pipework,105.12,Drainage!O825,105.12,Drainage!A825,Drainage,pipe
DRA711,DRA736,"Pipework, accessories & fittings; concrete; 2400mm dia pipe",m,Drainage,Pipework,1254.49,Drainage!O827,1254.49,Drainage!A827,Drainage,"2400mm,pipe"
DRA712,DRA737,"Pipework, accessories & fittings; concrete; 2400mm dia bend",m,Drainage,Pipework,13068.2,Drainage!O828,13068.2,Drainage!A828,Drainage,"2400mm,pipe"
DRA713,DRA738,"Pipework, accessories & fittings; concrete; 2400mm dia rocker",m,Drainage,Pipework,3141.27,Drainage!O829,3141.27,Drainage!A829,Drainage,"2400mm,pipe"
DRA714,DRA739,"Pipework, accessories & fittings; concrete; 2400 x 100 branch; saddle connection",m,Drainage,Pipework,93.95,Drainage!O830,93.95,Drainage!A830,Drainage,pipe
DRA715,DRA740,"Pipework, accessories & fittings; concrete; 2400 x 150 branch; saddle connection",m,Drainage,Pipework,105.12,Drainage!O831,105.12,Drainage!A831,Drainage,pipe
DRA716,DRA741,"Pipework, accessories & fittings; UPVC/plastic; 110mm dia pipe",m,Drainage,Pipework,7.72,Drainage!O836,7.72,Drainage!A836,Drainage,"110mm,pipe"
DRA717,DRA742,"Pipework, accessories & fittings; UPVC/plastic; 110mm dia pipe; short lenghts",m,Drainage,Pipework,11.23,Drainage!O837,11.23,Drainage!A837,Drainage,"110mm,pipe"
DRA718,DRA743,"Pipework, accessories & fittings; UPVC/plastic; 110mm dia pipe; suspended in raft slab/foundations; tied to rebar with holderbats/brackets",m,Drainage,Pipework,25.15,Drainage!O838,25.15,Drainage!A838,Drainage,"110mm,pipe"
DRA719,DRA744,"Pipework, accessories & fittings; UPVC/plastic; 110mm dia perforated land drain",m,Drainage,Pipework,9.31,Drainage!O839,9.31,Drainage!A839,Drainage,"110mm,pipe"
DRA720,DRA745,"Pipework, accessories & fittings; UPVC/plastic; 110mm dia; bend",m,Drainage,Pipework,8.45,Drainage!O840,8.45,Drainage!A840,Drainage,"110mm,pipe"
DRA721,DRA746,"Pipework, accessories & fittings; UPVC/plastic; 110mm dia; rest bend",m,Drainage,Pipework,12.47,Drainage!O841,12.47,Drainage!A841,Drainage,"110mm,pipe"
DRA722,DRA747,"Pipework, accessories & fittings; UPVC/plastic; Sleeve for 100 dia pipe through concrete foundations",m,Drainage,Pipework,65.45,Drainage!O842,65.45,Drainage!A842,Drainage,pipe
DRA723,DRA748,"Pipework, accessories & fittings; UPVC/plastic; Sleeve for 100 dia pipe cast into retaining wall; 300mm thick",m,Drainage,Pipework,24.21,Drainage!O843,24.21,Drainage!A843,Drainage,"300mm,pipe"
DRA724,DRA749,"Pipework, accessories & fittings; UPVC/plastic; 110mm dia; adaptor / temp site cap",m,Drainage,Pipework,4.55,Drainage!O844,4.55,Drainage!A844,Drainage,"110mm,pipe"
DRA725,DRA750,"Pipework, accessories & fittings; UPVC/plastic; 110mm dia; adaptor / RW pipe connector",m,Drainage,Pipework,6.28,Drainage!O845,6.28,Drainage!A845,Drainage,"110mm,pipe"
DRA726,DRA751,"Pipework, accessories & fittings; UPVC/plastic; 110mm dia; adaptor / waste pipe connector",m,Drainage,Pipework,6.12,Drainage!O846,6.12,Drainage!A846,Drainage,"110mm,pipe"
DRA727,DRA752,"Pipework, accessories & fittings; UPVC/plastic; 110mm dia; adaptor / SVP connector",m,Drainage,Pipework,10.19,Drainage!O847,10.19,Drainage!A847,Drainage,"110mm,pipe"
DRA728,DRA753,"Pipework, accessories & fittings; UPVC/plastic; 110mm dia; adaptor / UPVC to clay connector",m,Drainage,Pipework,12.82,Drainage!O848,12.82,Drainage!A848,Drainage,"110mm,pipe"
DRA729,DRA754,"Pipework, accessories & fittings; UPVC/plastic; 110mm dia; rocker",m,Drainage,Pipework,12.45,Drainage!O849,12.45,Drainage!A849,Drainage,"110mm,pipe"
DRA730,DRA755,"Pipework, accessories & fittings; UPVC/plastic; 110mm dia; vertical pipework",m,Drainage,Pipework,18.53,Drainage!O850,18.53,Drainage!A850,Drainage,"110mm,pipe"
DRA731,DRA756,"Pipework, accessories & fittings; UPVC/plastic; 110mm dia; vertical pipework; inc conc surround",m,Drainage,Pipework,69.83,Drainage!O851,69.83,Drainage!A851,Drainage,"110mm,pipe"
DRA732,DRA757,"Pipework, accessories & fittings; UPVC/plastic; 110 x 110 branch",m,Drainage,Pipework,20.1,Drainage!O852,20.1,Drainage!A852,Drainage,pipe
DRA733,DRA758,"Pipework, accessories & fittings; UPVC/plastic; RWP connections; RW adaptor/vert pipe/rest bend",m,Drainage,Pipework,66.42,Drainage!O853,66.42,Drainage!A853,Drainage,pipe
DRA734,DRA759,"Pipework, accessories & fittings; UPVC/plastic; SVP connections; SVP adaptor/vert pipe/rest bend",m,Drainage,Pipework,70.34,Drainage!O854,70.34,Drainage!A854,Drainage,pipe
DRA735,DRA760,"Pipework, accessories & fittings; UPVC/plastic; WC connection; WC connector/vert pipe/rest bend",m,Drainage,Pipework,35.66,Drainage!O855,35.66,Drainage!A855,Drainage,pipe
DRA736,DRA761,"Pipework, accessories & fittings; UPVC/plastic; Inlet hopper 4D508; gully trap 4D500",m,Drainage,Gullies,86.59,Drainage!O856,86.59,Drainage!A856,Drainage,pipe
DRA737,DRA762,"Pipework, accessories & fittings; UPVC/plastic; Plain hopper 4D507; gully trap 4D500",m,Drainage,Gullies,84.68,Drainage!O857,84.68,Drainage!A857,Drainage,pipe
DRA738,DRA763,"Pipework, accessories & fittings; UPVC/plastic; Bottle gully 4D850",m,Drainage,Gullies,77.22,Drainage!O858,77.22,Drainage!A858,Drainage,pipe
DRA739,DRA764,"Pipework, accessories & fittings; UPVC/plastic; Paved area gully 4D860",m,Drainage,Gullies,84.13,Drainage!O859,84.13,Drainage!A859,Drainage,pipe
DRA740,DRA765,"Pipework, accessories & fittings; UPVC/plastic; Bottle gully 4D900",m,Drainage,Gullies,79.6,Drainage!O860,79.6,Drainage!A860,Drainage,pipe
DRA741,DRA766,"Pipework, accessories & fittings; UPVC/plastic; Bottle gully 4D901 with back access",m,Drainage,Gullies,83.97,Drainage!O861,83.97,Drainage!A861,Drainage,pipe
DRA742,DRA767,"Pipework, accessories & fittings; UPVC/plastic; Yard gully 4D800, G&F 4D810 & Catchment bucket 4D815",m,Drainage,Gullies,228.04,Drainage!O862,228.04,Drainage!A862,Drainage,pipe
DRA743,DRA768,"Pipework, accessories & fittings; UPVC/plastic; Rodding point; 4D361",m,Drainage,Pipework,97.39,Drainage!O863,97.39,Drainage!A863,Drainage,pipe
DRA744,DRA769,"Pipework, accessories & fittings; UPVC/plastic; Anti flood valve; 4D921",m,Drainage,Pipework,97.35,Drainage!O864,97.35,Drainage!A864,Drainage,pipe
DRA745,DRA770,"Pipework, accessories & fittings; UPVC/plastic; 160mm dia",m,Drainage,Pipework,13.71,Drainage!O866,13.71,Drainage!A866,Drainage,"160mm,pipe"
DRA746,DRA771,"Pipework, accessories & fittings; UPVC/plastic; 160mm dia; short lenghts",m,Drainage,Pipework,18.9,Drainage!O867,18.9,Drainage!A867,Drainage,"160mm,pipe"
DRA747,DRA772,"Pipework, accessories & fittings; UPVC/plastic; 160mm dia pipe; suspended in raft slab/foundations; tied to rebar with holderbats/brackets",m,Drainage,Pipework,58.2,Drainage!O868,58.2,Drainage!A868,Drainage,"160mm,pipe"
DRA748,DRA773,"Pipework, accessories & fittings; UPVC/plastic; 160mm dia perforated land drain",m,Drainage,Pipework,15.27,Drainage!O869,15.27,Drainage!A869,Drainage,"160mm,pipe"
DRA749,DRA774,"Pipework, accessories & fittings; UPVC/plastic; 160mm dia; bend",m,Drainage,Pipework,25.65,Drainage!O870,25.65,Drainage!A870,Drainage,"160mm,pipe"
DRA750,DRA775,"Pipework, accessories & fittings; UPVC/plastic; 160mm dia; rest bend",m,Drainage,Pipework,0.0,,0.0,Drainage!A871,Drainage,"160mm,pipe"
DRA751,DRA776,"Pipework, accessories & fittings; UPVC/plastic; 160mm dia; rocker",m,Drainage,Pipework,17.63,Drainage!O872,17.63,Drainage!A872,Drainage,"160mm,pipe"
DRA752,DRA777,"Pipework, accessories & fittings; UPVC/plastic; 160 x 100 branch",m,Drainage,Pipework,38.38,Drainage!O873,38.38,Drainage!A873,Drainage,pipe
DRA753,DRA778,"Pipework, accessories & fittings; UPVC/plastic; 160 x 160 branch",m,Drainage,Pipework,46.82,Drainage!O874,46.82,Drainage!A874,Drainage,pipe
DRA754,DRA779,"Pipework, accessories & fittings; UPVC/plastic; 160 x 100 reducer",m,Drainage,Pipework,24.18,Drainage!O875,24.18,Drainage!A875,Drainage,pipe
DRA755,DRA780,"Pipework, accessories & fittings; UPVC/plastic; EO for wrapping pipe in root barrier",m,Drainage,Pipework,14.62,Drainage!O876,14.62,Drainage!A876,Drainage,pipe
DRA756,DRA781,"Pipework, accessories & fittings; UPVC/plastic; 160mm dia; vertical pipework",m,Drainage,Pipework,18.51,Drainage!O877,18.51,Drainage!A877,Drainage,"160mm,pipe"
DRA757,DRA782,"Pipework, accessories & fittings; UPVC/plastic; 160mm dia; vertical pipework; inc conc surround",m,Drainage,Pipework,82.29,Drainage!O878,82.29,Drainage!A878,Drainage,"160mm,pipe"
DRA758,DRA783,"Pipework, accessories & fittings; UPVC/plastic; SVP connections; SVP adaptor/vert pipe/bend",m,Drainage,Pipework,146.42,Drainage!O879,146.42,Drainage!A879,Drainage,pipe
DRA759,DRA784,"Pipework, accessories & fittings; UPVC/plastic; 160mm end cap / stopper",m,Drainage,Pipework,16.81,Drainage!O880,16.81,Drainage!A880,Drainage,"160mm,pipe"
DRA760,DRA785,"Pipework, accessories & fittings; UPVC/plastic; 160mm SVP adaptor",m,Drainage,Pipework,34.37,Drainage!O881,34.37,Drainage!A881,Drainage,"160mm,pipe"
DRA761,DRA786,"Pipework, accessories & fittings; UPVC/plastic; 160mm connection to tank/chamber/etc",m,Drainage,Pipework,52.0,Drainage!O882,52.0,Drainage!A882,Drainage,"160mm,pipe"
DRA762,DRA787,"Pipework, accessories & fittings; UPVC/plastic; Rodding point",m,Drainage,Pipework,160.7,Drainage!O883,160.7,Drainage!A883,Drainage,pipe
DRA763,DRA788,"Pipework, accessories & fittings; UPVC/plastic; Anti flood valve; 6D921",m,Drainage,Pipework,112.64,Drainage!O884,112.64,Drainage!A884,Drainage,pipe
DRA764,DRA789,UPVC Ultrarib; 150mm dia,m,Drainage,General Drainage,12.81,Drainage!O887,12.81,Drainage!A887,Drainage,150mm
DRA765,DRA790,UPVC Ultrarib; 150mm dia; bend,m,Drainage,General Drainage,33.09,Drainage!O888,33.09,Drainage!A888,Drainage,150mm
DRA766,DRA791,UPVC Ultrarib; 150mm dia; rocker,m,Drainage,General Drainage,49.05,Drainage!O889,49.05,Drainage!A889,Drainage,150mm
DRA767,DRA792,UPVC Ultrarib; 150 x 100 branch,m,Drainage,General Drainage,57.56,Drainage!O890,57.56,Drainage!A890,Drainage,
DRA768,DRA793,UPVC Ultrarib; 150 x 150 branch,m,Drainage,General Drainage,60.21,Drainage!O891,60.21,Drainage!A891,Drainage,
DRA769,DRA794,UPVC Ultrarib; 150 x 100 reducer,m,Drainage,General Drainage,20.08,Drainage!O892,20.08,Drainage!A892,Drainage,
DRA770,DRA795,UPVC Ultrarib; 225mm dia,m,Drainage,General Drainage,37.8,Drainage!O894,37.8,Drainage!A894,Drainage,225mm
DRA771,DRA796,UPVC Ultrarib; 225mm dia pipe; suspended in raft slab/foundations; tied to rebar with holderbats/brackets,m,Drainage,Pipework,126.1,Drainage!O895,126.1,Drainage!A895,Drainage,"225mm,pipe"
DRA772,DRA797,UPVC Ultrarib; 225mm dia,Twinwall perforated,Drainage,General Drainage,25.95,Drainage!O896,25.95,Drainage!A896,Drainage,225mm
DRA773,DRA798,UPVC Ultrarib; 225mm dia; bend,m,Drainage,General Drainage,179.33,Drainage!O897,179.33,Drainage!A897,Drainage,225mm
DRA774,DRA799,UPVC Ultrarib; 225mm dia; vertical pipework; inc conc surround,m,Drainage,Pipework,117.78,Drainage!O898,117.78,Drainage!A898,Drainage,"225mm,pipe"
DRA775,DRA800,UPVC Ultrarib; 225mm dia; rocker,m,Drainage,General Drainage,79.92,Drainage!O899,79.92,Drainage!A899,Drainage,225mm
DRA776,DRA801,UPVC Ultrarib; 225 x 100 branch,m,Drainage,General Drainage,188.11,Drainage!O900,188.11,Drainage!A900,Drainage,
DRA777,DRA802,UPVC Ultrarib; 225 x 150 branch,m,Drainage,General Drainage,193.49,Drainage!O901,193.49,Drainage!A901,Drainage,
DRA778,DRA803,UPVC Ultrarib; 225 x 225 branch,m,Drainage,General Drainage,265.13,Drainage!O902,265.13,Drainage!A902,Drainage,
DRA779,DRA804,UPVC Ultrarib; 225mm dia; EO for casting into foundation with 50mm flexcell wrap and rocker each side; allow 2m,m,Drainage,General Drainage,610.31,Drainage!O903,610.31,Drainage!A903,Drainage,"225mm,50mm"
DRA780,DRA805,UPVC Ultrarib; 300mm dia,m,Drainage,General Drainage,55.24,Drainage!O905,55.24,Drainage!A905,Drainage,300mm
DRA781,DRA806,UPVC Ultrarib; 300mm dia,Twinwall pipe; perforated,Drainage,General Drainage,55.24,Drainage!O906,55.24,Drainage!A906,Drainage,300mm
DRA782,DRA807,UPVC Ultrarib; 300mm dia; bend,m,Drainage,General Drainage,278.33,Drainage!O907,278.33,Drainage!A907,Drainage,300mm
DRA783,DRA808,UPVC Ultrarib; 300mm dia; rocker,m,Drainage,General Drainage,128.79,Drainage!O908,128.79,Drainage!A908,Drainage,300mm
DRA784,DRA809,UPVC Ultrarib; 300 x 160 branch,m,Drainage,General Drainage,409.67,Drainage!O909,409.67,Drainage!A909,Drainage,
DRA785,DRA810,UPVC Ultrarib; 300 x 225 branch,m,Drainage,General Drainage,576.42,Drainage!O910,576.42,Drainage!A910,Drainage,
DRA786,DRA811,UPVC Ultrarib; 300 x 300 branch,m,Drainage,General Drainage,604.8,Drainage!O911,604.8,Drainage!A911,Drainage,
DRA787,DRA812,UPVC Ultrarib; 300 x 225 reducer,m,Drainage,General Drainage,106.86,Drainage!O912,106.86,Drainage!A912,Drainage,
DRA788,DRA813,UPVC Twinwall; 110mm dia pipe,m,Drainage,Pipework,9.73,Drainage!O915,9.73,Drainage!A915,Drainage,"110mm,pipe"
DRA789,DRA814,UPVC Twinwall; 110mm dia; bend,m,Drainage,General Drainage,34.27,Drainage!O916,34.27,Drainage!A916,Drainage,110mm
DRA790,DRA815,UPVC Twinwall; 150mm dia,m,Drainage,General Drainage,12.22,Drainage!O918,12.22,Drainage!A918,Drainage,150mm
DRA791,DRA816,UPVC Twinwall; 150mm dia; bend,m,Drainage,General Drainage,44.57,Drainage!O919,44.57,Drainage!A919,Drainage,150mm
DRA792,DRA817,UPVC Twinwall; 225mm dia,m,Drainage,General Drainage,24.09,Drainage!O921,24.09,Drainage!A921,Drainage,225mm
DRA793,DRA818,UPVC Twinwall; 225mm dia; bend,m,Drainage,General Drainage,103.4,Drainage!O922,103.4,Drainage!A922,Drainage,225mm
DRA794,DRA819,UPVC Twinwall; 300mm dia,m,Drainage,General Drainage,35.84,Drainage!O924,35.84,Drainage!A924,Drainage,300mm
DRA795,DRA820,UPVC Twinwall; 300mm dia; bend,m,Drainage,General Drainage,172.1,Drainage!O925,172.1,Drainage!A925,Drainage,300mm
DRA796,DRA821,UPVC Twinwall; 375mm dia,m,Drainage,General Drainage,78.15,Drainage!O927,78.15,Drainage!A927,Drainage,375mm
DRA797,DRA822,UPVC Twinwall; 375mm dia,Twinwall pipe; perforated,Drainage,General Drainage,86.92,Drainage!O928,86.92,Drainage!A928,Drainage,375mm
DRA798,DRA823,UPVC Twinwall; 375mm dia; bend,m,Drainage,General Drainage,356.18,Drainage!O929,356.18,Drainage!A929,Drainage,375mm
DRA799,DRA824,UPVC Twinwall; 375mm dia; rocker,m,Drainage,General Drainage,94.39,Drainage!O930,94.39,Drainage!A930,Drainage,375mm
DRA800,DRA825,UPVC Twinwall; 375 x 150 branch,m,Drainage,General Drainage,283.58,Drainage!O931,283.58,Drainage!A931,Drainage,
DRA801,DRA826,UPVC Twinwall; 375 x 375 branch,m,Drainage,General Drainage,906.29,Drainage!O932,906.29,Drainage!A932,Drainage,
DRA802,DRA827,"Pipework, accessories & fittings; Cast Iron; Ensign; 100mm dia pipe",m,Drainage,Pipework,51.09,Drainage!O935,51.09,Drainage!A935,Drainage,"100mm,pipe"
DRA803,DRA828,"Pipework, accessories & fittings; Cast Iron; Ensign; 100mm dia pipe; runs ne 3m",m,Drainage,Pipework,68.47,Drainage!O936,68.47,Drainage!A936,Drainage,"100mm,pipe"
DRA804,DRA829,"Pipework, accessories & fittings; Cast Iron; Ensign; 100mm dia; short bend, max 45 deg ",m,Drainage,Pipework,59.73,Drainage!O937,59.73,Drainage!A937,Drainage,"100mm,pipe"
DRA805,DRA830,"Pipework, accessories & fittings; Cast Iron; Ensign; 100mm dia; long radius bend, 88 deg",m,Drainage,Pipework,89.19,Drainage!O938,89.19,Drainage!A938,Drainage,"100mm,pipe"
DRA806,DRA831,"Pipework, accessories & fittings; Cast Iron; Ensign; 100mm dia; rest bend",m,Drainage,Pipework,120.78,Drainage!O939,120.78,Drainage!A939,Drainage,"100mm,pipe"
DRA807,DRA832,"Pipework, accessories & fittings; Cast Iron; Ensign; 100mm dia; rocker",m,Drainage,Pipework,61.96,Drainage!O940,61.96,Drainage!A940,Drainage,"100mm,pipe"
DRA808,DRA833,"Pipework, accessories & fittings; Cast Iron; Ensign; 100mm dia; vertical pipework; inc conc surround",m,Drainage,Pipework,126.99,Drainage!O941,126.99,Drainage!A941,Drainage,"100mm,pipe"
DRA809,DRA834,"Pipework, accessories & fittings; Cast Iron; Ensign; 100 x 100 branch",m,Drainage,Pipework,99.34,Drainage!O942,99.34,Drainage!A942,Drainage,pipe
DRA810,DRA835,"Pipework, accessories & fittings; Cast Iron; Ensign; 100mm dia cast iron to clay/UPVC connector",m,Drainage,Pipework,41.01,Drainage!O943,41.01,Drainage!A943,Drainage,"100mm,pipe"
DRA811,DRA836,"Pipework, accessories & fittings; Cast Iron; Ensign; RWP connections; RW adaptor/vert pipe/rest bend",m,Drainage,Pipework,215.47,Drainage!O944,215.47,Drainage!A944,Drainage,pipe
DRA812,DRA837,"Pipework, accessories & fittings; Cast Iron; Ensign; SVP connections; SVP adaptor/vert pipe/rest bend",m,Drainage,Pipework,248.25,Drainage!O945,248.25,Drainage!A945,Drainage,pipe
DRA813,DRA838,"Pipework, accessories & fittings; Cast Iron; Ensign; WC connection; WC connector/vert pipe/rest bend",m,Drainage,Pipework,215.47,Drainage!O946,215.47,Drainage!A946,Drainage,pipe
DRA814,DRA839,"Pipework, accessories & fittings; Cast Iron; Ensign; Plain gully inlet & trap; Heavy grate; TD684, TD60, TD651",m,Drainage,Gullies,357.86,Drainage!O947,357.86,Drainage!A947,Drainage,pipe
DRA815,DRA840,"Pipework, accessories & fittings; Cast Iron; Ensign; Gully trap with surface access; TD107, TD500, TD612",m,Drainage,Gullies,374.81,Drainage!O948,374.81,Drainage!A948,Drainage,pipe
DRA816,DRA841,"Pipework, accessories & fittings; Cast Iron; Ensign; Deans trap gully; TD550; 600dp inc sediment pan",m,Drainage,Gullies,544.12,Drainage!O949,544.12,Drainage!A949,Drainage,pipe
DRA817,DRA842,"Pipework, accessories & fittings; Cast Iron; Ensign; Gully trap; TD551; 425dp inc sediment pan",m,Drainage,Gullies,456.97,Drainage!O950,456.97,Drainage!A950,Drainage,pipe
DRA818,DRA843,"Pipework, accessories & fittings; Cast Iron; Ensign; Gully trap square; TD553; inc sediment pan",m,Drainage,Gullies,460.03,Drainage!O951,460.03,Drainage!A951,Drainage,pipe
DRA819,DRA844,"Pipework, accessories & fittings; Cast Iron; Ensign; Garage gully; TD556; 225 x 600dp inc sediment pan",m,Drainage,Gullies,484.64,Drainage!O952,484.64,Drainage!A952,Drainage,pipe
DRA820,DRA845,"Pipework, accessories & fittings; Cast Iron; Ensign; Garage gully; TD554; 300 x 600dp inc sediment pan",m,Drainage,Gullies,915.97,Drainage!O953,915.97,Drainage!A953,Drainage,pipe
DRA821,DRA846,"Pipework, accessories & fittings; Cast Iron; Ensign; Garage gully; TD558; 325 x 600dp inc sediment pan",m,Drainage,Gullies,994.39,Drainage!O954,994.39,Drainage!A954,Drainage,pipe
DRA822,DRA847,"Pipework, accessories & fittings; Cast Iron; Ensign; Rodding point; TD425, TD615",m,Drainage,Pipework,276.94,Drainage!O955,276.94,Drainage!A955,Drainage,pipe
DRA823,DRA848,"Pipework, accessories & fittings; Cast Iron; Ensign; Intercepting trap; 479; 100dia fitted with plug",m,Drainage,Pipework,974.65,Drainage!O956,974.65,Drainage!A956,Drainage,pipe
DRA824,DRA849,"Pipework, accessories & fittings; Cast Iron; Ensign; Anti flood valve; TD756",m,Drainage,Pipework,1352.28,Drainage!O957,1352.28,Drainage!A957,Drainage,pipe
DRA825,DRA850,"Pipework, accessories & fittings; Cast Iron; Ensign; Eureka anti flood trunk valve; ref 750",m,Drainage,Pipework,2713.29,Drainage!O958,2713.29,Drainage!A958,Drainage,pipe
DRA826,DRA851,"Pipework, accessories & fittings; Cast Iron; Ensign; Sleeve for 100 dia pipe through concrete foundations",m,Drainage,Pipework,85.81,Drainage!O959,85.81,Drainage!A959,Drainage,pipe
DRA827,DRA852,"Pipework, accessories & fittings; Cast Iron; Ensign; EO for puddle flange; TD777",m,Drainage,Pipework,106.06,Drainage!O960,106.06,Drainage!A960,Drainage,pipe
DRA828,DRA853,"Pipework, accessories & fittings; Cast Iron; Ensign; End cap/Stopper",m,Drainage,Pipework,46.51,Drainage!O961,46.51,Drainage!A961,Drainage,pipe
DRA829,DRA854,"Pipework, accessories & fittings; Cast Iron; Ensign; 150mm dia pipe",m,Drainage,Pipework,95.84,Drainage!O963,95.84,Drainage!A963,Drainage,"150mm,pipe"
DRA830,DRA855,"Pipework, accessories & fittings; Cast Iron; Ensign; 150mm dia; short bend, max 45deg",m,Drainage,Pipework,113.91,Drainage!O964,113.91,Drainage!A964,Drainage,"150mm,pipe"
DRA831,DRA856,"Pipework, accessories & fittings; Cast Iron; Ensign; 150mm dia; 88 deg long radius bend",m,Drainage,Pipework,228.85,Drainage!O965,228.85,Drainage!A965,Drainage,"150mm,pipe"
DRA832,DRA857,"Pipework, accessories & fittings; Cast Iron; Ensign; 150mm dia; rest bend",m,Drainage,Pipework,253.32,Drainage!O966,253.32,Drainage!A966,Drainage,"150mm,pipe"
DRA833,DRA858,"Pipework, accessories & fittings; Cast Iron; Ensign; 150mm dia; rocker",m,Drainage,Pipework,120.37,Drainage!O967,120.37,Drainage!A967,Drainage,"150mm,pipe"
DRA834,DRA859,"Pipework, accessories & fittings; Cast Iron; Ensign; 150 x 100 branch",m,Drainage,Pipework,186.51,Drainage!O968,186.51,Drainage!A968,Drainage,pipe
DRA835,DRA860,"Pipework, accessories & fittings; Cast Iron; Ensign; 150 x 150 branch",m,Drainage,Pipework,205.24,Drainage!O969,205.24,Drainage!A969,Drainage,pipe
DRA836,DRA861,"Pipework, accessories & fittings; Cast Iron; Ensign; 150mm dia cast iron to clay/UPVC connector",m,Drainage,Pipework,51.59,Drainage!O970,51.59,Drainage!A970,Drainage,"150mm,pipe"
DRA837,DRA862,"Pipework, accessories & fittings; Cast Iron; Ensign; 150mm dia; vertical pipework; inc conc surround",m,Drainage,Pipework,168.07,Drainage!O971,168.07,Drainage!A971,Drainage,"150mm,pipe"
DRA838,DRA863,"Pipework, accessories & fittings; Cast Iron; Ensign; RWP/SVP connections; adaptor/vert pipe/rest bend",m,Drainage,Pipework,455.63,Drainage!O972,455.63,Drainage!A972,Drainage,pipe
DRA839,DRA864,"Pipework, accessories & fittings; Cast Iron; Ensign; 150mm dia; rodding eye and cover; inc conc surround",m,Drainage,Pipework,386.15,Drainage!O973,386.15,Drainage!A973,Drainage,"150mm,pipe"
DRA840,DRA865,"Pipework, accessories & fittings; Cast Iron; Ensign; Sleeve for 150 dia pipe through concrete foundations",m,Drainage,Pipework,88.64,Drainage!O974,88.64,Drainage!A974,Drainage,pipe
DRA841,DRA866,"Pipework, accessories & fittings; Cast Iron; Ensign; Eureka anti flood trunk valve; ref 750",m,Drainage,Pipework,3038.35,Drainage!O975,3038.35,Drainage!A975,Drainage,pipe
DRA842,DRA867,"Pipework, accessories & fittings; Cast Iron; Ensign; 150dia Quatrix backflow valve & access chamber unit",m,Drainage,Pipework,1663.69,Drainage!O976,1663.69,Drainage!A976,Drainage,pipe
DRA843,DRA868,"Pipework, accessories & fittings; Cast Iron; Ensign; Blanking plug ",m,Drainage,Pipework,242.38,Drainage!O977,242.38,Drainage!A977,Drainage,pipe
DRA844,DRA868,"Pipework, accessories & fittings; Cast Iron; Ensign; Waste grinder?? Provisional",m,Drainage,Pipework,1911.32,Drainage!O978,1911.32,Drainage!A978,Drainage,pipe
DRA845,DRA869,"Pipework, accessories & fittings; Cast Iron; Ensign; 200mm dia pipe",m,Drainage,Pipework,153.06,Drainage!O980,153.06,Drainage!A980,Drainage,"200mm,pipe"
DRA846,DRA870,"Pipework, accessories & fittings; Cast Iron; Ensign; 200mm dia; short bend, max 45 deg",m,Drainage,Pipework,274.36,Drainage!O981,274.36,Drainage!A981,Drainage,"200mm,pipe"
DRA847,DRA871,"Pipework, accessories & fittings; Cast Iron; Ensign; 200mm dia; bend, 90 deg not made",m,Drainage,Pipework,0.0,,0.0,Drainage!A982,Drainage,"200mm,pipe"
DRA848,DRA872,"Pipework, accessories & fittings; Cast Iron; Ensign; 200mm dia; rocker",m,Drainage,Pipework,234.44,Drainage!O983,234.44,Drainage!A983,Drainage,"200mm,pipe"
DRA849,DRA873,"Pipework, accessories & fittings; Cast Iron; Ensign; 200 x 100 branch",m,Drainage,Pipework,400.12,Drainage!O984,400.12,Drainage!A984,Drainage,pipe
DRA850,DRA874,"Pipework, accessories & fittings; Cast Iron; Ensign; 200 x 150 branch",m,Drainage,Pipework,417.25,Drainage!O985,417.25,Drainage!A985,Drainage,pipe
DRA851,DRA875,"Pipework, accessories & fittings; Cast Iron; Ensign; 200 x 200 branch",m,Drainage,Pipework,483.74,Drainage!O986,483.74,Drainage!A986,Drainage,pipe
DRA852,DRA876,"Pipework, accessories & fittings; Cast Iron; Ensign; 200-150 reducer",m,Drainage,Pipework,235.27,Drainage!O987,235.27,Drainage!A987,Drainage,pipe
DRA853,DRA877,"Pipework, accessories & fittings; Cast Iron; Ensign; 250mm dia pipe",m,Drainage,Pipework,216.1,Drainage!O989,216.1,Drainage!A989,Drainage,"250mm,pipe"
DRA854,DRA878,"Pipework, accessories & fittings; Cast Iron; Ensign; 250mm dia; short bend, max 45 deg",m,Drainage,Pipework,433.92,Drainage!O990,433.92,Drainage!A990,Drainage,"250mm,pipe"
DRA855,DRA879,"Pipework, accessories & fittings; Cast Iron; Ensign; 250mm dia; rocker",m,Drainage,Pipework,309.09,Drainage!O991,309.09,Drainage!A991,Drainage,"250mm,pipe"
DRA856,DRA880,"Pipework, accessories & fittings; Cast Iron; Ensign; 250 x 200 branch",m,Drainage,Pipework,644.28,Drainage!O992,644.28,Drainage!A992,Drainage,pipe
DRA857,DRA881,"Pipework, accessories & fittings; Cast Iron; Ensign; 250 x 250 branch",m,Drainage,Pipework,828.65,Drainage!O993,828.65,Drainage!A993,Drainage,pipe
DRA858,DRA882,"Pipework, accessories & fittings; Cast Iron; Ensign; 250-200 reducer",m,Drainage,Pipework,395.58,Drainage!O994,395.58,Drainage!A994,Drainage,pipe
DRA859,DRA883,"Pipework, accessories & fittings; Cast Iron; Ensign; 250mm dia cast iron to clay/UPVC connector",m,Drainage,Pipework,100.12,Drainage!O995,100.12,Drainage!A995,Drainage,"250mm,pipe"
DRA860,DRA884,"Pipework, accessories & fittings; Cast Iron; Ensign; 300mm dia pipe",m,Drainage,Pipework,268.25,Drainage!O997,268.25,Drainage!A997,Drainage,"300mm,pipe"
DRA861,DRA885,"Pipework, accessories & fittings; Cast Iron; Ensign; 300mm dia; short bend, max 45 deg",m,Drainage,Pipework,567.52,Drainage!O998,567.52,Drainage!A998,Drainage,"300mm,pipe"
DRA862,DRA886,"Pipework, accessories & fittings; Cast Iron; Ensign; 300mm dia; rocker",m,Drainage,Pipework,391.17,Drainage!O999,391.17,Drainage!A999,Drainage,"300mm,pipe"
DRA863,DRA887,"Pipework, accessories & fittings; Cast Iron; Ensign; 300 x 300 branch",m,Drainage,Pipework,1131.33,Drainage!O1000,1131.33,Drainage!A1000,Drainage,pipe
DRA864,DRA888,"Pipework, accessories & fittings; Cast Iron; Ensign; 300-250 reducer",m,Drainage,Pipework,533.92,Drainage!O1001,533.92,Drainage!A1001,Drainage,pipe
DRA865,DRA889,"Pipework, accessories & fittings; Cast Iron; Ensign; 400mm dia pipe",m,Drainage,Pipework,465.63,Drainage!O1003,465.63,Drainage!A1003,Drainage,"400mm,pipe"
DRA866,DRA890,"Pipework, accessories & fittings; Cast Iron; Ensign; 400mm dia; short bend, max 45 deg",m,Drainage,Pipework,1370.75,Drainage!O1004,1370.75,Drainage!A1004,Drainage,"400mm,pipe"
DRA867,DRA891,"Pipework, accessories & fittings; Cast Iron; Ensign; 400mm dia; rocker",m,Drainage,Pipework,828.93,Drainage!O1005,828.93,Drainage!A1005,Drainage,"400mm,pipe"
DRA868,DRA892,"Pipework, accessories & fittings; Cast Iron; Ensign; 400 x 400 branch",m,Drainage,Pipework,2356.87,Drainage!O1006,2356.87,Drainage!A1006,Drainage,pipe
DRA869,DRA893,"Pipework, accessories & fittings; Cast Iron; Ensign; 400-300 reducer",m,Drainage,Pipework,963.33,Drainage!O1007,963.33,Drainage!A1007,Drainage,pipe
DRA870,DRA894,"Pipework, accessories & fittings; Cast Iron; Ensign; 500mm dia pipe",m,Drainage,Pipework,540.89,Drainage!O1009,540.89,Drainage!A1009,Drainage,"500mm,pipe"
DRA871,DRA895,"Pipework, accessories & fittings; Cast Iron; Ensign; 600mm dia pipe",m,Drainage,Pipework,638.66,Drainage!O1011,638.66,Drainage!A1011,Drainage,"600mm,pipe"
DRA872,DRA896,"Pipework, accessories & fittings; Cast Iron; Timesaver; 100mm dia pipe",m,Drainage,Pipework,58.11,Drainage!O1014,58.11,Drainage!A1014,Drainage,"100mm,pipe"
DRA873,DRA897,"Pipework, accessories & fittings; Cast Iron; Timesaver; 100mm dia pipe; vertical with concrete surround",m,Drainage,Pipework,132.32,Drainage!O1015,132.32,Drainage!A1015,Drainage,"100mm,pipe"
DRA874,DRA898,"Pipework, accessories & fittings; Cast Iron; Timesaver; 100mm dia; med/long bend; 90 deg",m,Drainage,Pipework,99.97,Drainage!O1016,99.97,Drainage!A1016,Drainage,"100mm,pipe"
DRA875,DRA899,"Pipework, accessories & fittings; Cast Iron; Timesaver; 100mm dia; rest bend",m,Drainage,Pipework,152.38,Drainage!O1017,152.38,Drainage!A1017,Drainage,"100mm,pipe"
DRA876,DRA900,"Pipework, accessories & fittings; Cast Iron; Timesaver; 100mm dia; rocker",m,Drainage,Pipework,81.8,Drainage!O1018,81.8,Drainage!A1018,Drainage,"100mm,pipe"
DRA877,DRA901,"Pipework, accessories & fittings; Cast Iron; Timesaver; 100mm dia; P trap; TD60",m,Drainage,Pipework,134.07,Drainage!O1019,134.07,Drainage!A1019,Drainage,"100mm,pipe"
DRA878,DRA902,"Pipework, accessories & fittings; Cast Iron; Timesaver; 100 x 100 branch",m,Drainage,Pipework,149.18,Drainage!O1020,149.18,Drainage!A1020,Drainage,pipe
DRA879,DRA903,"Pipework, accessories & fittings; Cast Iron; Timesaver; 150mm dia pipe",m,Drainage,Pipework,97.32,Drainage!O1022,97.32,Drainage!A1022,Drainage,"150mm,pipe"
DRA880,DRA904,"Pipework, accessories & fittings; Cast Iron; Timesaver; 150mm dia pipe; vertical with concrete surround",m,Drainage,Pipework,147.0,Drainage!O1023,147.0,Drainage!A1023,Drainage,"150mm,pipe"
DRA881,DRA905,"Pipework, accessories & fittings; Cast Iron; Timesaver; 150mm dia; med/long bend; 90 deg",m,Drainage,Pipework,172.61,Drainage!O1024,172.61,Drainage!A1024,Drainage,"150mm,pipe"
DRA882,DRA906,"Pipework, accessories & fittings; Cast Iron; Timesaver; 150mm dia; rest bend",m,Drainage,Pipework,239.49,Drainage!O1025,239.49,Drainage!A1025,Drainage,"150mm,pipe"
DRA883,DRA907,"Pipework, accessories & fittings; Cast Iron; Timesaver; 150mm dia; rocker",m,Drainage,Pipework,116.61,Drainage!O1026,116.61,Drainage!A1026,Drainage,"150mm,pipe"
DRA884,DRA908,"Pipework, accessories & fittings; Cast Iron; Timesaver; 150mm dia; P trap; TD60",m,Drainage,Pipework,240.1,Drainage!O1027,240.1,Drainage!A1027,Drainage,"150mm,pipe"
DRA885,DRA909,"Pipework, accessories & fittings; Cast Iron; Timesaver; Reducer pipe; 150 - 100",m,Drainage,Pipework,121.53,Drainage!O1028,121.53,Drainage!A1028,Drainage,pipe
DRA886,DRA910,"Pipework, accessories & fittings; Cast Iron; Timesaver; 150 x 100 branch",m,Drainage,Pipework,235.15,Drainage!O1029,235.15,Drainage!A1029,Drainage,pipe
DRA887,DRA911,"Pipework, accessories & fittings; Cast Iron; Timesaver; 150 x 150 branch",m,Drainage,Pipework,259.16,Drainage!O1030,259.16,Drainage!A1030,Drainage,pipe
DRA888,DRA912,"Pipework, accessories & fittings; Cast Iron; Timesaver; 225mm dia pipe",m,Drainage,Pipework,258.96,Drainage!O1032,258.96,Drainage!A1032,Drainage,"225mm,pipe"
DRA889,DRA913,"Pipework, accessories & fittings; Cast Iron; Timesaver; 225mm dia; med/long bend; 90 deg",m,Drainage,Pipework,464.81,Drainage!O1033,464.81,Drainage!A1033,Drainage,"225mm,pipe"
DRA890,DRA914,"Pipework, accessories & fittings; Cast Iron; Timesaver; 225mm dia; rocker",m,Drainage,Pipework,283.32,Drainage!O1034,283.32,Drainage!A1034,Drainage,"225mm,pipe"
DRA891,DRA915,"Pipework, accessories & fittings; Cast Iron; Timesaver; Reducer pipe; 225 - 150",m,Drainage,Pipework,258.96,Drainage!O1035,258.96,Drainage!A1035,Drainage,pipe
DRA892,DRA916,"Pipework, accessories & fittings; Cast Iron; Timesaver; 225 x 100 branch",m,Drainage,Pipework,574.14,Drainage!O1036,574.14,Drainage!A1036,Drainage,pipe
DRA893,DRA917,"Pipework, accessories & fittings; Cast Iron; Timesaver; 225 x 150 branch",m,Drainage,Pipework,605.28,Drainage!O1037,605.28,Drainage!A1037,Drainage,pipe
DRA894,DRA918,"Pipework, accessories & fittings; Cast Iron; Timesaver; 225 x 225 branch",m,Drainage,Pipework,690.14,Drainage!O1038,690.14,Drainage!A1038,Drainage,pipe
DRA895,DRA919,"Pipework, accessories & fittings; Blucher Stainless Steel Europipe; 100mm dia pipe",m,Drainage,Pipework,56.01,Drainage!O1041,56.01,Drainage!A1041,Drainage,"100mm,pipe"
DRA896,DRA920,"Pipework, accessories & fittings; Blucher Stainless Steel Europipe; 100mm dia; med/long bend; 90 deg",m,Drainage,Pipework,95.69,Drainage!O1042,95.69,Drainage!A1042,Drainage,"100mm,pipe"
DRA897,DRA921,"Pipework, accessories & fittings; Blucher Stainless Steel Europipe; 100mm dia; rest bend",m,Drainage,Pipework,132.21,Drainage!O1043,132.21,Drainage!A1043,Drainage,"100mm,pipe"
DRA898,DRA922,"Pipework, accessories & fittings; Blucher Stainless Steel Europipe; 100mm dia; rocker",m,Drainage,Pipework,78.56,Drainage!O1044,78.56,Drainage!A1044,Drainage,"100mm,pipe"
DRA899,DRA923,"Pipework, accessories & fittings; Blucher Stainless Steel Europipe; 100 x 100 branch",m,Drainage,Pipework,143.12,Drainage!O1045,143.12,Drainage!A1045,Drainage,pipe
DRA900,DRA924,"Pipework, accessories & fittings; Blucher Stainless Steel Europipe; 150mm dia pipe",m,Drainage,Pipework,93.67,Drainage!O1047,93.67,Drainage!A1047,Drainage,"150mm,pipe"
DRA901,DRA925,"Pipework, accessories & fittings; Blucher Stainless Steel Europipe; 150mm dia; med/long bend; 90 deg",m,Drainage,Pipework,165.15,Drainage!O1048,165.15,Drainage!A1048,Drainage,"150mm,pipe"
DRA902,DRA926,"Pipework, accessories & fittings; Blucher Stainless Steel Europipe; 150mm dia; rest bend",m,Drainage,Pipework,199.95,Drainage!O1049,199.95,Drainage!A1049,Drainage,"150mm,pipe"
DRA903,DRA927,"Pipework, accessories & fittings; Blucher Stainless Steel Europipe; 150mm dia; rocker",m,Drainage,Pipework,112.01,Drainage!O1050,112.01,Drainage!A1050,Drainage,"150mm,pipe"
DRA904,DRA928,"Pipework, accessories & fittings; Blucher Stainless Steel Europipe; 150 x 100 branch",m,Drainage,Pipework,231.31,Drainage!O1051,231.31,Drainage!A1051,Drainage,pipe
DRA905,DRA929,"Pipework, accessories & fittings; Blucher Stainless Steel Europipe; 150 x 150 branch",m,Drainage,Pipework,248.35,Drainage!O1052,248.35,Drainage!A1052,Drainage,pipe
DRA906,DRA882,"Pipework, accessories & fittings; HDPE; 25mm dia pipe",m,Drainage,Pipework,6.32,Drainage!O1055,6.32,Drainage!A1055,Drainage,"25mm,pipe"
DRA907,DRA883,"Pipework, accessories & fittings; HDPE; 25mm dia; elbow",m,Drainage,Pipework,19.35,Drainage!O1056,19.35,Drainage!A1056,Drainage,"25mm,pipe"
DRA908,DRA884,"Pipework, accessories & fittings; HDPE; 25 x 25mm tee",m,Drainage,Pipework,25.19,Drainage!O1057,25.19,Drainage!A1057,Drainage,"25mm,pipe"
DRA909,DRA885,"Pipework, accessories & fittings; HDPE; 25 to 20 reducer",m,Drainage,Pipework,17.4,Drainage!O1058,17.4,Drainage!A1058,Drainage,pipe
DRA910,DRA885,"Pipework, accessories & fittings; HDPE; 32mm dia pipe",m,Drainage,Pipework,9.38,Drainage!O1060,9.38,Drainage!A1060,Drainage,"32mm,pipe"
DRA911,DRA886,"Pipework, accessories & fittings; HDPE; 32mm dia; elbow",m,Drainage,Pipework,20.0,Drainage!O1061,20.0,Drainage!A1061,Drainage,"32mm,pipe"
DRA912,DRA887,"Pipework, accessories & fittings; HDPE; 32 x 32mm tee",m,Drainage,Pipework,37.79,Drainage!O1062,37.79,Drainage!A1062,Drainage,"32mm,pipe"
DRA913,DRA888,"Pipework, accessories & fittings; HDPE; 32 x 25mm tee",m,Drainage,Pipework,37.79,Drainage!O1063,37.79,Drainage!A1063,Drainage,"25mm,pipe"
DRA914,DRA889,"Pipework, accessories & fittings; HDPE; 32 to 25 reducer",m,Drainage,Pipework,21.3,Drainage!O1064,21.3,Drainage!A1064,Drainage,pipe
DRA915,DRA890,"Pipework, accessories & fittings; HDPE; 63mm dia pipe",m,Drainage,Pipework,20.91,Drainage!O1066,20.91,Drainage!A1066,Drainage,"63mm,pipe"
DRA916,DRA891,"Pipework, accessories & fittings; HDPE; 63mm dia pipe; vertical",m,Drainage,Pipework,27.93,Drainage!O1067,27.93,Drainage!A1067,Drainage,"63mm,pipe"
DRA917,DRA892,"Pipework, accessories & fittings; HDPE; 63mm dia; elbow",m,Drainage,Pipework,45.19,Drainage!O1068,45.19,Drainage!A1068,Drainage,"63mm,pipe"
DRA918,DRA893,"Pipework, accessories & fittings; HDPE; 63 x 63mm tee",m,Drainage,Pipework,80.76,Drainage!O1069,80.76,Drainage!A1069,Drainage,"63mm,pipe"
DRA919,DRA894,"Pipework, accessories & fittings; HDPE; 63 x 50/32/25mm tee",m,Drainage,Pipework,80.76,Drainage!O1070,80.76,Drainage!A1070,Drainage,"25mm,pipe"
DRA920,DRA895,"Pipework, accessories & fittings; HDPE; 63 to 32 reducer",m,Drainage,Pipework,61.29,Drainage!O1071,61.29,Drainage!A1071,Drainage,pipe
DRA921,DRA896,"Pipework, accessories & fittings; HDPE; 110mm dia pipe ",m,Drainage,Pipework,45.02,Drainage!O1073,45.02,Drainage!A1073,Drainage,"110mm,pipe"
DRA922,DRA897,"Pipework, accessories & fittings; HDPE; 110mm dia; rocker; 600 lg",m,Drainage,Pipework,40.61,Drainage!O1074,40.61,Drainage!A1074,Drainage,"110mm,pipe"
DRA923,DRA898,"Pipework, accessories & fittings; HDPE; 110mm dia; bend",m,Drainage,Pipework,132.68,Drainage!O1075,132.68,Drainage!A1075,Drainage,"110mm,pipe"
DRA924,DRA899,"Pipework, accessories & fittings; HDPE; 110 x 110mm branch",m,Drainage,Pipework,197.58,Drainage!O1076,197.58,Drainage!A1076,Drainage,"110mm,pipe"
DRA925,DRA900,"Pipework, accessories & fittings; HDPE; 110mm screw door access ",m,Drainage,Pipework,54.9,Drainage!O1077,54.9,Drainage!A1077,Drainage,"110mm,pipe"
DRA926,DRA901,"Pipework, accessories & fittings; HDPE; 110 adaptor / connector to UPVC",m,Drainage,Pipework,223.54,Drainage!O1078,223.54,Drainage!A1078,Drainage,pipe
DRA927,DRA902,"Pipework, accessories & fittings; HDPE; 125mm dia pipe ",m,Drainage,Pipework,55.04,Drainage!O1080,55.04,Drainage!A1080,Drainage,"125mm,pipe"
DRA928,DRA903,"Pipework, accessories & fittings; HDPE; 125mm dia; rocker; 600 lg",m,Drainage,Pipework,56.03,Drainage!O1081,56.03,Drainage!A1081,Drainage,"125mm,pipe"
DRA929,DRA904,"Pipework, accessories & fittings; HDPE; 125mm dia; bend",m,Drainage,Pipework,158.64,Drainage!O1082,158.64,Drainage!A1082,Drainage,"125mm,pipe"
DRA930,DRA905,"Pipework, accessories & fittings; HDPE; 160mm dia pipe ",m,Drainage,Pipework,70.19,Drainage!O1084,70.19,Drainage!A1084,Drainage,"160mm,pipe"
DRA931,DRA906,"Pipework, accessories & fittings; HDPE; 160mm dia; rocker; 600 lg",m,Drainage,Pipework,56.03,Drainage!O1085,56.03,Drainage!A1085,Drainage,"160mm,pipe"
DRA932,DRA907,"Pipework, accessories & fittings; HDPE; 160mm dia; bend",m,Drainage,Pipework,158.64,Drainage!O1086,158.64,Drainage!A1086,Drainage,"160mm,pipe"
DRA933,DRA908,"Pipework, accessories & fittings; HDPE; 160 x 110mm branch",m,Drainage,Pipework,314.4,Drainage!O1087,314.4,Drainage!A1087,Drainage,"110mm,pipe"
DRA934,DRA909,"Pipework, accessories & fittings; HDPE; 250mm dia pipe (inc coupler at 5m c/s)",m,Drainage,Pipework,90.09,Drainage!O1089,90.09,Drainage!A1089,Drainage,"250mm,pipe"
DRA935,DRA910,"Pipework, accessories & fittings; HDPE; 250mm dia; rocker; 600 lg",m,Drainage,Pipework,259.64,Drainage!O1090,259.64,Drainage!A1090,Drainage,"250mm,pipe"
DRA936,DRA911,"Pipework, accessories & fittings; HDPE; 250mm dia; bend",m,Drainage,Pipework,354.02,Drainage!O1091,354.02,Drainage!A1091,Drainage,"250mm,pipe"
DRA937,DRA912,"Pipework, accessories & fittings; HDPE; 250 x 250mm branch",m,Drainage,Pipework,497.82,Drainage!O1092,497.82,Drainage!A1092,Drainage,"250mm,pipe"
DRA938,DRA913,"Pipework, accessories & fittings; HDPE; 315mm dia pipe (inc coupler at 5m c/s)",m,Drainage,Pipework,110.47,Drainage!O1094,110.47,Drainage!A1094,Drainage,"315mm,pipe"
DRA939,DRA914,"Pipework, accessories & fittings; HDPE; 315mm dia; rocker; 600 lg",m,Drainage,Pipework,334.96,Drainage!O1095,334.96,Drainage!A1095,Drainage,"315mm,pipe"
DRA940,DRA915,"Pipework, accessories & fittings; HDPE; 315mm dia; bend",m,Drainage,Pipework,470.59,Drainage!O1096,470.59,Drainage!A1096,Drainage,"315mm,pipe"
DRA941,DRA908,"Gullies, channels, etc.; Clay; Square gully; 100dia; 150sq plastic grid; SG2/1",m,Drainage,Gullies,88.46,Drainage!O1099,88.46,Drainage!A1099,Drainage,
DRA942,DRA893,"Gullies, channels, etc.; Clay; Inlet gully; SDG3/1",m,Drainage,Gullies,99.91,Drainage!O1100,99.91,Drainage!A1100,Drainage,
DRA943,DRA894,"Gullies, channels, etc.; Clay; Paved area gully; SDG2/1",m,Drainage,Gullies,93.29,Drainage!O1101,93.29,Drainage!A1101,Drainage,
DRA944,DRA895,"Gullies, channels, etc.; Clay; Access gully; SG3/1",m,Drainage,Gullies,90.53,Drainage!O1102,90.53,Drainage!A1102,Drainage,
DRA945,DRA896,"Gullies, channels, etc.; Clay; Yard gully; 225 dia x 585 dp x 100 outlet; LD G&F; RGP5",m,Drainage,Gullies,295.45,Drainage!O1103,295.45,Drainage!A1103,Drainage,
DRA946,DRA897,"Gullies, channels, etc.; Clay; Yard gully; 225 dia x 585 dp x 100 outlet; MD G&F; RGP6",m,Drainage,Gullies,297.17,Drainage!O1104,297.17,Drainage!A1104,Drainage,
DRA947,DRA898,"Gullies, channels, etc.; Clay; Yard gully; 225 dia x 585 dp x 100 outlet; MD G&F; RGP6, with Filter/Silt bucket IBP3",m,Drainage,Gullies,387.15,Drainage!O1105,387.15,Drainage!A1105,Drainage,
DRA948,DRA899,"Gullies, channels, etc.; UPVC; Inlet hopper 4D508; gully trap 4D500",m,Drainage,Gullies,81.78,Drainage!O1106,81.78,Drainage!A1106,Drainage,
DRA949,DRA900,"Gullies, channels, etc.; UPVC; Plain hopper 4D503; gully trap 4D500",m,Drainage,Gullies,86.22,Drainage!O1107,86.22,Drainage!A1107,Drainage,
DRA950,DRA901,"Gullies, channels, etc.; UPVC; Yard gully 4D701",m,Drainage,Gullies,81.39,Drainage!O1108,81.39,Drainage!A1108,Drainage,
DRA951,DRA902,"Gullies, channels, etc.; UPVC; Bottle gully 4D901",m,Drainage,Gullies,88.64,Drainage!O1109,88.64,Drainage!A1109,Drainage,
DRA952,DRA903,"Gullies, channels, etc.; CI; Plain gully inlet & trap; Heavy grate; TD684, TD60, TD651",m,Drainage,Gullies,335.92,Drainage!O1110,335.92,Drainage!A1110,Drainage,
DRA953,DRA904,"Gullies, channels, etc.; CI; Gully trap with surface access; TD107, TD500, TD612",m,Drainage,Gullies,374.81,Drainage!O1111,374.81,Drainage!A1111,Drainage,
DRA954,DRA905,"Gullies, channels, etc.; CI; Deans trap gully; TD550; 600dp inc sediment pan",m,Drainage,Gullies,544.12,Drainage!O1112,544.12,Drainage!A1112,Drainage,
DRA955,DRA906,"Gullies, channels, etc.; CI; Gully trap; TD551; 425dp inc sediment pan",m,Drainage,Gullies,456.97,Drainage!O1113,456.97,Drainage!A1113,Drainage,
DRA956,DRA907,"Gullies, channels, etc.; CI; Gully trap square; TD553; inc sediment pan",m,Drainage,Gullies,460.03,Drainage!O1114,460.03,Drainage!A1114,Drainage,
DRA957,DRA908,"Gullies, channels, etc.; CI; Grease trap; TD706; inc sediment pan",m,Drainage,General Drainage,1011.39,Drainage!O1115,1011.39,Drainage!A1115,Drainage,
DRA958,DRA909,"Gullies, channels, etc.; CI; Garage gully; TD556; 225 x 600dp inc sediment pan",m,Drainage,Gullies,484.64,Drainage!O1116,484.64,Drainage!A1116,Drainage,
DRA959,DRA910,"Gullies, channels, etc.; CI; Garage gully; TD554; 300 x 600dp inc sediment pan",m,Drainage,Gullies,915.97,Drainage!O1117,915.97,Drainage!A1117,Drainage,
DRA960,DRA911,"Gullies, channels, etc.; CI; Garage gully; TD558; 325 x 600dp inc sediment pan",m,Drainage,Gullies,994.39,Drainage!O1118,994.39,Drainage!A1118,Drainage,
DRA961,DRA912,"Gullies, channels, etc.; Road gully; Conc; 450 dia x 900 dp; 150 dia outlet; D400 400 x 440 grating & frame",m,Drainage,Gullies,393.06,Drainage!O1119,393.06,Drainage!A1119,Drainage,
DRA962,DRA913,"Gullies, channels, etc.; Road gully; Clay; 450 dia x 900 dp; 150 dia outlet; Hepworth ref RGR4; D400 400 x 440 grating & frame",m,Drainage,Gullies,457.87,Drainage!O1120,457.87,Drainage!A1120,Drainage,
DRA963,DRA914,"Gullies, channels, etc.; Existing road gully; take off existing cover and re-set",m,Drainage,Gullies,152.09,Drainage!O1121,152.09,Drainage!A1121,Drainage,
DRA964,DRA915,"Gullies, channels, etc.; Wade floor gully; K2193 NBronze grating & frame, U1404 bottle trap, T1103 100mm dia S/S adaptor; conc surround",m,Drainage,Gullies,278.13,Drainage!O1122,278.13,Drainage!A1122,Drainage,100mm
DRA965,DRA916,"Gullies, channels, etc.; Extra; Nickel bronze grating; Wade reference L2141 with pipework adaptor Wade reference T301",m,Drainage,Pipework,102.02,Drainage!O1123,102.02,Drainage!A1123,Drainage,pipe
DRA966,DRA915,"Gullies, channels, etc.; Wade floor gully; K2307 SS grating & frame, G304 trap, U104 extn pipe; seal kit & collar; concrete surround",m,Drainage,Gullies,628.59,Drainage!O1124,628.59,Drainage!A1124,Drainage,pipe
DRA967,DRA916,"Gullies, channels, etc.; Plantroom Floor gully; Wade G304 trapped gully body; stainless steel grating Wade L2106 with extension piece to suit",m,Drainage,Gullies,359.45,Drainage!O1125,359.45,Drainage!A1125,Drainage,
DRA968,DRA917,"Gullies, channels, etc.; Bulcher s/s int floor gully with waterless odour trap",m,Drainage,Gullies,1017.5,Drainage!O1126,1017.5,Drainage!A1126,Drainage,
DRA969,DRA916,"Gullies, channels, etc.; Wade floor gully; K2307 SS grating & frame, U1404 bottle trap, C204 gully body, U602 Tundish, clamping collar; conc surround",m,Drainage,Gullies,402.62,Drainage!O1127,402.62,Drainage!A1127,Drainage,
DRA970,DRA917,"Gullies, channels, etc.; Universal grease trap RGU1, 600x450x550dp; LD C&F",m,Drainage,General Drainage,841.41,Drainage!O1128,841.41,Drainage!A1128,Drainage,
DRA971,DRA918,"Gullies, channels, etc.; Channel drain; ACO M100D; with 400DL slotted galvanised grate (A15)",m,Drainage,General Drainage,80.98,Drainage!O1129,80.98,Drainage!A1129,Drainage,
DRA972,DRA919,"Gullies, channels, etc.; Channel drain; ACO M100D; with 522DL Heelguard composite grate (C250)",m,Drainage,General Drainage,95.89,Drainage!O1130,95.89,Drainage!A1130,Drainage,
DRA973,DRA920,"Gullies, channels, etc.; Channel drain; ACO M100D; with 23405DL Heelguard ductile iron grate (D400)",m,Drainage,General Drainage,101.57,Drainage!O1131,101.57,Drainage!A1131,Drainage,
DRA974,DRA921,"Gullies, channels, etc.; Channel drain; ACO M100D; with 23460 Galvanised Steel Brickslot grating (C250)",m,Drainage,General Drainage,126.91,Drainage!O1132,126.91,Drainage!A1132,Drainage,
DRA975,DRA922,"Gullies, channels, etc.; Channel drain; ACO M100D; with 23465 Galvanised Steel Brickslot grating (D400)",m,Drainage,General Drainage,146.87,Drainage!O1133,146.87,Drainage!A1133,Drainage,
DRA976,DRA923,"Gullies, channels, etc.; Ends",m,Drainage,General Drainage,36.04,Drainage!O1134,36.04,Drainage!A1134,Drainage,
DRA977,DRA924,"Gullies, channels, etc.; Angle junction",m,Drainage,General Drainage,116.73,Drainage!O1135,116.73,Drainage!A1135,Drainage,
DRA978,DRA925,"Gullies, channels, etc.; T junction",m,Drainage,General Drainage,78.13,Drainage!O1136,78.13,Drainage!A1136,Drainage,
DRA979,DRA923,"Gullies, channels, etc.; Access unit",m,Drainage,General Drainage,279.22,Drainage!O1137,279.22,Drainage!A1137,Drainage,
DRA980,DRA924,"Gullies, channels, etc.; Sump/outlet",m,Drainage,General Drainage,265.3,Drainage!O1138,265.3,Drainage!A1138,Drainage,
DRA981,DRA925,"Gullies, channels, etc.; Channel drain; ACO S100D; with 774 Heelguard ductile iron grate (D400)",m,Drainage,General Drainage,97.08,Drainage!O1139,97.08,Drainage!A1139,Drainage,
DRA982,DRA926,"Gullies, channels, etc.; Ends",m,Drainage,General Drainage,23.7,Drainage!O1140,23.7,Drainage!A1140,Drainage,
DRA983,DRA927,"Gullies, channels, etc.; Sump/outlet",m,Drainage,General Drainage,197.09,Drainage!O1141,197.09,Drainage!A1141,Drainage,
DRA984,DRA928,"Gullies, channels, etc.; Channel drain; ACO M150D; with 23161DL Heelguard ductile iron grate (D400)",m,Drainage,General Drainage,151.84,Drainage!O1142,151.84,Drainage!A1142,Drainage,
DRA985,DRA929,"Gullies, channels, etc.; Ends",m,Drainage,General Drainage,21.88,Drainage!O1143,21.88,Drainage!A1143,Drainage,
DRA986,DRA930,"Gullies, channels, etc.; Angle junction",m,Drainage,General Drainage,51.08,Drainage!O1144,51.08,Drainage!A1144,Drainage,
DRA987,DRA931,"Gullies, channels, etc.; Sump/outlet",m,Drainage,General Drainage,348.23,Drainage!O1145,348.23,Drainage!A1145,Drainage,
DRA988,DRA932,"Gullies, channels, etc.; Channel drain; ACO M200D; with 23221DL Heelguard ductile iron grate (D400)",m,Drainage,General Drainage,188.09,Drainage!O1146,188.09,Drainage!A1146,Drainage,
DRA989,DRA933,"Gullies, channels, etc.; Ends",m,Drainage,General Drainage,22.92,Drainage!O1147,22.92,Drainage!A1147,Drainage,
DRA990,DRA934,"Gullies, channels, etc.; Sump/outlet",m,Drainage,General Drainage,352.72,Drainage!O1148,352.72,Drainage!A1148,Drainage,
DRA991,DRA935,"Gullies, channels, etc.; Channel drain; PolyChannel MW100; with slotted galvanised grate (A15)",m,Drainage,General Drainage,97.93,Drainage!O1149,97.93,Drainage!A1149,Drainage,
DRA992,DRA936,"Gullies, channels, etc.; Channel drain; Polychannel MW100; with Cast Iron Polyheel slotted grate (C250)",m,Drainage,General Drainage,104.53,Drainage!O1150,104.53,Drainage!A1150,Drainage,
DRA993,DRA937,"Gullies, channels, etc.; Ends",m,Drainage,General Drainage,33.87,Drainage!O1151,33.87,Drainage!A1151,Drainage,
DRA994,DRA938,"Gullies, channels, etc.; End trap & rodding eye",m,Drainage,General Drainage,245.34,Drainage!O1152,245.34,Drainage!A1152,Drainage,
DRA995,DRA939,"Gullies, channels, etc.; Sump/outlet",m,Drainage,General Drainage,190.2,Drainage!O1153,190.2,Drainage!A1153,Drainage,
DRA996,DRA940,"Gullies, channels, etc.; Channel drain; PolyChannel SKCR with stainless steel edge; with slotted stainless steel grate (A15)",m,Drainage,General Drainage,194.1,Drainage!O1154,194.1,Drainage!A1154,Drainage,
DRA997,DRA941,"Gullies, channels, etc.; Ends",m,Drainage,General Drainage,33.87,Drainage!O1155,33.87,Drainage!A1155,Drainage,
DRA998,DRA942,"Gullies, channels, etc.; End trap & rodding eye",m,Drainage,General Drainage,259.7,Drainage!O1156,259.7,Drainage!A1156,Drainage,
DRA999,DRA943,"Gullies, channels, etc.; Sump/outlet",m,Drainage,General Drainage,222.7,Drainage!O1157,222.7,Drainage!A1157,Drainage,
DRA1000,DRA944,"Gullies, channels, etc.; Channel drain; PolyChannel MW150; with slotted cast iron grate (A15)",m,Drainage,General Drainage,156.79,Drainage!O1158,156.79,Drainage!A1158,Drainage,
DRA1001,DRA945,"Gullies, channels, etc.; Ends",m,Drainage,General Drainage,46.19,Drainage!O1159,46.19,Drainage!A1159,Drainage,
DRA1002,DRA946,"Gullies, channels, etc.; Sump/outlet",m,Drainage,General Drainage,253.91,Drainage!O1160,253.91,Drainage!A1160,Drainage,
DRA1003,DRA947,"Gullies, channels, etc.; Channel drain; PolyChannel MW200; with slotted cast iron grate (A15)",m,Drainage,General Drainage,211.39,Drainage!O1161,211.39,Drainage!A1161,Drainage,
DRA1004,DRA948,"Gullies, channels, etc.; Ends",m,Drainage,General Drainage,70.74,Drainage!O1162,70.74,Drainage!A1162,Drainage,
DRA1005,DRA949,"Gullies, channels, etc.; Sump/outlet",m,Drainage,General Drainage,339.3,Drainage!O1163,339.3,Drainage!A1163,Drainage,
DRA1006,DRA950,"Gullies, channels, etc.; Channel drain; PolyChannel MW300; with slotted cast iron grate (A15)",m,Drainage,General Drainage,286.42,Drainage!O1164,286.42,Drainage!A1164,Drainage,
DRA1007,DRA951,"Gullies, channels, etc.; Ends",m,Drainage,General Drainage,84.7,Drainage!O1165,84.7,Drainage!A1165,Drainage,
DRA1008,DRA952,"Gullies, channels, etc.; Sump/outlet",m,Drainage,General Drainage,524.51,Drainage!O1166,524.51,Drainage!A1166,Drainage,
DRA1009,DRA953,"Gullies, channels, etc.; Channel drain; ACO Brickslot C250",m,Drainage,General Drainage,96.3,Drainage!O1167,96.3,Drainage!A1167,Drainage,
DRA1010,DRA954,"Gullies, channels, etc.; Ends",m,Drainage,General Drainage,18.63,Drainage!O1168,18.63,Drainage!A1168,Drainage,
DRA1011,DRA955,"Gullies, channels, etc.; Angles",m,Drainage,General Drainage,54.62,Drainage!O1169,54.62,Drainage!A1169,Drainage,
DRA1012,DRA956,"Gullies, channels, etc.; Sump/outlet",m,Drainage,General Drainage,195.07,Drainage!O1170,195.07,Drainage!A1170,Drainage,
DRA1013,DRA957,"Gullies, channels, etc.; Kerb drain; ACO KD255HB",m,Drainage,General Drainage,76.93,Drainage!O1171,76.93,Drainage!A1171,Drainage,
DRA1014,DRA958,"Gullies, channels, etc.; Kerb drain; ACO KD255HB; curved",m,Drainage,General Drainage,95.25,Drainage!O1172,95.25,Drainage!A1172,Drainage,
DRA1015,DRA959,"Gullies, channels, etc.; Kerb drain; ACO KD305HB",m,Drainage,General Drainage,84.75,Drainage!O1173,84.75,Drainage!A1173,Drainage,
DRA1016,DRA960,"Gullies, channels, etc.; Kerb drain; ACO KD305HB; curved",m,Drainage,General Drainage,106.19,Drainage!O1174,106.19,Drainage!A1174,Drainage,
DRA1017,DRA961,"Gullies, channels, etc.; Kerb drain; ACO KD405HB",m,Drainage,General Drainage,99.96,Drainage!O1175,99.96,Drainage!A1175,Drainage,
DRA1018,DRA962,"Gullies, channels, etc.; Kerb drain; ACO KD405HB; curved",m,Drainage,General Drainage,127.49,Drainage!O1176,127.49,Drainage!A1176,Drainage,
DRA1019,DRA963,"Gullies, channels, etc.; Kerb drain; ACO KD480HB",m,Drainage,General Drainage,111.37,Drainage!O1177,111.37,Drainage!A1177,Drainage,
DRA1020,DRA964,"Gullies, channels, etc.; Kerb drain; ACO KD480HB; curved",m,Drainage,General Drainage,143.47,Drainage!O1178,143.47,Drainage!A1178,Drainage,
DRA1021,DRA965,"Gullies, channels, etc.; Ends",m,Drainage,General Drainage,28.07,Drainage!O1179,28.07,Drainage!A1179,Drainage,
DRA1022,DRA966,"Gullies, channels, etc.; Access chamber / Gully unit / outlet",m,Drainage,Gullies,518.0,Drainage!O1180,518.0,Drainage!A1180,Drainage,
DRA1023,DRA967,"Gullies, channels, etc.; Kerb drain; ACO SP380",m,Drainage,General Drainage,82.68,Drainage!O1181,82.68,Drainage!A1181,Drainage,
DRA1024,DRA968,"Gullies, channels, etc.; Kerb drain; ACO SP380; curved",m,Drainage,General Drainage,100.93,Drainage!O1182,100.93,Drainage!A1182,Drainage,
DRA1025,DRA969,"Gullies, channels, etc.; Ends",m,Drainage,General Drainage,28.07,Drainage!O1183,28.07,Drainage!A1183,Drainage,
DRA1026,DRA970,"Gullies, channels, etc.; Gully unit / outlet",m,Drainage,Gullies,376.58,Drainage!O1184,376.58,Drainage!A1184,Drainage,
DRA1027,DRA971,"Gullies, channels, etc.; Beany block drainage kerb",m,Drainage,General Drainage,119.52,Drainage!O1185,119.52,Drainage!A1185,Drainage,drainage
DRA1028,DRA972,"Gullies, channels, etc.; Beany block drainage kerb; radius/curved on plan",m,Drainage,General Drainage,157.73,Drainage!O1186,157.73,Drainage!A1186,Drainage,drainage
DRA1029,DRA973,"Gullies, channels, etc.; Beany block gully outfall",m,Drainage,Gullies,464.01,Drainage!O1187,464.01,Drainage!A1187,Drainage,
DRA1030,DRA974,"Gullies, channels, etc.; Beany block end cap",m,Drainage,General Drainage,43.69,Drainage!O1188,43.69,Drainage!A1188,Drainage,
DRA1031,DRA975,"Gullies, channels, etc.; Mini Beany drainage kerb",m,Drainage,General Drainage,99.49,Drainage!O1189,99.49,Drainage!A1189,Drainage,drainage
DRA1032,DRA976,"Gullies, channels, etc.; Mini Beany gully outfall",m,Drainage,Gullies,456.81,Drainage!O1190,456.81,Drainage!A1190,Drainage,
DRA1033,DRA977,"Gullies, channels, etc.; Mini beany end cap",m,Drainage,General Drainage,41.83,Drainage!O1191,41.83,Drainage!A1191,Drainage,
DRA1034,DRA978,"Gullies, channels, etc.; Slot drain; Birco 100 0/0",m,Drainage,General Drainage,187.78,Drainage!O1192,187.78,Drainage!A1192,Drainage,
DRA1035,DRA979,"Gullies, channels, etc.; Slot drain; Ends",m,Drainage,General Drainage,25.35,Drainage!O1193,25.35,Drainage!A1193,Drainage,
DRA1036,DRA980,"Gullies, channels, etc.; Slot Drain access cover & bolts",m,Drainage,General Drainage,251.82,Drainage!O1194,251.82,Drainage!A1194,Drainage,
DRA1037,DRA981,"Gullies, channels, etc.; Slot Drain; Cap outlet",m,Drainage,General Drainage,66.55,Drainage!O1195,66.55,Drainage!A1195,Drainage,
DRA1038,DRA982,"Gullies, channels, etc.; Slot drain; Sump/outlet",m,Drainage,General Drainage,323.16,Drainage!O1196,323.16,Drainage!A1196,Drainage,
DRA1039,DRA983,"Gullies, channels, etc.; Threshold drain",m,Drainage,General Drainage,56.83,Drainage!O1197,56.83,Drainage!A1197,Drainage,
DRA1040,DRA984,"Gullies, channels, etc.; Ends",m,Drainage,General Drainage,18.34,Drainage!O1198,18.34,Drainage!A1198,Drainage,
DRA1041,DRA985,"Gullies, channels, etc.; Outlet",m,Drainage,General Drainage,62.34,Drainage!O1199,62.34,Drainage!A1199,Drainage,
DRA1042,DRA986,"Gullies, channels, etc.; Gatic Paveslot channel; 100mm wide",m,Drainage,General Drainage,211.38,Drainage!O1200,211.38,Drainage!A1200,Drainage,100mm
DRA1043,DRA987,"Gullies, channels, etc.; Gatic Paveslot channel; Ends",m,Drainage,General Drainage,31.25,Drainage!O1201,31.25,Drainage!A1201,Drainage,
DRA1044,DRA988,"Gullies, channels, etc.; Gatic Paveslot channel; Sump/outlet",m,Drainage,General Drainage,511.96,Drainage!O1202,511.96,Drainage!A1202,Drainage,
DRA1045,DRA989,"Gullies, channels, etc.; Gatic Slot Drain; 225mm ultraslot",m,Drainage,General Drainage,313.5,Drainage!O1203,313.5,Drainage!A1203,Drainage,225mm
DRA1046,DRA990,"Gullies, channels, etc.; Combined access/outlet box for 225 ultraslot",m,Drainage,General Drainage,734.3,Drainage!O1204,734.3,Drainage!A1204,Drainage,
DRA1047,DRA991,"Gullies, channels, etc.; Gatic Slot Drain; 300mm ultraslot",m,Drainage,General Drainage,335.14,Drainage!O1205,335.14,Drainage!A1205,Drainage,300mm
DRA1048,DRA992,"Gullies, channels, etc.; Combined access/outlet box for 300 ultraslot",m,Drainage,General Drainage,857.39,Drainage!O1206,857.39,Drainage!A1206,Drainage,
DRA1049,DRA993,"Gullies, channels, etc.; Gatic Slot Drain; 600mm ultraslot",m,Drainage,General Drainage,571.19,Drainage!O1207,571.19,Drainage!A1207,Drainage,600mm
DRA1050,DRA994,"Gullies, channels, etc.; Combined access/outlet box for 600 ultraslot",m,Drainage,General Drainage,1461.7,Drainage!O1208,1461.7,Drainage!A1208,Drainage,
DRA1051,DRA995,"Gullies, connections, etc; UPVC; Yard gully; 300 dia x 600 dp; 110 dia outlet; 4D800; light duty grating & frame",m,Drainage,Gullies,217.37,Drainage!O1211,217.37,Drainage!A1211,Drainage,
DRA1052,DRA996,"Gullies, connections, etc; UPVC; Road gully 6TW650; 450 dia x 750/900 dp; 150 dia outlet; D400 400 x 440 grating & frame",m,Drainage,Gullies,325.63,Drainage!O1212,325.63,Drainage!A1212,Drainage,
DRA1053,DRA997,"Gullies, connections, etc; UPVC; Channel drain; ACO M100; with pressed steel grate",m,Drainage,General Drainage,145.95,Drainage!O1213,145.95,Drainage!A1213,Drainage,
DRA1054,DRA998,"Gullies, connections, etc; UPVC; Ends",m,Drainage,General Drainage,18.63,Drainage!O1214,18.63,Drainage!A1214,Drainage,
DRA1055,DRA999,"Gullies, connections, etc; UPVC; Sump/outlet",m,Drainage,General Drainage,232.7,Drainage!O1215,232.7,Drainage!A1215,Drainage,
DRA1056,DRA1000,"Gullies, connections, etc; Cast Iron; Plain gully inlet & trap; Heavy grate; TD684, TD60, TD651",m,Drainage,Gullies,335.92,Drainage!O1218,335.92,Drainage!A1218,Drainage,
DRA1057,DRA1001,"Gullies, connections, etc; Cast Iron; Gully trap with surface access; TD107, TD500, TD612",m,Drainage,Gullies,374.81,Drainage!O1219,374.81,Drainage!A1219,Drainage,
DRA1058,DRA1002,"Gullies, connections, etc; Cast Iron; Deans trap gully; TD550; 600dp inc sediment pan",m,Drainage,Gullies,544.12,Drainage!O1220,544.12,Drainage!A1220,Drainage,
DRA1059,DRA1003,"Gullies, connections, etc; Cast Iron; Gully trap; TD551; 425dp inc sediment pan",m,Drainage,Gullies,456.97,Drainage!O1221,456.97,Drainage!A1221,Drainage,
DRA1060,DRA1004,"Gullies, connections, etc; Cast Iron; Gully trap square; TD553; inc sediment pan",m,Drainage,Gullies,460.03,Drainage!O1222,460.03,Drainage!A1222,Drainage,
DRA1061,DRA1005,"Gullies, connections, etc; Cast Iron; Garage gully; TD556; 225 x 600dp inc sediment pan",m,Drainage,Gullies,484.64,Drainage!O1223,484.64,Drainage!A1223,Drainage,
DRA1062,DRA1006,"Gullies, connections, etc; Cast Iron; Garage gully; TD554; 300 x 600dp inc sediment pan",m,Drainage,Gullies,915.97,Drainage!O1224,915.97,Drainage!A1224,Drainage,
DRA1063,DRA1007,"Gullies, connections, etc; Cast Iron; Garage gully; TD558; 325 x 600dp inc sediment pan",m,Drainage,Gullies,994.39,Drainage!O1225,994.39,Drainage!A1225,Drainage,
DRA1064,DRA1008,Box Culverts; Excavate trenches,m,Drainage,Excavation,15.6,Drainage!O1228,15.6,Drainage!A1228,Drainage,"excavate,trench"
DRA1065,DRA1009,Box Culverts; Working space,m,Drainage,General Drainage,19.29,Drainage!O1229,19.29,Drainage!A1229,Drainage,
DRA1066,DRA1010,Box Culverts; EWS,m,Drainage,General Drainage,11.93,Drainage!O1230,11.93,Drainage!A1230,Drainage,
DRA1067,DRA1011,Box Culverts; Dispose of arisings off site,m,Drainage,General Drainage,44.25,Drainage!O1231,44.25,Drainage!A1231,Drainage,dispose
DRA1068,DRA1012,Box Culverts; L&C bottom of excavation,m,Drainage,Excavation,0.52,Drainage!O1232,0.52,Drainage!A1232,Drainage,
DRA1069,DRA1013,Box Culverts; Herbicide to surface of ground,m,Drainage,General Drainage,0.19,Drainage!O1233,0.19,Drainage!A1233,Drainage,
DRA1070,DRA1014,Box Culverts; Backfill above culvert with SEM,m,Drainage,Backfilling,5.51,Drainage!O1234,5.51,Drainage!A1234,Drainage,"backfill,sem"
DRA1071,DRA1015,Box Culverts; Backfill above culvert with imported type 1,m,Drainage,Backfilling,47.15,Drainage!O1235,47.15,Drainage!A1235,Drainage,backfill
DRA1072,DRA1016,Box Culverts; L&C surface of fill,m,Drainage,General Drainage,0.52,Drainage!O1236,0.52,Drainage!A1236,Drainage,
DRA1073,DRA1017,Box Culverts; Sand bed; 100mm thk,m,Drainage,General Drainage,9.18,Drainage!O1237,9.18,Drainage!A1237,Drainage,100mm
DRA1074,DRA1018,Box Culverts; Concrete bed; ,m,Drainage,General Drainage,110.03,Drainage!O1238,110.03,Drainage!A1238,Drainage,
DRA1075,DRA1019,Box Culverts; Pea shingle bed & surround,m,Drainage,General Drainage,67.98,Drainage!O1239,67.98,Drainage!A1239,Drainage,
DRA1076,DRA1020,Box Culverts; PC concrete box culvert; 1.20 x 0.75m,m,Drainage,General Drainage,633.79,Drainage!O1240,633.79,Drainage!A1240,Drainage,
DRA1077,DRA1021,Box Culverts; PC concrete box culvert; 1.80 x 1.20m,m,Drainage,General Drainage,1025.6,Drainage!O1241,1025.6,Drainage!A1241,Drainage,
DRA1078,DRA1022,Box Culverts; PC concrete box culvert; 2.00 x 1.50m,m,Drainage,General Drainage,1240.22,Drainage!O1242,1240.22,Drainage!A1242,Drainage,
DRA1079,DRA1023,Box Culverts; PC concrete box culvert; 2.40 x 2.40m,m,Drainage,General Drainage,1734.08,Drainage!O1243,1734.08,Drainage!A1243,Drainage,
DRA1080,DRA1024,Box Culverts; PC concrete box culvert; 3.00 x 2.10m,m,Drainage,General Drainage,2895.55,Drainage!O1244,2895.55,Drainage!A1244,Drainage,
DRA1081,DRA1025,"Box Culverts; 100/150 dia branch connection to culvert; drill culvert wall, seal and make good around connection",m,Drainage,General Drainage,785.06,Drainage!O1245,785.06,Drainage!A1245,Drainage,
DRA1082,DRA1026,Osma shallow inspection chamber; 250mm dia; A15 C&F; depth to invert:-; depth to invert: not exceeding 0.5 m,m,Drainage,General Drainage,142.81,Drainage!O1250,142.81,Drainage!A1250,Drainage,"250mm,invert,depth"
DRA1083,DRA1027,Osma shallow inspection chamber; 250mm dia; A15 C&F; depth to invert:-; depth to invert: 0.5 - 0.75 m,m,Drainage,General Drainage,162.69,Drainage!O1251,162.69,Drainage!A1251,Drainage,"250mm,invert,depth"
DRA1084,DRA1028,PPIC mini access chamber; 300mm dia; A15 C&F; depth to invert:-; depth to invert: not exceeding 0.5 m,m,Drainage,General Drainage,259.91,Drainage!O1254,259.91,Drainage!A1254,Drainage,"300mm,invert,depth"
DRA1085,DRA1029,PPIC mini access chamber; 300mm dia; A15 C&F; depth to invert:-; depth to invert: 0.5 - 0.75 m,m,Drainage,General Drainage,278.99,Drainage!O1255,278.99,Drainage!A1255,Drainage,"300mm,invert,depth"
DRA1086,DRA1027,Osma multi base inspection chamber; 315mm dia; A15 C&F; depth to invert:-; depth to invert: not exceeding 0.5 m,m,Drainage,General Drainage,148.6,Drainage!O1258,148.6,Drainage!A1258,Drainage,"315mm,invert,depth"
DRA1087,DRA1028,Osma multi base inspection chamber; 315mm dia; A15 C&F; depth to invert:-; depth to invert: 0.5 - 0.75 m,m,Drainage,General Drainage,186.5,Drainage!O1259,186.5,Drainage!A1259,Drainage,"315mm,invert,depth"
DRA1088,DRA1022,Osma universal inspection chamber; 450mm dia; 110mm main channel; (for use with Osma pipes); A15 C&F; depth to invert:-; depth to invert: not exceeding 0.5 m,m,Drainage,Pipework,199.77,Drainage!O1262,199.77,Drainage!A1262,Drainage,"450mm,110mm,pipe,invert,depth"
DRA1089,DRA1023,Osma universal inspection chamber; 450mm dia; 110mm main channel; (for use with Osma pipes); A15 C&F; depth to invert:-; depth to invert: 0.5 - 0.75 m,m,Drainage,Pipework,245.72,Drainage!O1263,245.72,Drainage!A1263,Drainage,"450mm,110mm,pipe,invert,depth"
DRA1090,DRA1024,Osma universal inspection chamber; 450mm dia; 110mm main channel; (for use with Osma pipes); A15 C&F; depth to invert:-; depth to invert: 0.75 - 1 m,m,Drainage,Pipework,291.67,Drainage!O1264,291.67,Drainage!A1264,Drainage,"450mm,110mm,pipe,invert,depth"
DRA1091,DRA1025,Osma universal inspection chamber; 450mm dia; 110mm main channel; (for use with Osma pipes); A15 C&F; depth to invert:-; depth to invert: 1 - 1.25 m,m,Drainage,Pipework,337.62,Drainage!O1265,337.62,Drainage!A1265,Drainage,"450mm,110mm,pipe,invert,depth"
DRA1092,DRA1026,Osma universal inspection chamber; 450mm dia; 110mm main channel; (for use with Osma pipes); A15 C&F; depth to invert:-; EO for B125 cover & frame,m,Drainage,Pipework,24.79,Drainage!O1266,24.79,Drainage!A1266,Drainage,"450mm,110mm,pipe,invert,depth"
DRA1093,DRA1027,Osma universal inspection chamber; 450mm dia; 160mm main channel; (for use with Osma pipes); A15 C&F; depth to invert:-; depth to invert: not exceeding 0.5 m,m,Drainage,Pipework,210.38,Drainage!O1269,210.38,Drainage!A1269,Drainage,"450mm,160mm,pipe,invert,depth"
DRA1094,DRA1028,Osma universal inspection chamber; 450mm dia; 160mm main channel; (for use with Osma pipes); A15 C&F; depth to invert:-; depth to invert: 0.5 - 0.75 m,m,Drainage,Pipework,255.94,Drainage!O1270,255.94,Drainage!A1270,Drainage,"450mm,160mm,pipe,invert,depth"
DRA1095,DRA1029,Osma universal inspection chamber; 450mm dia; 160mm main channel; (for use with Osma pipes); A15 C&F; depth to invert:-; depth to invert: 0.75 - 1 m,m,Drainage,Pipework,301.51,Drainage!O1271,301.51,Drainage!A1271,Drainage,"450mm,160mm,pipe,invert,depth"
DRA1096,DRA1030,Osma universal inspection chamber; 450mm dia; 160mm main channel; (for use with Osma pipes); A15 C&F; depth to invert:-; depth to invert: 1 - 1.25 m,m,Drainage,Pipework,347.07,Drainage!O1272,347.07,Drainage!A1272,Drainage,"450mm,160mm,pipe,invert,depth"
DRA1097,DRA1031,Osma universal inspection chamber; 450mm dia; 160mm main channel; (for use with Osma pipes); A15 C&F; depth to invert:-; EO for B125 cover & frame,m,Drainage,Pipework,24.79,Drainage!O1273,24.79,Drainage!A1273,Drainage,"450mm,160mm,pipe,invert,depth"
DRA1098,DRA1032,Universal PPIC inspection chamber; 475mm dia; 100/110 main channel; A15 C&F; depth to invert:-; depth to invert: not exceeding 0.5 m,m,Drainage,General Drainage,405.2,Drainage!O1276,405.2,Drainage!A1276,Drainage,"475mm,invert,depth"
DRA1099,DRA1033,Universal PPIC inspection chamber; 475mm dia; 100/110 main channel; A15 C&F; depth to invert:-; depth to invert: 0.5 - 0.75 m,m,Drainage,General Drainage,484.84,Drainage!O1277,484.84,Drainage!A1277,Drainage,"475mm,invert,depth"
DRA1100,DRA1034,Universal PPIC inspection chamber; 475mm dia; 100/110 main channel; A15 C&F; depth to invert:-; depth to invert: 0.75 - 1 m,m,Drainage,General Drainage,531.44,Drainage!O1278,531.44,Drainage!A1278,Drainage,"475mm,invert,depth"
DRA1101,DRA1035,Universal PPIC inspection chamber; 475mm dia; 100/110 main channel; A15 C&F; depth to invert:-; depth to invert: 1 - 1.25 m,m,Drainage,General Drainage,611.08,Drainage!O1279,611.08,Drainage!A1279,Drainage,"475mm,invert,depth"
DRA1102,DRA1036,Universal PPIC inspection chamber; 475mm dia; 100/110 main channel; A15 C&F; depth to invert:-; EO for B125 cover & frame,m,Drainage,General Drainage,61.57,Drainage!O1280,61.57,Drainage!A1280,Drainage,"475mm,invert,depth"
DRA1103,DRA1037,Universal PPIC inspection chamber; 475mm dia; 150/160 main channel; A15 C&F; depth to invert:-; depth to invert: not exceeding 0.5 m,m,Drainage,General Drainage,426.0,Drainage!O1283,426.0,Drainage!A1283,Drainage,"475mm,invert,depth"
DRA1104,DRA1038,Universal PPIC inspection chamber; 475mm dia; 150/160 main channel; A15 C&F; depth to invert:-; depth to invert: 0.5 - 0.75 m,m,Drainage,General Drainage,505.64,Drainage!O1284,505.64,Drainage!A1284,Drainage,"475mm,invert,depth"
DRA1105,DRA1039,Universal PPIC inspection chamber; 475mm dia; 150/160 main channel; A15 C&F; depth to invert:-; depth to invert: 0.75 - 1 m,m,Drainage,General Drainage,548.2,Drainage!O1285,548.2,Drainage!A1285,Drainage,"475mm,invert,depth"
DRA1106,DRA1040,Universal PPIC inspection chamber; 475mm dia; 150/160 main channel; A15 C&F; depth to invert:-; depth to invert: 1 - 1.25 m,m,Drainage,General Drainage,627.84,Drainage!O1286,627.84,Drainage!A1286,Drainage,"475mm,invert,depth"
DRA1107,DRA1041,Universal PPIC inspection chamber; 475mm dia; 150/160 main channel; A15 C&F; depth to invert:-; EO for B125 cover & frame,m,Drainage,General Drainage,61.57,Drainage!O1287,61.57,Drainage!A1287,Drainage,"475mm,invert,depth"
DRA1108,DRA1042,Wavin non entry inspection chamber Range 200; 200mm dia; 100 main channel; (for use with UPVC pipes); A15 C&F; depth to invert:-; depth to invert: not exceeding 0.5 m,m,Drainage,Pipework,266.49,Drainage!O1290,266.49,Drainage!A1290,Drainage,"200mm,pipe,invert,depth"
DRA1109,DRA1043,Wavin non entry inspection chamber Range 200; 200mm dia; 100 main channel; (for use with UPVC pipes); A15 C&F; depth to invert:-; depth to invert: 0.5 - 0.75 m,m,Drainage,Pipework,302.26,Drainage!O1291,302.26,Drainage!A1291,Drainage,"200mm,pipe,invert,depth"
DRA1110,DRA1044,Wavin non entry inspection chamber Range 200; 200mm dia; 100 main channel; (for use with UPVC pipes); A15 C&F; depth to invert:-; depth to invert: 0.75 - 1 m,m,Drainage,Pipework,338.03,Drainage!O1292,338.03,Drainage!A1292,Drainage,"200mm,pipe,invert,depth"
DRA1111,DRA1045,Wavin non entry inspection chamber Range 200; 200mm dia; 100 main channel; (for use with UPVC pipes); A15 C&F; depth to invert:-; depth to invert: 1 - 1.25 m,m,Drainage,Pipework,373.79,Drainage!O1293,373.79,Drainage!A1293,Drainage,"200mm,pipe,invert,depth"
DRA1112,DRA1046,Wavin non entry inspection chamber Range 200; 200mm dia; 100 main channel; (for use with UPVC pipes); A15 C&F; depth to invert:-; depth to invert: 1.25 - 1.5 m,m,Drainage,Pipework,409.56,Drainage!O1294,409.56,Drainage!A1294,Drainage,"200mm,pipe,invert,depth"
DRA1113,DRA1047,Wavin non entry inspection chamber Range 200; 200mm dia; 100 main channel; (for use with UPVC pipes); A15 C&F; depth to invert:-; depth to invert: 1.5 - 1.75 m,m,Drainage,Pipework,445.33,Drainage!O1295,445.33,Drainage!A1295,Drainage,"200mm,pipe,invert,depth"
DRA1114,DRA1048,Wavin non entry inspection chamber Range 200; 200mm dia; 100 main channel; (for use with UPVC pipes); A15 C&F; depth to invert:-; depth to invert: 1.75 - 2 m,m,Drainage,Pipework,481.1,Drainage!O1296,481.1,Drainage!A1296,Drainage,"200mm,pipe,invert,depth"
DRA1115,DRA1049,Wavin non entry inspection chamber Range 200; 200mm dia; 100 main channel; (for use with UPVC pipes); A15 C&F; depth to invert:-; EO for 150mm main channel,m,Drainage,Pipework,50.88,Drainage!O1297,50.88,Drainage!A1297,Drainage,"200mm,150mm,pipe,invert,depth"
DRA1116,DRA1050,Wavin non entry inspection chamber Range 315; 300mm dia; 100 main channel; (for use with UPVC pipes); A15 C&F; depth to invert:-; depth to invert: not exceeding 0.5 m,m,Drainage,Pipework,365.83,Drainage!O1300,365.83,Drainage!A1300,Drainage,"300mm,pipe,invert,depth"
DRA1117,DRA1051,Wavin non entry inspection chamber Range 315; 300mm dia; 100 main channel; (for use with UPVC pipes); A15 C&F; depth to invert:-; depth to invert: 0.5 - 0.75 m,m,Drainage,Pipework,302.26,Drainage!O1301,302.26,Drainage!A1301,Drainage,"300mm,pipe,invert,depth"
DRA1118,DRA1052,Wavin non entry inspection chamber Range 315; 300mm dia; 100 main channel; (for use with UPVC pipes); A15 C&F; depth to invert:-; depth to invert: 0.75 - 1 m,m,Drainage,Pipework,338.03,Drainage!O1302,338.03,Drainage!A1302,Drainage,"300mm,pipe,invert,depth"
DRA1119,DRA1053,Wavin non entry inspection chamber Range 315; 300mm dia; 100 main channel; (for use with UPVC pipes); A15 C&F; depth to invert:-; depth to invert: 1 - 1.25 m,m,Drainage,Pipework,373.79,Drainage!O1303,373.79,Drainage!A1303,Drainage,"300mm,pipe,invert,depth"
DRA1120,DRA1054,Wavin non entry inspection chamber Range 315; 300mm dia; 100 main channel; (for use with UPVC pipes); A15 C&F; depth to invert:-; depth to invert: 1.25 - 1.5 m,m,Drainage,Pipework,409.56,Drainage!O1304,409.56,Drainage!A1304,Drainage,"300mm,pipe,invert,depth"
DRA1121,DRA1055,Wavin non entry inspection chamber Range 315; 300mm dia; 100 main channel; (for use with UPVC pipes); A15 C&F; depth to invert:-; depth to invert: 1.5 - 1.75 m,m,Drainage,Pipework,445.33,Drainage!O1305,445.33,Drainage!A1305,Drainage,"300mm,pipe,invert,depth"
DRA1122,DRA1056,Wavin non entry inspection chamber Range 315; 300mm dia; 100 main channel; (for use with UPVC pipes); A15 C&F; depth to invert:-; depth to invert: 1.75 - 2 m,m,Drainage,Pipework,481.1,Drainage!O1306,481.1,Drainage!A1306,Drainage,"300mm,pipe,invert,depth"
DRA1123,DRA1057,Wavin non entry inspection chamber Range 315; 300mm dia; 100 main channel; (for use with UPVC pipes); A15 C&F; depth to invert:-; EO for 150mm main channel,m,Drainage,Pipework,117.38,Drainage!O1307,117.38,Drainage!A1307,Drainage,"300mm,150mm,pipe,invert,depth"
DRA1124,DRA1049,Wavin/Hepworth non entry inspection chamber Range 450; 450mm dia; 100 main channel; (for use with UPVC/clay pipes); A15 C&F; depth to invert:-; depth to invert: not exceeding 0.5 m,m,Drainage,Pipework,544.94,Drainage!O1310,544.94,Drainage!A1310,Drainage,"450mm,pipe,invert,depth"
DRA1125,DRA1050,Wavin/Hepworth non entry inspection chamber Range 450; 450mm dia; 100 main channel; (for use with UPVC/clay pipes); A15 C&F; depth to invert:-; depth to invert: 0.5 - 0.75 m,m,Drainage,Pipework,591.03,Drainage!O1311,591.03,Drainage!A1311,Drainage,"450mm,pipe,invert,depth"
DRA1126,DRA1051,Wavin/Hepworth non entry inspection chamber Range 450; 450mm dia; 100 main channel; (for use with UPVC/clay pipes); A15 C&F; depth to invert:-; depth to invert: 0.75 - 1 m,m,Drainage,Pipework,637.11,Drainage!O1312,637.11,Drainage!A1312,Drainage,"450mm,pipe,invert,depth"
DRA1127,DRA1052,Wavin/Hepworth non entry inspection chamber Range 450; 450mm dia; 100 main channel; (for use with UPVC/clay pipes); A15 C&F; depth to invert:-; depth to invert: 1 - 1.25 m,m,Drainage,Pipework,683.2,Drainage!O1313,683.2,Drainage!A1313,Drainage,"450mm,pipe,invert,depth"
DRA1128,DRA1053,Wavin/Hepworth non entry inspection chamber Range 450; 450mm dia; 100 main channel; (for use with UPVC/clay pipes); A15 C&F; depth to invert:-; depth to invert: 1.25 - 1.5 m,m,Drainage,Pipework,729.29,Drainage!O1314,729.29,Drainage!A1314,Drainage,"450mm,pipe,invert,depth"
DRA1129,DRA1054,Wavin/Hepworth non entry inspection chamber Range 450; 450mm dia; 100 main channel; (for use with UPVC/clay pipes); A15 C&F; depth to invert:-; depth to invert: 1.5 - 1.75 m,m,Drainage,Pipework,775.37,Drainage!O1315,775.37,Drainage!A1315,Drainage,"450mm,pipe,invert,depth"
DRA1130,DRA1055,Wavin/Hepworth non entry inspection chamber Range 450; 450mm dia; 100 main channel; (for use with UPVC/clay pipes); A15 C&F; depth to invert:-; depth to invert: 1.75 - 2 m,m,Drainage,Pipework,821.46,Drainage!O1316,821.46,Drainage!A1316,Drainage,"450mm,pipe,invert,depth"
DRA1131,DRA1056,Wavin/Hepworth non entry inspection chamber Range 450; 450mm dia; 100 main channel; (for use with UPVC/clay pipes); A15 C&F; depth to invert:-; depth to invert: 2 - 2.25 m,m,Drainage,Pipework,867.54,Drainage!O1317,867.54,Drainage!A1317,Drainage,"450mm,pipe,invert,depth"
DRA1132,DRA1057,Wavin/Hepworth non entry inspection chamber Range 450; 450mm dia; 100 main channel; (for use with UPVC/clay pipes); A15 C&F; depth to invert:-; depth to invert: 2.25 - 2.5 m,m,Drainage,Pipework,913.63,Drainage!O1318,913.63,Drainage!A1318,Drainage,"450mm,pipe,invert,depth"
DRA1133,DRA1058,Wavin/Hepworth non entry inspection chamber Range 450; 450mm dia; 100 main channel; (for use with UPVC/clay pipes); A15 C&F; depth to invert:-; depth to invert: 2.5 - 2.75 m,m,Drainage,Pipework,959.71,Drainage!O1319,959.71,Drainage!A1319,Drainage,"450mm,pipe,invert,depth"
DRA1134,DRA1059,Wavin/Hepworth non entry inspection chamber Range 450; 450mm dia; 100 main channel; (for use with UPVC/clay pipes); A15 C&F; depth to invert:-; depth to invert: 2.75 - 3 m,m,Drainage,Pipework,1005.8,Drainage!O1320,1005.8,Drainage!A1320,Drainage,"450mm,pipe,invert,depth"
DRA1135,DRA1060,Wavin/Hepworth non entry inspection chamber Range 450; 450mm dia; 100 main channel; (for use with UPVC/clay pipes); A15 C&F; depth to invert:-; EO for 150mm main channel,m,Drainage,Pipework,102.88,Drainage!O1321,102.88,Drainage!A1321,Drainage,"450mm,150mm,pipe,invert,depth"
DRA1136,DRA1061,Wavin/Hepworth non entry inspection chamber Range 450; 450mm dia; 100 main channel; (for use with UPVC/clay pipes); A15 C&F; depth to invert:-; EO for B125 cover & frame,m,Drainage,Pipework,61.57,Drainage!O1322,61.57,Drainage!A1322,Drainage,"450mm,pipe,invert,depth"
DRA1137,DRA1062,Osma non entry inspection chamber; 500mm dia; 110 or 160 main channel; (for use with UPVC pipes); A15 C&F; depth to invert:-; depth to invert: not exceeding 0.5 m,m,Drainage,Pipework,511.11,Drainage!O1325,511.11,Drainage!A1325,Drainage,"500mm,pipe,invert,depth"
DRA1138,DRA1063,Osma non entry inspection chamber; 500mm dia; 110 or 160 main channel; (for use with UPVC pipes); A15 C&F; depth to invert:-; depth to invert: 0.5 - 0.75 m,m,Drainage,Pipework,570.73,Drainage!O1326,570.73,Drainage!A1326,Drainage,"500mm,pipe,invert,depth"
DRA1139,DRA1064,Osma non entry inspection chamber; 500mm dia; 110 or 160 main channel; (for use with UPVC pipes); A15 C&F; depth to invert:-; depth to invert: 0.75 - 1 m,m,Drainage,Pipework,630.35,Drainage!O1327,630.35,Drainage!A1327,Drainage,"500mm,pipe,invert,depth"
DRA1140,DRA1065,Osma non entry inspection chamber; 500mm dia; 110 or 160 main channel; (for use with UPVC pipes); A15 C&F; depth to invert:-; depth to invert: 1 - 1.25 m,m,Drainage,Pipework,689.97,Drainage!O1328,689.97,Drainage!A1328,Drainage,"500mm,pipe,invert,depth"
DRA1141,DRA1066,Osma non entry inspection chamber; 500mm dia; 110 or 160 main channel; (for use with UPVC pipes); A15 C&F; depth to invert:-; depth to invert: 1.25 - 1.5 m,m,Drainage,Pipework,749.59,Drainage!O1329,749.59,Drainage!A1329,Drainage,"500mm,pipe,invert,depth"
DRA1142,DRA1067,Osma non entry inspection chamber; 500mm dia; 110 or 160 main channel; (for use with UPVC pipes); A15 C&F; depth to invert:-; depth to invert: 1.5 - 1.75 m,m,Drainage,Pipework,809.21,Drainage!O1330,809.21,Drainage!A1330,Drainage,"500mm,pipe,invert,depth"
DRA1143,DRA1068,Osma non entry inspection chamber; 500mm dia; 110 or 160 main channel; (for use with UPVC pipes); A15 C&F; depth to invert:-; depth to invert: 1.75 - 2 m,m,Drainage,Pipework,868.83,Drainage!O1331,868.83,Drainage!A1331,Drainage,"500mm,pipe,invert,depth"
DRA1144,DRA1069,Osma non entry inspection chamber; 500mm dia; 110 or 160 main channel; (for use with UPVC pipes); A15 C&F; depth to invert:-; depth to invert: 2 - 2.25 m,m,Drainage,Pipework,928.45,Drainage!O1332,928.45,Drainage!A1332,Drainage,"500mm,pipe,invert,depth"
DRA1145,DRA1070,Osma non entry inspection chamber; 500mm dia; 110 or 160 main channel; (for use with UPVC pipes); A15 C&F; depth to invert:-; depth to invert: 2.25 - 2.5 m,m,Drainage,Pipework,988.07,Drainage!O1333,988.07,Drainage!A1333,Drainage,"500mm,pipe,invert,depth"
DRA1146,DRA1071,Osma non entry inspection chamber; 500mm dia; 110 or 160 main channel; (for use with UPVC pipes); A15 C&F; depth to invert:-; depth to invert: 2.5 - 2.75 m,m,Drainage,Pipework,1047.69,Drainage!O1334,1047.69,Drainage!A1334,Drainage,"500mm,pipe,invert,depth"
DRA1147,DRA1072,Osma non entry inspection chamber; 500mm dia; 110 or 160 main channel; (for use with UPVC pipes); A15 C&F; depth to invert:-; depth to invert: 2.75 - 3 m,m,Drainage,Pipework,1107.32,Drainage!O1335,1107.32,Drainage!A1335,Drainage,"500mm,pipe,invert,depth"
DRA1148,DRA1073,Osma non entry inspection chamber; 500mm dia; 110 or 160 main channel; (for use with UPVC pipes); A15 C&F; depth to invert:-; EO for B125 cover & frame,m,Drainage,Pipework,66.09,Drainage!O1336,66.09,Drainage!A1336,Drainage,"500mm,pipe,invert,depth"
DRA1149,DRA1074,Osma non entry inspection chamber; 500mm dia; 110 or 160 main channel; (for use with UPVC pipes); A15 C&F; depth to invert:-; EO for D400 cover & frame,m,Drainage,Pipework,67.26,Drainage!O1337,67.26,Drainage!A1337,Drainage,"500mm,pipe,invert,depth"
DRA1150,DRA1075,Wavin/Hepworth non entry inspection chamber Range 600; 600mm dia; 150 main channel; (for use with UPVC/clay pipes); A15 C&F; depth to invert:-; depth to invert: not exceeding 0.5 m,m,Drainage,Pipework,1061.71,Drainage!O1340,1061.71,Drainage!A1340,Drainage,"600mm,pipe,invert,depth"
DRA1151,DRA1076,Wavin/Hepworth non entry inspection chamber Range 600; 600mm dia; 150 main channel; (for use with UPVC/clay pipes); A15 C&F; depth to invert:-; depth to invert: 0.5 - 0.75 m,m,Drainage,Pipework,1121.33,Drainage!O1341,1121.33,Drainage!A1341,Drainage,"600mm,pipe,invert,depth"
DRA1152,DRA1077,Wavin/Hepworth non entry inspection chamber Range 600; 600mm dia; 150 main channel; (for use with UPVC/clay pipes); A15 C&F; depth to invert:-; depth to invert: 0.75 - 1 m,m,Drainage,Pipework,1180.95,Drainage!O1342,1180.95,Drainage!A1342,Drainage,"600mm,pipe,invert,depth"
DRA1153,DRA1078,Wavin/Hepworth non entry inspection chamber Range 600; 600mm dia; 150 main channel; (for use with UPVC/clay pipes); A15 C&F; depth to invert:-; depth to invert: 1 - 1.25 m,m,Drainage,Pipework,1240.57,Drainage!O1343,1240.57,Drainage!A1343,Drainage,"600mm,pipe,invert,depth"
DRA1154,DRA1079,Wavin/Hepworth non entry inspection chamber Range 600; 600mm dia; 150 main channel; (for use with UPVC/clay pipes); A15 C&F; depth to invert:-; depth to invert: 1.25 - 1.5 m,m,Drainage,Pipework,1300.19,Drainage!O1344,1300.19,Drainage!A1344,Drainage,"600mm,pipe,invert,depth"
DRA1155,DRA1080,Wavin/Hepworth non entry inspection chamber Range 600; 600mm dia; 150 main channel; (for use with UPVC/clay pipes); A15 C&F; depth to invert:-; depth to invert: 1.5 - 1.75 m,m,Drainage,Pipework,1359.81,Drainage!O1345,1359.81,Drainage!A1345,Drainage,"600mm,pipe,invert,depth"
DRA1156,DRA1081,Wavin/Hepworth non entry inspection chamber Range 600; 600mm dia; 150 main channel; (for use with UPVC/clay pipes); A15 C&F; depth to invert:-; depth to invert: 1.75 - 2 m,m,Drainage,Pipework,1419.43,Drainage!O1346,1419.43,Drainage!A1346,Drainage,"600mm,pipe,invert,depth"
DRA1157,DRA1082,Wavin/Hepworth non entry inspection chamber Range 600; 600mm dia; 150 main channel; (for use with UPVC/clay pipes); A15 C&F; depth to invert:-; depth to invert: 2 - 2.25 m,m,Drainage,Pipework,1479.05,Drainage!O1347,1479.05,Drainage!A1347,Drainage,"600mm,pipe,invert,depth"
DRA1158,DRA1083,Wavin/Hepworth non entry inspection chamber Range 600; 600mm dia; 150 main channel; (for use with UPVC/clay pipes); A15 C&F; depth to invert:-; depth to invert: 2.25 - 2.5 m,m,Drainage,Pipework,1538.68,Drainage!O1348,1538.68,Drainage!A1348,Drainage,"600mm,pipe,invert,depth"
DRA1159,DRA1084,Wavin/Hepworth non entry inspection chamber Range 600; 600mm dia; 150 main channel; (for use with UPVC/clay pipes); A15 C&F; depth to invert:-; depth to invert: 2.5 - 2.75 m,m,Drainage,Pipework,1598.3,Drainage!O1349,1598.3,Drainage!A1349,Drainage,"600mm,pipe,invert,depth"
DRA1160,DRA1085,Wavin/Hepworth non entry inspection chamber Range 600; 600mm dia; 150 main channel; (for use with UPVC/clay pipes); A15 C&F; depth to invert:-; depth to invert: 2.75 - 3 m,m,Drainage,Pipework,1657.92,Drainage!O1350,1657.92,Drainage!A1350,Drainage,"600mm,pipe,invert,depth"
DRA1161,DRA1086,Wavin/Hepworth non entry inspection chamber Range 600; 600mm dia; 150 main channel; (for use with UPVC/clay pipes); A15 C&F; depth to invert:-; EO for 225 dia channel,m,Drainage,Pipework,16.33,Drainage!O1351,16.33,Drainage!A1351,Drainage,"600mm,pipe,invert,depth"
DRA1162,DRA1087,Wavin/Hepworth non entry inspection chamber Range 600; 600mm dia; 150 main channel; (for use with UPVC/clay pipes); A15 C&F; depth to invert:-; EO for 300 dia channel,m,Drainage,Pipework,32.6,Drainage!O1352,32.6,Drainage!A1352,Drainage,"600mm,pipe,invert,depth"
DRA1163,DRA1088,Wavin/Hepworth non entry inspection chamber Range 600; 600mm dia; 150 main channel; (for use with UPVC/clay pipes); A15 C&F; depth to invert:-; EO for B125 cover & frame,m,Drainage,Pipework,20.06,Drainage!O1353,20.06,Drainage!A1353,Drainage,"600mm,pipe,invert,depth"
DRA1164,DRA1089,Brick manholes; 1B thick class B engineering bricks; size 1000 x 600; depth to invert; depth to invert: not exceeding 0.5 m,m,Drainage,Manholes,794.53,Drainage!O1356,794.53,Drainage!A1356,Drainage,"manhole,invert,depth"
DRA1165,DRA1090,Brick manholes; 1B thick class B engineering bricks; size 1000 x 600; depth to invert; depth to invert: 0.5 - 0.75 m,m,Drainage,Manholes,988.62,Drainage!O1357,988.62,Drainage!A1357,Drainage,"manhole,invert,depth"
DRA1166,DRA1091,Brick manholes; 1B thick class B engineering bricks; size 1000 x 600; depth to invert; depth to invert: 0.75 - 1 m,m,Drainage,Manholes,1182.71,Drainage!O1358,1182.71,Drainage!A1358,Drainage,"manhole,invert,depth"
DRA1167,DRA1092,Brick manholes; 1B thick class B engineering bricks; size 1000 x 600; depth to invert; depth to invert: 1 - 1.25 m,m,Drainage,Manholes,1376.8,Drainage!O1359,1376.8,Drainage!A1359,Drainage,"manhole,invert,depth"
DRA1168,DRA1093,Brick manholes; 1B thick class B engineering bricks; size 1000 x 600; depth to invert; depth to invert: 1.25 - 1.5 m,m,Drainage,Manholes,1570.89,Drainage!O1360,1570.89,Drainage!A1360,Drainage,"manhole,invert,depth"
DRA1169,DRA1094,Brick manholes; 1B thick class B engineering bricks; size 1000 x 600; depth to invert; depth to invert: 1.5 - 1.75 m,m,Drainage,Manholes,1764.97,Drainage!O1361,1764.97,Drainage!A1361,Drainage,"manhole,invert,depth"
DRA1170,DRA1095,Brick manholes; 1B thick class B engineering bricks; size 1000 x 600; depth to invert; depth to invert: 1.75 - 2 m,m,Drainage,Manholes,1959.06,Drainage!O1362,1959.06,Drainage!A1362,Drainage,"manhole,invert,depth"
DRA1171,DRA1096,Brick manholes; 1B thick class B engineering bricks; size 1000 x 600; depth to invert; depth to invert: 2 - 2.25 m,m,Drainage,Manholes,2153.15,Drainage!O1363,2153.15,Drainage!A1363,Drainage,"manhole,invert,depth"
DRA1172,DRA1097,Brick manholes; 1B thick class B engineering bricks; size 1000 x 600; depth to invert; depth to invert: 2.25 - 2.5 m,m,Drainage,Manholes,2347.24,Drainage!O1364,2347.24,Drainage!A1364,Drainage,"manhole,invert,depth"
DRA1173,DRA1098,Brick manholes; 1B thick class B engineering bricks; size 1000 x 600; depth to invert; depth to invert: 2.5 - 2.75 m,m,Drainage,Manholes,2541.33,Drainage!O1365,2541.33,Drainage!A1365,Drainage,"manhole,invert,depth"
DRA1174,DRA1099,Brick manholes; 1B thick class B engineering bricks; size 1000 x 600; depth to invert; depth to invert: 2.75 - 3 m,m,Drainage,Manholes,2735.42,Drainage!O1366,2735.42,Drainage!A1366,Drainage,"manhole,invert,depth"
DRA1175,DRA1100,Brick manholes; 1B thick class B engineering bricks; size 1250 x 750; depth to invert; depth to invert: not exceeding 0.5 m,m,Drainage,Manholes,903.44,Drainage!O1368,903.44,Drainage!A1368,Drainage,"manhole,invert,depth"
DRA1176,DRA1101,Brick manholes; 1B thick class B engineering bricks; size 1250 x 750; depth to invert; depth to invert: 0.5 - 0.75 m,m,Drainage,Manholes,1130.56,Drainage!O1369,1130.56,Drainage!A1369,Drainage,"manhole,invert,depth"
DRA1177,DRA1102,Brick manholes; 1B thick class B engineering bricks; size 1250 x 750; depth to invert; depth to invert: 0.75 - 1 m,m,Drainage,Manholes,1357.69,Drainage!O1370,1357.69,Drainage!A1370,Drainage,"manhole,invert,depth"
DRA1178,DRA1103,Brick manholes; 1B thick class B engineering bricks; size 1250 x 750; depth to invert; depth to invert: 1 - 1.25 m,m,Drainage,Manholes,1584.81,Drainage!O1371,1584.81,Drainage!A1371,Drainage,"manhole,invert,depth"
DRA1179,DRA1104,Brick manholes; 1B thick class B engineering bricks; size 1250 x 750; depth to invert; depth to invert: 1.25 - 1.5 m,m,Drainage,Manholes,1811.94,Drainage!O1372,1811.94,Drainage!A1372,Drainage,"manhole,invert,depth"
DRA1180,DRA1105,Brick manholes; 1B thick class B engineering bricks; size 1250 x 750; depth to invert; depth to invert: 1.5 - 1.75 m,m,Drainage,Manholes,2039.06,Drainage!O1373,2039.06,Drainage!A1373,Drainage,"manhole,invert,depth"
DRA1181,DRA1106,Brick manholes; 1B thick class B engineering bricks; size 1250 x 750; depth to invert; depth to invert: 1.75 - 2 m,m,Drainage,Manholes,2266.19,Drainage!O1374,2266.19,Drainage!A1374,Drainage,"manhole,invert,depth"
DRA1182,DRA1107,PC concrete rectangular manholes; 600 x 450; depth to invert; depth to invert: 0.5 - 0.75 m,m,Drainage,Manholes,799.06,Drainage!O1376,799.06,Drainage!A1376,Drainage,"manhole,invert,depth"
DRA1183,DRA1108,PC concrete rectangular manholes; 600 x 450; depth to invert; depth to invert: 0.75 - 1 m,m,Drainage,Manholes,946.45,Drainage!O1377,946.45,Drainage!A1377,Drainage,"manhole,invert,depth"
DRA1184,DRA1109,PC concrete rectangular manholes; 600 x 450; depth to invert; depth to invert: 1 - 1.25 m,m,Drainage,Manholes,1093.84,Drainage!O1378,1093.84,Drainage!A1378,Drainage,"manhole,invert,depth"
DRA1185,DRA1110,PC concrete rectangular manholes; 600 x 450; depth to invert; depth to invert: 1.25 - 1.5 m,m,Drainage,Manholes,1241.23,Drainage!O1379,1241.23,Drainage!A1379,Drainage,"manhole,invert,depth"
DRA1186,DRA1111,PC concrete rectangular manholes; 600 x 450; depth to invert; depth to invert: 1.5 - 1.75 m,m,Drainage,Manholes,1388.62,Drainage!O1380,1388.62,Drainage!A1380,Drainage,"manhole,invert,depth"
DRA1187,DRA1112,PC concrete rectangular manholes; 600 x 450; depth to invert; depth to invert: 1.75 - 2 m,m,Drainage,Manholes,1536.01,Drainage!O1381,1536.01,Drainage!A1381,Drainage,"manhole,invert,depth"
DRA1188,DRA1113,PC concrete rectangular manholes; 750 x 600; depth to invert; depth to invert: 0.5 - 0.75 m,m,Drainage,Manholes,884.32,Drainage!O1383,884.32,Drainage!A1383,Drainage,"manhole,invert,depth"
DRA1189,DRA1114,PC concrete rectangular manholes; 750 x 600; depth to invert; depth to invert: 0.75 - 1 m,m,Drainage,Manholes,1050.55,Drainage!O1384,1050.55,Drainage!A1384,Drainage,"manhole,invert,depth"
DRA1190,DRA1115,PC concrete rectangular manholes; 750 x 600; depth to invert; depth to invert: 1 - 1.25 m,m,Drainage,Manholes,1216.77,Drainage!O1385,1216.77,Drainage!A1385,Drainage,"manhole,invert,depth"
DRA1191,DRA1116,PC concrete rectangular manholes; 750 x 600; depth to invert; depth to invert: 1.25 - 1.5 m,m,Drainage,Manholes,1382.99,Drainage!O1386,1382.99,Drainage!A1386,Drainage,"manhole,invert,depth"
DRA1192,DRA1117,PC concrete rectangular manholes; 750 x 600; depth to invert; depth to invert: 1.5 - 1.75 m,m,Drainage,Manholes,1549.22,Drainage!O1387,1549.22,Drainage!A1387,Drainage,"manhole,invert,depth"
DRA1193,DRA1118,PC concrete rectangular manholes; 750 x 600; depth to invert; depth to invert: 1.75 - 2 m,m,Drainage,Manholes,1715.44,Drainage!O1388,1715.44,Drainage!A1388,Drainage,"manhole,invert,depth"
DRA1194,DRA1119,PC concrete rectangular manholes; 1000 x 675; depth to invert; depth to invert: 0.5 - 0.75 m,m,Drainage,Manholes,987.17,Drainage!O1390,987.17,Drainage!A1390,Drainage,"manhole,invert,depth"
DRA1195,DRA1120,PC concrete rectangular manholes; 1000 x 675; depth to invert; depth to invert: 0.75 - 1 m,m,Drainage,Manholes,1179.38,Drainage!O1391,1179.38,Drainage!A1391,Drainage,"manhole,invert,depth"
DRA1196,DRA1121,PC concrete rectangular manholes; 1000 x 675; depth to invert; depth to invert: 1 - 1.25 m,m,Drainage,Manholes,1371.59,Drainage!O1392,1371.59,Drainage!A1392,Drainage,"manhole,invert,depth"
DRA1197,DRA1122,PC concrete rectangular manholes; 1000 x 675; depth to invert; depth to invert: 1.25 - 1.5 m,m,Drainage,Manholes,1563.79,Drainage!O1393,1563.79,Drainage!A1393,Drainage,"manhole,invert,depth"
DRA1198,DRA1123,PC concrete rectangular manholes; 1000 x 675; depth to invert; depth to invert: 1.5 - 1.75 m,m,Drainage,Manholes,1756.0,Drainage!O1394,1756.0,Drainage!A1394,Drainage,"manhole,invert,depth"
DRA1199,DRA1124,PC concrete rectangular manholes; 1000 x 675; depth to invert; depth to invert: 1.75 - 2 m,m,Drainage,Manholes,1948.21,Drainage!O1395,1948.21,Drainage!A1395,Drainage,"manhole,invert,depth"
DRA1200,DRA1125,PC concrete rectangular manholes; 1200 x 750; depth to invert; depth to invert: 0.5 - 0.75 m,m,Drainage,Manholes,1100.43,Drainage!O1397,1100.43,Drainage!A1397,Drainage,"manhole,invert,depth"
DRA1201,DRA1126,PC concrete rectangular manholes; 1200 x 750; depth to invert; depth to invert: 0.75 - 1 m,m,Drainage,Manholes,1319.24,Drainage!O1398,1319.24,Drainage!A1398,Drainage,"manhole,invert,depth"
DRA1202,DRA1127,PC concrete rectangular manholes; 1200 x 750; depth to invert; depth to invert: 1 - 1.25 m,m,Drainage,Manholes,1538.05,Drainage!O1399,1538.05,Drainage!A1399,Drainage,"manhole,invert,depth"
DRA1203,DRA1128,PC concrete rectangular manholes; 1200 x 750; depth to invert; depth to invert: 1.25 - 1.5 m,m,Drainage,Manholes,1756.87,Drainage!O1400,1756.87,Drainage!A1400,Drainage,"manhole,invert,depth"
DRA1204,DRA1129,PC concrete rectangular manholes; 1200 x 750; depth to invert; depth to invert: 1.5 - 1.75 m,m,Drainage,Manholes,1975.68,Drainage!O1401,1975.68,Drainage!A1401,Drainage,"manhole,invert,depth"
DRA1205,DRA1130,PC concrete rectangular manholes; 1200 x 750; depth to invert; depth to invert: 1.75 - 2 m,m,Drainage,Manholes,2194.49,Drainage!O1402,2194.49,Drainage!A1402,Drainage,"manhole,invert,depth"
DRA1206,DRA1131,PC concrete rectangular manholes; 1200 x 750; depth to invert; depth to invert: 2 - 2.25 m,m,Drainage,Manholes,2413.3,Drainage!O1403,2413.3,Drainage!A1403,Drainage,"manhole,invert,depth"
DRA1207,DRA1132,PC concrete rectangular manholes; 1200 x 750; depth to invert; depth to invert: 2.25 - 2.5 m,m,Drainage,Manholes,2632.11,Drainage!O1404,2632.11,Drainage!A1404,Drainage,"manhole,invert,depth"
DRA1208,DRA1133,PC concrete rectangular manholes; 1200 x 750; depth to invert; depth to invert: 2.5 - 2.75 m,m,Drainage,Manholes,2850.93,Drainage!O1405,2850.93,Drainage!A1405,Drainage,"manhole,invert,depth"
DRA1209,DRA1134,PC concrete rectangular manholes; 1200 x 750; depth to invert; depth to invert: 2.75 - 3 m,m,Drainage,Manholes,3069.74,Drainage!O1406,3069.74,Drainage!A1406,Drainage,"manhole,invert,depth"
DRA1210,DRA1135,PC concrete rectangular manholes; 1200 x 750; depth to invert; depth to invert: 3 - 3.25 m,m,Drainage,Manholes,3288.55,Drainage!O1407,3288.55,Drainage!A1407,Drainage,"manhole,invert,depth"
DRA1211,DRA1136,PC concrete rectangular manholes; 1200 x 750; depth to invert; depth to invert: 3.25 - 3.5 m,m,Drainage,Manholes,3507.36,Drainage!O1408,3507.36,Drainage!A1408,Drainage,"manhole,invert,depth"
DRA1212,DRA1137,PC concrete; 1050 dia; 600sq B125 C&F; depth to invert; depth to invert: 0.25 - 0.5 m,m,Drainage,General Drainage,765.62,Drainage!O1410,765.62,Drainage!A1410,Drainage,"invert,depth"
DRA1213,DRA1138,PC concrete; 1050 dia; 600sq B125 C&F; depth to invert; depth to invert: 0.5 - 0.75 m,m,Drainage,General Drainage,856.13,Drainage!O1411,856.13,Drainage!A1411,Drainage,"invert,depth"
DRA1214,DRA1139,PC concrete; 1050 dia; 600sq B125 C&F; depth to invert; depth to invert: 0.75 - 1 m,m,Drainage,General Drainage,1005.64,Drainage!O1412,1005.64,Drainage!A1412,Drainage,"invert,depth"
DRA1215,DRA1140,PC concrete; 1050 dia; 600sq B125 C&F; depth to invert; depth to invert: 1 - 1.25 m,m,Drainage,General Drainage,1155.15,Drainage!O1413,1155.15,Drainage!A1413,Drainage,"invert,depth"
DRA1216,DRA1141,PC concrete; 1050 dia; 600sq B125 C&F; depth to invert; depth to invert: 1.25 - 1.5 m,m,Drainage,General Drainage,1304.66,Drainage!O1414,1304.66,Drainage!A1414,Drainage,"invert,depth"
DRA1217,DRA1142,PC concrete; 1050 dia; 600sq B125 C&F; depth to invert; depth to invert: 1.5 - 1.75 m,m,Drainage,General Drainage,1454.17,Drainage!O1415,1454.17,Drainage!A1415,Drainage,"invert,depth"
DRA1218,DRA1143,PC concrete; 1050 dia; 600sq B125 C&F; depth to invert; depth to invert: 1.75 - 2 m,m,Drainage,General Drainage,1603.68,Drainage!O1416,1603.68,Drainage!A1416,Drainage,"invert,depth"
DRA1219,DRA1144,PC concrete; 1050 dia; 600sq B125 C&F; depth to invert; depth to invert: 2 - 2.25 m,m,Drainage,General Drainage,1753.2,Drainage!O1417,1753.2,Drainage!A1417,Drainage,"invert,depth"
DRA1220,DRA1145,PC concrete; 1050 dia; 600sq B125 C&F; depth to invert; depth to invert: 2.25 - 2.5 m,m,Drainage,General Drainage,1902.71,Drainage!O1418,1902.71,Drainage!A1418,Drainage,"invert,depth"
DRA1221,DRA1146,PC concrete; 1050 dia; 600sq B125 C&F; depth to invert; depth to invert: 2.5 - 2.75 m,m,Drainage,General Drainage,2052.22,Drainage!O1419,2052.22,Drainage!A1419,Drainage,"invert,depth"
DRA1222,DRA1147,PC concrete; 1050 dia; 600sq B125 C&F; depth to invert; depth to invert: 2.75 - 3 m,m,Drainage,General Drainage,2201.73,Drainage!O1420,2201.73,Drainage!A1420,Drainage,"invert,depth"
DRA1223,DRA1148,PC concrete; 1050 dia; 600sq B125 C&F; depth to invert; depth to invert: 3 - 3.25 m,m,Drainage,General Drainage,2351.24,Drainage!O1421,2351.24,Drainage!A1421,Drainage,"invert,depth"
DRA1224,DRA1149,PC concrete; 1050 dia; 600sq B125 C&F; depth to invert; depth to invert: 3.25 - 3.5 m,m,Drainage,General Drainage,2500.75,Drainage!O1422,2500.75,Drainage!A1422,Drainage,"invert,depth"
DRA1225,DRA1150,PC concrete; 1050 dia; 600sq B125 C&F; depth to invert; depth to invert: 3.5 - 3.75 m,m,Drainage,General Drainage,2650.26,Drainage!O1423,2650.26,Drainage!A1423,Drainage,"invert,depth"
DRA1226,DRA1151,PC concrete; 1050 dia; 600sq B125 C&F; depth to invert; depth to invert: 3.75 - 4 m,m,Drainage,General Drainage,2799.77,Drainage!O1424,2799.77,Drainage!A1424,Drainage,"invert,depth"
DRA1227,DRA1152,PC concrete; 1050 dia; 600sq B125 C&F; depth to invert; depth to invert: 4 - 4.25 m,m,Drainage,General Drainage,2949.29,Drainage!O1425,2949.29,Drainage!A1425,Drainage,"invert,depth"
DRA1228,DRA1152,PC concrete; 1200 dia; B125 C&F; depth to invert; depth to invert: 0.5 - 0.75 m,m,Drainage,General Drainage,1128.45,Drainage!O1427,1128.45,Drainage!A1427,Drainage,"invert,depth"
DRA1229,DRA1150,PC concrete; 1200 dia; B125 C&F; depth to invert; depth to invert: 0.75 - 1 m,m,Drainage,General Drainage,1310.66,Drainage!O1428,1310.66,Drainage!A1428,Drainage,"invert,depth"
DRA1230,DRA1151,PC concrete; 1200 dia; B125 C&F; depth to invert; depth to invert: 1 - 1.25 m,m,Drainage,General Drainage,1492.88,Drainage!O1429,1492.88,Drainage!A1429,Drainage,"invert,depth"
DRA1231,DRA1152,PC concrete; 1200 dia; B125 C&F; depth to invert; depth to invert: 1.25 - 1.5 m,m,Drainage,General Drainage,1675.09,Drainage!O1430,1675.09,Drainage!A1430,Drainage,"invert,depth"
DRA1232,DRA1153,PC concrete; 1200 dia; B125 C&F; depth to invert; depth to invert: 1.5 - 1.75 m,m,Drainage,General Drainage,1857.3,Drainage!O1431,1857.3,Drainage!A1431,Drainage,"invert,depth"
DRA1233,DRA1154,PC concrete; 1200 dia; B125 C&F; depth to invert; depth to invert: 1.75 - 2 m,m,Drainage,General Drainage,2039.51,Drainage!O1432,2039.51,Drainage!A1432,Drainage,"invert,depth"
DRA1234,DRA1155,PC concrete; 1200 dia; B125 C&F; depth to invert; depth to invert: 2 - 2.25 m,m,Drainage,General Drainage,2221.72,Drainage!O1433,2221.72,Drainage!A1433,Drainage,"invert,depth"
DRA1235,DRA1156,PC concrete; 1200 dia; B125 C&F; depth to invert; depth to invert: 2.25 - 2.5 m,m,Drainage,General Drainage,2403.94,Drainage!O1434,2403.94,Drainage!A1434,Drainage,"invert,depth"
DRA1236,DRA1157,PC concrete; 1200 dia; B125 C&F; depth to invert; depth to invert: 2.5 - 2.75 m,m,Drainage,General Drainage,2586.15,Drainage!O1435,2586.15,Drainage!A1435,Drainage,"invert,depth"
DRA1237,DRA1158,PC concrete; 1200 dia; B125 C&F; depth to invert; depth to invert: 2.75 - 3 m,m,Drainage,General Drainage,2768.36,Drainage!O1436,2768.36,Drainage!A1436,Drainage,"invert,depth"
DRA1238,DRA1159,PC concrete; 1200 dia; B125 C&F; depth to invert; depth to invert: 3 - 3.25 m,m,Drainage,General Drainage,2950.57,Drainage!O1437,2950.57,Drainage!A1437,Drainage,"invert,depth"
DRA1239,DRA1160,PC concrete; 1200 dia; B125 C&F; depth to invert; depth to invert: 3.25 - 3.5 m,m,Drainage,General Drainage,3132.78,Drainage!O1438,3132.78,Drainage!A1438,Drainage,"invert,depth"
DRA1240,DRA1161,PC concrete; 1200 dia; B125 C&F; depth to invert; depth to invert: 3.5 - 3.75 m,m,Drainage,General Drainage,3315.0,Drainage!O1439,3315.0,Drainage!A1439,Drainage,"invert,depth"
DRA1241,DRA1162,PC concrete; 1200 dia; B125 C&F; depth to invert; depth to invert: 3.75 - 4 m,m,Drainage,General Drainage,3497.21,Drainage!O1440,3497.21,Drainage!A1440,Drainage,"invert,depth"
DRA1242,DRA1163,PC concrete; 1200 dia; B125 C&F; depth to invert; depth to invert: 4 - 4.25 m,m,Drainage,General Drainage,3679.42,Drainage!O1441,3679.42,Drainage!A1441,Drainage,"invert,depth"
DRA1243,DRA1164,PC concrete; 1200 dia; B125 C&F; depth to invert; depth to invert: 4.25 - 4.503 m,m,Drainage,General Drainage,3863.82,Drainage!O1442,3863.82,Drainage!A1442,Drainage,"invert,depth"
DRA1244,DRA1165,PC concrete; 1200 dia; B125 C&F; depth to invert; depth to invert: 4.503 - 4.753 m,m,Drainage,General Drainage,4046.03,Drainage!O1443,4046.03,Drainage!A1443,Drainage,"invert,depth"
DRA1245,DRA1166,PC concrete; 1200 dia; B125 C&F; depth to invert; depth to invert: 4.753 - 5.003 m,m,Drainage,General Drainage,4228.24,Drainage!O1444,4228.24,Drainage!A1444,Drainage,"invert,depth"
DRA1246,DRA1167,PC concrete; 1200 dia; B125 C&F; depth to invert; depth to invert: 5.003 - 5.253 m,m,Drainage,General Drainage,4410.45,Drainage!O1445,4410.45,Drainage!A1445,Drainage,"invert,depth"
DRA1247,DRA1168,PC concrete; 1200 dia; B125 C&F; depth to invert; depth to invert: 5.253 - 5.503 m,m,Drainage,General Drainage,4592.67,Drainage!O1446,4592.67,Drainage!A1446,Drainage,"invert,depth"
DRA1248,DRA1169,PC concrete; 1200 dia; B125 C&F; depth to invert; depth to invert: 5.503 - 5.753 m,m,Drainage,General Drainage,4774.88,Drainage!O1447,4774.88,Drainage!A1447,Drainage,"invert,depth"
DRA1249,DRA1170,PC concrete; 1200 dia; B125 C&F; depth to invert; depth to invert: 5.753 - 6.003 m,m,Drainage,General Drainage,4957.09,Drainage!O1448,4957.09,Drainage!A1448,Drainage,"invert,depth"
DRA1250,DRA1171,PC concrete; 1200 dia; B125 C&F; depth to invert; depth to invert: 6.003 - 6.253 m,m,Drainage,General Drainage,5139.3,Drainage!O1449,5139.3,Drainage!A1449,Drainage,"invert,depth"
DRA1251,DRA1172,PC concrete; 1200 dia; B125 C&F; depth to invert; depth to invert: 6.253 - 6.503 m,m,Drainage,General Drainage,5321.51,Drainage!O1450,5321.51,Drainage!A1450,Drainage,"invert,depth"
DRA1252,DRA1173,EO B125 C&F for recessed,item,Drainage,General Drainage,35.4,Drainage!O1452,35.4,Drainage!A1452,Drainage,
DRA1253,DRA1174,EO B125 C&F for double seal,item,Drainage,General Drainage,23.6,Drainage!O1453,23.6,Drainage!A1453,Drainage,
DRA1254,DRA1175,EO B125 C&F for recessed & double seal,item,Drainage,General Drainage,47.2,Drainage!O1454,47.2,Drainage!A1454,Drainage,
DRA1255,DRA1176,EO B125 C&F for D400,item,Drainage,General Drainage,47.2,Drainage!O1455,47.2,Drainage!A1455,Drainage,
DRA1256,DRA1177,EO B125 C&F for recessed D400,item,Drainage,General Drainage,82.6,Drainage!O1456,82.6,Drainage!A1456,Drainage,
DRA1257,DRA1178,EO B125 C&F for recessed & double seal D400,item,Drainage,General Drainage,129.8,Drainage!O1457,129.8,Drainage!A1457,Drainage,
DRA1258,DRA1179,EO B125 C&F for F900,item,Drainage,General Drainage,283.2,Drainage!O1458,283.2,Drainage!A1458,Drainage,
DRA1259,DRA1180,PC concrete soakaways; 1200 dia perforated rings; depth to invert; depth to invert: 0.75 - 1 m,m,Drainage,General Drainage,1576.95,Drainage!O1461,1576.95,Drainage!A1461,Drainage,"invert,depth"
DRA1260,DRA1181,PC concrete soakaways; 1200 dia perforated rings; depth to invert; depth to invert: 1 - 1.25 m,m,Drainage,General Drainage,1847.14,Drainage!O1462,1847.14,Drainage!A1462,Drainage,"invert,depth"
DRA1261,DRA1182,PC concrete soakaways; 1200 dia perforated rings; depth to invert; depth to invert: 1.25 - 1.5 m,m,Drainage,General Drainage,2117.33,Drainage!O1463,2117.33,Drainage!A1463,Drainage,"invert,depth"
DRA1262,DRA1183,PC concrete soakaways; 1200 dia perforated rings; depth to invert; depth to invert: 1.5 - 1.75 m,m,Drainage,General Drainage,2387.52,Drainage!O1464,2387.52,Drainage!A1464,Drainage,"invert,depth"
DRA1263,DRA1184,PC concrete soakaways; 1200 dia perforated rings; depth to invert; depth to invert: 1.75 - 2 m,m,Drainage,General Drainage,2657.71,Drainage!O1465,2657.71,Drainage!A1465,Drainage,"invert,depth"
DRA1264,DRA1185,PC concrete soakaways; 1200 dia perforated rings; depth to invert; depth to invert: 2 - 2.25 m,m,Drainage,General Drainage,2927.9,Drainage!O1466,2927.9,Drainage!A1466,Drainage,"invert,depth"
DRA1265,DRA1186,PC concrete soakaways; 1200 dia perforated rings; depth to invert; depth to invert: 2.25 - 2.5 m,m,Drainage,General Drainage,3198.09,Drainage!O1467,3198.09,Drainage!A1467,Drainage,"invert,depth"
DRA1266,DRA1187,PC concrete soakaways; 1200 dia perforated rings; depth to invert; depth to invert: 2.5 - 2.75 m,m,Drainage,General Drainage,3468.28,Drainage!O1468,3468.28,Drainage!A1468,Drainage,"invert,depth"
DRA1267,DRA1188,PC concrete soakaways; 1200 dia perforated rings; depth to invert; depth to invert: 2.75 - 3 m,m,Drainage,General Drainage,3738.47,Drainage!O1469,3738.47,Drainage!A1469,Drainage,"invert,depth"
DRA1268,DRA1189,PC concrete soakaways; 1200 dia perforated rings; depth to invert; depth to invert: 3 - 3.25 m,m,Drainage,General Drainage,4008.65,Drainage!O1470,4008.65,Drainage!A1470,Drainage,"invert,depth"
DRA1269,DRA1190,PC concrete soakaways; 1200 dia perforated rings; depth to invert; depth to invert: 3.25 - 3.5 m,m,Drainage,General Drainage,4278.84,Drainage!O1471,4278.84,Drainage!A1471,Drainage,"invert,depth"
DRA1270,DRA1191,PC concrete soakaways; 1200 dia perforated rings; depth to invert; depth to invert: 3.5 - 3.75 m,m,Drainage,General Drainage,4549.03,Drainage!O1472,4549.03,Drainage!A1472,Drainage,"invert,depth"
DRA1271,DRA1192,PC concrete soakaways; 1200 dia perforated rings; depth to invert; depth to invert: 3.75 - 4 m,m,Drainage,General Drainage,4819.22,Drainage!O1473,4819.22,Drainage!A1473,Drainage,"invert,depth"
DRA1272,DRA1193,PC concrete soakaways; 1200 dia perforated rings; depth to invert; depth to invert: 4 - 4.25 m,m,Drainage,General Drainage,5089.41,Drainage!O1474,5089.41,Drainage!A1474,Drainage,"invert,depth"
DRA1273,DRA1194,PC concrete soakaways; 1200 dia perforated rings; depth to invert; depth to invert: 4.25 - 4.5 m,m,Drainage,General Drainage,5359.92,Drainage!O1475,5359.92,Drainage!A1475,Drainage,"invert,depth"
DRA1274,DRA1195,PC concrete soakaways; 1200 dia perforated rings; depth to invert; depth to invert: 4.5 - 4.75 m,m,Drainage,General Drainage,5630.11,Drainage!O1476,5630.11,Drainage!A1476,Drainage,"invert,depth"
DRA1275,DRA1196,PC concrete soakaways; 1200 dia perforated rings; depth to invert; depth to invert: 4.75 - 5 m,m,Drainage,General Drainage,5900.3,Drainage!O1477,5900.3,Drainage!A1477,Drainage,"invert,depth"
DRA1276,DRA1197,PC concrete; 1350/1500 dia; depth to invert; depth to invert: 0.75 - 1 m,m,Drainage,General Drainage,1684.89,Drainage!O1479,1684.89,Drainage!A1479,Drainage,"invert,depth"
DRA1277,DRA1198,PC concrete; 1350/1500 dia; depth to invert; depth to invert: 1 - 1.25 m,m,Drainage,General Drainage,1919.24,Drainage!O1480,1919.24,Drainage!A1480,Drainage,"invert,depth"
DRA1278,DRA1199,PC concrete; 1350/1500 dia; depth to invert; depth to invert: 1.25 - 1.5 m,m,Drainage,General Drainage,2153.6,Drainage!O1481,2153.6,Drainage!A1481,Drainage,"invert,depth"
DRA1279,DRA1200,PC concrete; 1350/1500 dia; depth to invert; depth to invert: 1.5 - 1.75 m,m,Drainage,General Drainage,2387.95,Drainage!O1482,2387.95,Drainage!A1482,Drainage,"invert,depth"
DRA1280,DRA1201,PC concrete; 1350/1500 dia; depth to invert; depth to invert: 1.75 - 2 m,m,Drainage,General Drainage,2622.3,Drainage!O1483,2622.3,Drainage!A1483,Drainage,"invert,depth"
DRA1281,DRA1202,PC concrete; 1350/1500 dia; depth to invert; depth to invert: 2 - 2.25 m,m,Drainage,General Drainage,2856.66,Drainage!O1484,2856.66,Drainage!A1484,Drainage,"invert,depth"
DRA1282,DRA1203,PC concrete; 1350/1500 dia; depth to invert; depth to invert: 2.25 - 2.5 m,m,Drainage,General Drainage,3091.01,Drainage!O1485,3091.01,Drainage!A1485,Drainage,"invert,depth"
DRA1283,DRA1204,PC concrete; 1350/1500 dia; depth to invert; depth to invert: 2.5 - 2.75 m,m,Drainage,General Drainage,3325.36,Drainage!O1486,3325.36,Drainage!A1486,Drainage,"invert,depth"
DRA1284,DRA1205,PC concrete; 1350/1500 dia; depth to invert; depth to invert: 2.75 - 3 m,m,Drainage,General Drainage,3559.72,Drainage!O1487,3559.72,Drainage!A1487,Drainage,"invert,depth"
DRA1285,DRA1206,PC concrete; 1350/1500 dia; depth to invert; depth to invert: 3 - 3.25 m,m,Drainage,General Drainage,3794.07,Drainage!O1488,3794.07,Drainage!A1488,Drainage,"invert,depth"
DRA1286,DRA1207,PC concrete; 1350/1500 dia; depth to invert; depth to invert: 3.25 - 3.5 m,m,Drainage,General Drainage,4028.42,Drainage!O1489,4028.42,Drainage!A1489,Drainage,"invert,depth"
DRA1287,DRA1208,PC concrete; 1350/1500 dia; depth to invert; depth to invert: 3.5 - 3.75 m,m,Drainage,General Drainage,4262.78,Drainage!O1490,4262.78,Drainage!A1490,Drainage,"invert,depth"
DRA1288,DRA1209,PC concrete; 1350/1500 dia; depth to invert; depth to invert: 3.75 - 4 m,m,Drainage,General Drainage,4497.13,Drainage!O1491,4497.13,Drainage!A1491,Drainage,"invert,depth"
DRA1289,DRA1210,PC concrete; 1350/1500 dia; depth to invert; depth to invert: 4 - 4.25 m,m,Drainage,General Drainage,4731.48,Drainage!O1492,4731.48,Drainage!A1492,Drainage,"invert,depth"
DRA1290,DRA1211,PC concrete; 1350/1500 dia; depth to invert; depth to invert: 4.25 - 4.5 m,m,Drainage,General Drainage,4965.84,Drainage!O1493,4965.84,Drainage!A1493,Drainage,"invert,depth"
DRA1291,DRA1212,PC concrete; 1350/1500 dia; depth to invert; depth to invert: 4.5 - 4.75 m,m,Drainage,General Drainage,5200.19,Drainage!O1494,5200.19,Drainage!A1494,Drainage,"invert,depth"
DRA1292,DRA1213,PC concrete; 1350/1500 dia; depth to invert; depth to invert: 4.75 - 5 m,m,Drainage,General Drainage,5434.55,Drainage!O1495,5434.55,Drainage!A1495,Drainage,"invert,depth"
DRA1293,DRA1214,PC concrete; 1350/1500 dia; depth to invert; depth to invert: 5 - 5.25 m,m,Drainage,General Drainage,5668.9,Drainage!O1496,5668.9,Drainage!A1496,Drainage,"invert,depth"
DRA1294,DRA1215,PC concrete; 1350/1500 dia; depth to invert; depth to invert: 5.25 - 5.5 m,m,Drainage,General Drainage,5903.25,Drainage!O1497,5903.25,Drainage!A1497,Drainage,"invert,depth"
DRA1295,DRA1216,PC concrete; 1350/1500 dia; depth to invert; depth to invert: 5.5 - 5.75 m,m,Drainage,General Drainage,6137.61,Drainage!O1498,6137.61,Drainage!A1498,Drainage,"invert,depth"
DRA1296,DRA1217,PC concrete; 1350/1500 dia; depth to invert; depth to invert: 5.75 - 6 m,m,Drainage,General Drainage,6371.96,Drainage!O1499,6371.96,Drainage!A1499,Drainage,"invert,depth"
DRA1297,DRA1218,PC concrete; 1350/1500 dia; depth to invert; depth to invert: 6 - 6.25 m,m,Drainage,General Drainage,6606.31,Drainage!O1500,6606.31,Drainage!A1500,Drainage,"invert,depth"
DRA1298,DRA1219,PC concrete; 1350/1500 dia; depth to invert; depth to invert: 6.25 - 6.5 m,m,Drainage,General Drainage,6840.67,Drainage!O1501,6840.67,Drainage!A1501,Drainage,"invert,depth"
DRA1299,DRA1220,EO 1350 for 1500 dia,item,Drainage,General Drainage,82.6,Drainage!O1503,82.6,Drainage!A1503,Drainage,
DRA1300,DRA1221,PC concrete; 1800 dia; depth to invert; depth to invert: 0.75 - 1 m,m,Drainage,General Drainage,2141.51,Drainage!O1507,2141.51,Drainage!A1507,Drainage,"invert,depth"
DRA1301,DRA1222,PC concrete; 1800 dia; depth to invert; depth to invert: 1 - 1.25 m,m,Drainage,General Drainage,2440.63,Drainage!O1508,2440.63,Drainage!A1508,Drainage,"invert,depth"
DRA1302,DRA1223,PC concrete; 1800 dia; depth to invert; depth to invert: 1.25 - 1.5 m,m,Drainage,General Drainage,2739.74,Drainage!O1509,2739.74,Drainage!A1509,Drainage,"invert,depth"
DRA1303,DRA1224,PC concrete; 1800 dia; depth to invert; depth to invert: 1.5 - 1.75 m,m,Drainage,General Drainage,3038.86,Drainage!O1510,3038.86,Drainage!A1510,Drainage,"invert,depth"
DRA1304,DRA1225,PC concrete; 1800 dia; depth to invert; depth to invert: 1.75 - 2 m,m,Drainage,General Drainage,3337.98,Drainage!O1511,3337.98,Drainage!A1511,Drainage,"invert,depth"
DRA1305,DRA1226,PC concrete; 1800 dia; depth to invert; depth to invert: 2 - 2.25 m,m,Drainage,General Drainage,3637.09,Drainage!O1512,3637.09,Drainage!A1512,Drainage,"invert,depth"
DRA1306,DRA1227,PC concrete; 1800 dia; depth to invert; depth to invert: 2.25 - 2.5 m,m,Drainage,General Drainage,3936.21,Drainage!O1513,3936.21,Drainage!A1513,Drainage,"invert,depth"
DRA1307,DRA1228,PC concrete; 1800 dia; depth to invert; depth to invert: 2.5 - 2.75 m,m,Drainage,General Drainage,4235.33,Drainage!O1514,4235.33,Drainage!A1514,Drainage,"invert,depth"
DRA1308,DRA1229,PC concrete; 1800 dia; depth to invert; depth to invert: 2.75 - 3 m,m,Drainage,General Drainage,4534.45,Drainage!O1515,4534.45,Drainage!A1515,Drainage,"invert,depth"
DRA1309,DRA1230,PC concrete; 1800 dia; depth to invert; depth to invert: 3 - 3.25 m,m,Drainage,General Drainage,4833.56,Drainage!O1516,4833.56,Drainage!A1516,Drainage,"invert,depth"
DRA1310,DRA1231,PC concrete; 1800 dia; depth to invert; depth to invert: 3.25 - 3.5 m,m,Drainage,General Drainage,5132.68,Drainage!O1517,5132.68,Drainage!A1517,Drainage,"invert,depth"
DRA1311,DRA1232,PC concrete; 1800 dia; depth to invert; depth to invert: 3.5 - 3.75 m,m,Drainage,General Drainage,5431.8,Drainage!O1518,5431.8,Drainage!A1518,Drainage,"invert,depth"
DRA1312,DRA1233,PC concrete; 1800 dia; depth to invert; depth to invert: 3.75 - 4 m,m,Drainage,General Drainage,5730.91,Drainage!O1519,5730.91,Drainage!A1519,Drainage,"invert,depth"
DRA1313,DRA1234,PC concrete; 1800 dia; depth to invert; depth to invert: 4 - 4.25 m,m,Drainage,General Drainage,6030.03,Drainage!O1520,6030.03,Drainage!A1520,Drainage,"invert,depth"
DRA1314,DRA1235,PC concrete; 1800 dia; depth to invert; depth to invert: 4.25 - 4.5 m,m,Drainage,General Drainage,6329.15,Drainage!O1521,6329.15,Drainage!A1521,Drainage,"invert,depth"
DRA1315,DRA1236,PC concrete; 1800 dia; depth to invert; depth to invert: 4.5 - 4.75 m,m,Drainage,General Drainage,6628.27,Drainage!O1522,6628.27,Drainage!A1522,Drainage,"invert,depth"
DRA1316,DRA1237,PC concrete; 1800 dia; depth to invert; depth to invert: 4.75 - 5 m,m,Drainage,General Drainage,6927.38,Drainage!O1523,6927.38,Drainage!A1523,Drainage,"invert,depth"
DRA1317,DRA1238,PC concrete; 1800 dia; depth to invert; depth to invert: 5 - 5.25 m,m,Drainage,General Drainage,7226.5,Drainage!O1524,7226.5,Drainage!A1524,Drainage,"invert,depth"
DRA1318,DRA1239,PC concrete; 1800 dia; depth to invert; depth to invert: 5.25 - 5.5 m,m,Drainage,General Drainage,7525.62,Drainage!O1525,7525.62,Drainage!A1525,Drainage,"invert,depth"
DRA1319,DRA1240,PC concrete; 1800 dia; depth to invert; depth to invert: 5.5 - 5.75 m,m,Drainage,General Drainage,7824.73,Drainage!O1526,7824.73,Drainage!A1526,Drainage,"invert,depth"
DRA1320,DRA1241,PC concrete; 1800 dia; depth to invert; depth to invert: 5.75 - 6 m,m,Drainage,General Drainage,8123.85,Drainage!O1527,8123.85,Drainage!A1527,Drainage,"invert,depth"
DRA1321,DRA1242,PC concrete; 1800 dia; depth to invert; depth to invert: 6 - 6.25 m,m,Drainage,General Drainage,8422.97,Drainage!O1528,8422.97,Drainage!A1528,Drainage,"invert,depth"
DRA1322,DRA1243,PC concrete; 1800 dia; depth to invert; depth to invert: 6.25 - 6.5 m,m,Drainage,General Drainage,8722.08,Drainage!O1529,8722.08,Drainage!A1529,Drainage,"invert,depth"
DRA1323,DRA1244,PC concrete; 2100/2400 dia; depth to invert; depth to invert: 0.75 - 1 m,m,Drainage,General Drainage,3419.24,Drainage!O1531,3419.24,Drainage!A1531,Drainage,"invert,depth"
DRA1324,DRA1245,PC concrete; 2100/2400 dia; depth to invert; depth to invert: 1 - 1.25 m,m,Drainage,General Drainage,3868.8,Drainage!O1532,3868.8,Drainage!A1532,Drainage,"invert,depth"
DRA1325,DRA1246,PC concrete; 2100/2400 dia; depth to invert; depth to invert: 1.25 - 1.5 m,m,Drainage,General Drainage,4318.36,Drainage!O1533,4318.36,Drainage!A1533,Drainage,"invert,depth"
DRA1326,DRA1247,PC concrete; 2100/2400 dia; depth to invert; depth to invert: 1.5 - 1.75 m,m,Drainage,General Drainage,4767.92,Drainage!O1534,4767.92,Drainage!A1534,Drainage,"invert,depth"
DRA1327,DRA1248,PC concrete; 2100/2400 dia; depth to invert; depth to invert: 1.75 - 2 m,m,Drainage,General Drainage,5217.48,Drainage!O1535,5217.48,Drainage!A1535,Drainage,"invert,depth"
DRA1328,DRA1249,PC concrete; 2100/2400 dia; depth to invert; depth to invert: 2 - 2.25 m,m,Drainage,General Drainage,5667.04,Drainage!O1536,5667.04,Drainage!A1536,Drainage,"invert,depth"
DRA1329,DRA1250,PC concrete; 2100/2400 dia; depth to invert; depth to invert: 2.25 - 2.5 m,m,Drainage,General Drainage,6116.6,Drainage!O1537,6116.6,Drainage!A1537,Drainage,"invert,depth"
DRA1330,DRA1251,PC concrete; 2100/2400 dia; depth to invert; depth to invert: 2.5 - 2.75 m,m,Drainage,General Drainage,6566.16,Drainage!O1538,6566.16,Drainage!A1538,Drainage,"invert,depth"
DRA1331,DRA1252,PC concrete; 2100/2400 dia; depth to invert; depth to invert: 2.75 - 3 m,m,Drainage,General Drainage,7015.72,Drainage!O1539,7015.72,Drainage!A1539,Drainage,"invert,depth"
DRA1332,DRA1253,PC concrete; 2100/2400 dia; depth to invert; depth to invert: 3 - 3.25 m,m,Drainage,General Drainage,7465.28,Drainage!O1540,7465.28,Drainage!A1540,Drainage,"invert,depth"
DRA1333,DRA1254,PC concrete; 2100/2400 dia; depth to invert; depth to invert: 3.25 - 3.5 m,m,Drainage,General Drainage,7914.84,Drainage!O1541,7914.84,Drainage!A1541,Drainage,"invert,depth"
DRA1334,DRA1255,PC concrete; 2100/2400 dia; depth to invert; depth to invert: 3.5 - 3.75 m,m,Drainage,General Drainage,8364.4,Drainage!O1542,8364.4,Drainage!A1542,Drainage,"invert,depth"
DRA1335,DRA1256,PC concrete; 2100/2400 dia; depth to invert; depth to invert: 3.75 - 4 m,m,Drainage,General Drainage,8813.96,Drainage!O1543,8813.96,Drainage!A1543,Drainage,"invert,depth"
DRA1336,DRA1257,PC concrete; 2100/2400 dia; depth to invert; depth to invert: 4 - 4.25 m,m,Drainage,General Drainage,9263.52,Drainage!O1544,9263.52,Drainage!A1544,Drainage,"invert,depth"
DRA1337,DRA1258,PC concrete; 2100/2400 dia; depth to invert; depth to invert: 4.25 - 4.5 m,m,Drainage,General Drainage,9713.08,Drainage!O1545,9713.08,Drainage!A1545,Drainage,"invert,depth"
DRA1338,DRA1259,PC concrete; 2100/2400 dia; depth to invert; depth to invert: 4.5 - 4.75 m,m,Drainage,General Drainage,10162.64,Drainage!O1546,10162.64,Drainage!A1546,Drainage,"invert,depth"
DRA1339,DRA1260,PC concrete; 2100/2400 dia; depth to invert; depth to invert: 4.75 - 5 m,m,Drainage,General Drainage,10612.2,Drainage!O1547,10612.2,Drainage!A1547,Drainage,"invert,depth"
DRA1340,DRA1261,PC concrete; 2100/2400 dia; depth to invert; depth to invert: 5 - 5.25 m,m,Drainage,General Drainage,11061.76,Drainage!O1548,11061.76,Drainage!A1548,Drainage,"invert,depth"
DRA1341,DRA1262,PC concrete; 2100/2400 dia; depth to invert; depth to invert: 5.25 - 5.5 m,m,Drainage,General Drainage,11511.32,Drainage!O1549,11511.32,Drainage!A1549,Drainage,"invert,depth"
DRA1342,DRA1263,PC concrete; 2100/2400 dia; depth to invert; depth to invert: 5.5 - 5.75 m,m,Drainage,General Drainage,11960.88,Drainage!O1550,11960.88,Drainage!A1550,Drainage,"invert,depth"
DRA1343,DRA1264,PC concrete; 2100/2400 dia; depth to invert; depth to invert: 5.75 - 6 m,m,Drainage,General Drainage,12410.44,Drainage!O1551,12410.44,Drainage!A1551,Drainage,"invert,depth"
DRA1344,DRA1265,PC concrete; 2100/2400 dia; depth to invert; depth to invert: 6 - 6.25 m,m,Drainage,General Drainage,12860.0,Drainage!O1552,12860.0,Drainage!A1552,Drainage,"invert,depth"
DRA1345,DRA1266,PC concrete; 2100/2400 dia; depth to invert; depth to invert: 6.25 - 6.5 m,m,Drainage,General Drainage,13309.55,Drainage!O1553,13309.55,Drainage!A1553,Drainage,"invert,depth"
DRA1346,DRA1267,PC concrete; 2100/2400 dia; depth to invert; depth to invert: 6.5 - 6.75 m,m,Drainage,General Drainage,13759.11,Drainage!O1554,13759.11,Drainage!A1554,Drainage,"invert,depth"
DRA1347,DRA1268,PC concrete; 2100/2400 dia; depth to invert; depth to invert: 6.75 - 7 m,m,Drainage,General Drainage,14208.67,Drainage!O1555,14208.67,Drainage!A1555,Drainage,"invert,depth"
DRA1348,DRA1269,PC concrete; 2100/2400 dia; depth to invert; depth to invert: 7 - 7.25 m,m,Drainage,General Drainage,14658.23,Drainage!O1556,14658.23,Drainage!A1556,Drainage,"invert,depth"
DRA1349,DRA1270,PC concrete; 2100/2400 dia; depth to invert; depth to invert: 7.25 - 7.5 m,m,Drainage,General Drainage,15107.79,Drainage!O1557,15107.79,Drainage!A1557,Drainage,"invert,depth"
DRA1350,DRA1271,PC concrete; 2100/2400 dia; depth to invert; depth to invert: 7.5 - 7.75 m,m,Drainage,General Drainage,15557.35,Drainage!O1558,15557.35,Drainage!A1558,Drainage,"invert,depth"
DRA1351,DRA1272,PC concrete; 2100/2400 dia; depth to invert; depth to invert: 7.75 - 8 m,m,Drainage,General Drainage,16006.91,Drainage!O1559,16006.91,Drainage!A1559,Drainage,"invert,depth"
DRA1352,DRA1273,PC concrete; 2100/2400 dia; depth to invert; depth to invert: 8 - 8.25 m,m,Drainage,General Drainage,16456.47,Drainage!O1560,16456.47,Drainage!A1560,Drainage,"invert,depth"
DRA1353,DRA1274,PC concrete; 2100/2400 dia; depth to invert; depth to invert: 8.25 - 8.5 m,m,Drainage,General Drainage,16906.03,Drainage!O1561,16906.03,Drainage!A1561,Drainage,"invert,depth"
DRA1354,DRA1275,PC concrete; 2100/2400 dia; depth to invert; depth to invert: 8.5 - 8.75 m,m,Drainage,General Drainage,17355.59,Drainage!O1562,17355.59,Drainage!A1562,Drainage,"invert,depth"
DRA1355,DRA1276,PC concrete; 2100/2400 dia; depth to invert; depth to invert: 8.75 - 9 m,m,Drainage,General Drainage,17805.15,Drainage!O1563,17805.15,Drainage!A1563,Drainage,"invert,depth"
DRA1356,DRA1277,PC concrete; 2100/2400 dia; depth to invert; depth to invert: 9 - 9.25 m,m,Drainage,General Drainage,18254.71,Drainage!O1564,18254.71,Drainage!A1564,Drainage,"invert,depth"
DRA1357,DRA1278,PC concrete; 2100/2400 dia; depth to invert; depth to invert: 9.25 - 9.5 m,m,Drainage,General Drainage,18704.27,Drainage!O1565,18704.27,Drainage!A1565,Drainage,"invert,depth"
DRA1358,DRA1279,PC concrete; 2100/2400 dia; depth to invert; depth to invert: 9.5 - 9.75 m,m,Drainage,General Drainage,19153.83,Drainage!O1566,19153.83,Drainage!A1566,Drainage,"invert,depth"
DRA1359,DRA1280,PC concrete; 3000 dia; depth to invert; depth to invert: 0.75 - 1 m,m,Drainage,General Drainage,5491.54,Drainage!O1569,5491.54,Drainage!A1569,Drainage,"invert,depth"
DRA1360,DRA1281,PC concrete; 3000 dia; depth to invert; depth to invert: 1 - 1.25 m,m,Drainage,General Drainage,6195.88,Drainage!O1570,6195.88,Drainage!A1570,Drainage,"invert,depth"
DRA1361,DRA1282,PC concrete; 3000 dia; depth to invert; depth to invert: 1.25 - 1.5 m,m,Drainage,General Drainage,6900.23,Drainage!O1571,6900.23,Drainage!A1571,Drainage,"invert,depth"
DRA1362,DRA1283,PC concrete; 3000 dia; depth to invert; depth to invert: 1.5 - 1.75 m,m,Drainage,General Drainage,7604.57,Drainage!O1572,7604.57,Drainage!A1572,Drainage,"invert,depth"
DRA1363,DRA1284,PC concrete; 3000 dia; depth to invert; depth to invert: 1.75 - 2 m,m,Drainage,General Drainage,8308.91,Drainage!O1573,8308.91,Drainage!A1573,Drainage,"invert,depth"
DRA1364,DRA1285,PC concrete; 3000 dia; depth to invert; depth to invert: 2 - 2.25 m,m,Drainage,General Drainage,9013.25,Drainage!O1574,9013.25,Drainage!A1574,Drainage,"invert,depth"
DRA1365,DRA1286,PC concrete; 3000 dia; depth to invert; depth to invert: 2.25 - 2.5 m,m,Drainage,General Drainage,9717.59,Drainage!O1575,9717.59,Drainage!A1575,Drainage,"invert,depth"
DRA1366,DRA1287,PC concrete; 3000 dia; depth to invert; depth to invert: 2.5 - 2.75 m,m,Drainage,General Drainage,10421.93,Drainage!O1576,10421.93,Drainage!A1576,Drainage,"invert,depth"
DRA1367,DRA1288,PC concrete; 3000 dia; depth to invert; depth to invert: 2.75 - 3 m,m,Drainage,General Drainage,11126.27,Drainage!O1577,11126.27,Drainage!A1577,Drainage,"invert,depth"
DRA1368,DRA1289,PC concrete; 3000 dia; depth to invert; depth to invert: 3 - 3.25 m,m,Drainage,General Drainage,11830.61,Drainage!O1578,11830.61,Drainage!A1578,Drainage,"invert,depth"
DRA1369,DRA1290,PC concrete; 3000 dia; depth to invert; depth to invert: 3.25 - 3.5 m,m,Drainage,General Drainage,12534.95,Drainage!O1579,12534.95,Drainage!A1579,Drainage,"invert,depth"
DRA1370,DRA1291,PC concrete; 3000 dia; depth to invert; depth to invert: 3.5 - 3.75 m,m,Drainage,General Drainage,13239.29,Drainage!O1580,13239.29,Drainage!A1580,Drainage,"invert,depth"
DRA1371,DRA1292,PC concrete; 3000 dia; depth to invert; depth to invert: 3.75 - 4 m,m,Drainage,General Drainage,13943.63,Drainage!O1581,13943.63,Drainage!A1581,Drainage,"invert,depth"
DRA1372,DRA1293,PC concrete; 3000 dia; depth to invert; depth to invert: 4 - 4.25 m,m,Drainage,General Drainage,14647.97,Drainage!O1582,14647.97,Drainage!A1582,Drainage,"invert,depth"
DRA1373,DRA1294,PC concrete; 3000 dia; depth to invert; depth to invert: 4.25 - 4.5 m,m,Drainage,General Drainage,15352.31,Drainage!O1583,15352.31,Drainage!A1583,Drainage,"invert,depth"
DRA1374,DRA1295,PC concrete; 3000 dia; depth to invert; depth to invert: 4.5 - 4.75 m,m,Drainage,General Drainage,16056.65,Drainage!O1584,16056.65,Drainage!A1584,Drainage,"invert,depth"
DRA1375,DRA1296,PC concrete; 3000 dia; depth to invert; depth to invert: 4.75 - 5 m,m,Drainage,General Drainage,16760.99,Drainage!O1585,16760.99,Drainage!A1585,Drainage,"invert,depth"
DRA1376,DRA1297,PC concrete; 3000 dia; depth to invert; depth to invert: 5 - 5.25 m,m,Drainage,General Drainage,17465.33,Drainage!O1586,17465.33,Drainage!A1586,Drainage,"invert,depth"
DRA1377,DRA1298,PC concrete; 3000 dia; depth to invert; depth to invert: 5.25 - 5.5 m,m,Drainage,General Drainage,18169.67,Drainage!O1587,18169.67,Drainage!A1587,Drainage,"invert,depth"
DRA1378,DRA1299,PC concrete; 3000 dia; depth to invert; depth to invert: 5.5 - 5.75 m,m,Drainage,General Drainage,18874.01,Drainage!O1588,18874.01,Drainage!A1588,Drainage,"invert,depth"
DRA1379,DRA1300,PC concrete; 3000 dia; depth to invert; depth to invert: 5.75 - 6 m,m,Drainage,General Drainage,19578.35,Drainage!O1589,19578.35,Drainage!A1589,Drainage,"invert,depth"
DRA1380,DRA1301,PC concrete; 3600 dia; depth to invert; depth to invert: 0.75 - 1 m,m,Drainage,General Drainage,9070.66,Drainage!O1592,9070.66,Drainage!A1592,Drainage,"invert,depth"
DRA1381,DRA1302,PC concrete; 3600 dia; depth to invert; depth to invert: 1 - 1.25 m,m,Drainage,General Drainage,10133.64,Drainage!O1593,10133.64,Drainage!A1593,Drainage,"invert,depth"
DRA1382,DRA1303,PC concrete; 3600 dia; depth to invert; depth to invert: 1.25 - 1.5 m,m,Drainage,General Drainage,11196.62,Drainage!O1594,11196.62,Drainage!A1594,Drainage,"invert,depth"
DRA1383,DRA1304,PC concrete; 3600 dia; depth to invert; depth to invert: 1.5 - 1.75 m,m,Drainage,General Drainage,12259.6,Drainage!O1595,12259.6,Drainage!A1595,Drainage,"invert,depth"
DRA1384,DRA1305,PC concrete; 3600 dia; depth to invert; depth to invert: 1.75 - 2 m,m,Drainage,General Drainage,13322.58,Drainage!O1596,13322.58,Drainage!A1596,Drainage,"invert,depth"
DRA1385,DRA1306,PC concrete; 3600 dia; depth to invert; depth to invert: 2 - 2.25 m,m,Drainage,General Drainage,14385.56,Drainage!O1597,14385.56,Drainage!A1597,Drainage,"invert,depth"
DRA1386,DRA1307,PC concrete; 3600 dia; depth to invert; depth to invert: 2.25 - 2.5 m,m,Drainage,General Drainage,15448.54,Drainage!O1598,15448.54,Drainage!A1598,Drainage,"invert,depth"
DRA1387,DRA1308,PC concrete; 3600 dia; depth to invert; depth to invert: 2.5 - 2.75 m,m,Drainage,General Drainage,16511.52,Drainage!O1599,16511.52,Drainage!A1599,Drainage,"invert,depth"
DRA1388,DRA1309,PC concrete; 3600 dia; depth to invert; depth to invert: 2.75 - 3 m,m,Drainage,General Drainage,17574.5,Drainage!O1600,17574.5,Drainage!A1600,Drainage,"invert,depth"
DRA1389,DRA1310,PC concrete; 3600 dia; depth to invert; depth to invert: 3 - 3.25 m,m,Drainage,General Drainage,18637.47,Drainage!O1601,18637.47,Drainage!A1601,Drainage,"invert,depth"
DRA1390,DRA1311,PC concrete; 3600 dia; depth to invert; depth to invert: 3.25 - 3.5 m,m,Drainage,General Drainage,19700.45,Drainage!O1602,19700.45,Drainage!A1602,Drainage,"invert,depth"
DRA1391,DRA1312,PC concrete; 3600 dia; depth to invert; depth to invert: 3.5 - 3.75 m,m,Drainage,General Drainage,20763.43,Drainage!O1603,20763.43,Drainage!A1603,Drainage,"invert,depth"
DRA1392,DRA1313,PC concrete; 3600 dia; depth to invert; depth to invert: 3.75 - 4 m,m,Drainage,General Drainage,21826.41,Drainage!O1604,21826.41,Drainage!A1604,Drainage,"invert,depth"
DRA1393,DRA1314,PC concrete; 3600 dia; depth to invert; depth to invert: 4 - 4.25 m,m,Drainage,General Drainage,22889.39,Drainage!O1605,22889.39,Drainage!A1605,Drainage,"invert,depth"
DRA1394,DRA1315,PC concrete; 3600 dia; depth to invert; depth to invert: 4.25 - 4.5 m,m,Drainage,General Drainage,23952.37,Drainage!O1606,23952.37,Drainage!A1606,Drainage,"invert,depth"
DRA1395,DRA1316,PC concrete; 3600 dia; depth to invert; depth to invert: 4.5 - 4.75 m,m,Drainage,General Drainage,25015.35,Drainage!O1607,25015.35,Drainage!A1607,Drainage,"invert,depth"
DRA1396,DRA1317,PC concrete; 3600 dia; depth to invert; depth to invert: 4.75 - 5 m,m,Drainage,General Drainage,26078.33,Drainage!O1608,26078.33,Drainage!A1608,Drainage,"invert,depth"
DRA1397,DRA1318,PC concrete; 3600 dia; depth to invert; depth to invert: 5 - 5.25 m,m,Drainage,General Drainage,27141.3,Drainage!O1609,27141.3,Drainage!A1609,Drainage,"invert,depth"
DRA1398,DRA1319,PC concrete; 3600 dia; depth to invert; depth to invert: 5.25 - 5.5 m,m,Drainage,General Drainage,28204.28,Drainage!O1610,28204.28,Drainage!A1610,Drainage,"invert,depth"
DRA1399,DRA1320,PC concrete; 3600 dia; depth to invert; depth to invert: 5.5 - 5.75 m,m,Drainage,General Drainage,29267.26,Drainage!O1611,29267.26,Drainage!A1611,Drainage,"invert,depth"
DRA1400,DRA1321,PC concrete; 3600 dia; depth to invert; depth to invert: 5.75 - 6 m,m,Drainage,General Drainage,30330.24,Drainage!O1612,30330.24,Drainage!A1612,Drainage,"invert,depth"
DRA1401,DRA1322,EO manholes for backdrop entries; 100mm dia; depth of drop:; depth to invert: 0.25 - 0.5 m,m,Drainage,Manholes,336.37,Drainage!O1615,336.37,Drainage!A1615,Drainage,"100mm,manhole,invert,depth"
DRA1402,DRA1323,EO manholes for backdrop entries; 100mm dia; depth of drop:; depth to invert: 0.5 - 0.75 m,m,Drainage,Manholes,375.66,Drainage!O1616,375.66,Drainage!A1616,Drainage,"100mm,manhole,invert,depth"
DRA1403,DRA1324,EO manholes for backdrop entries; 100mm dia; depth of drop:; depth to invert: 0.75 - 1 m,m,Drainage,Manholes,414.95,Drainage!O1617,414.95,Drainage!A1617,Drainage,"100mm,manhole,invert,depth"
DRA1404,DRA1325,EO manholes for backdrop entries; 100mm dia; depth of drop:; depth to invert: 1 - 1.25 m,m,Drainage,Manholes,454.24,Drainage!O1618,454.24,Drainage!A1618,Drainage,"100mm,manhole,invert,depth"
DRA1405,DRA1326,EO manholes for backdrop entries; 100mm dia; depth of drop:; depth to invert: 1.25 - 1.5 m,m,Drainage,Manholes,493.53,Drainage!O1619,493.53,Drainage!A1619,Drainage,"100mm,manhole,invert,depth"
DRA1406,DRA1327,EO manholes for backdrop entries; 100mm dia; depth of drop:; depth to invert: 1.5 - 1.75 m,m,Drainage,Manholes,532.82,Drainage!O1620,532.82,Drainage!A1620,Drainage,"100mm,manhole,invert,depth"
DRA1407,DRA1328,EO manholes for backdrop entries; 100mm dia; depth of drop:; depth to invert: 1.75 - 2 m,m,Drainage,Manholes,572.11,Drainage!O1621,572.11,Drainage!A1621,Drainage,"100mm,manhole,invert,depth"
DRA1408,DRA1329,EO manholes for backdrop entries; 100mm dia; depth of drop:; depth to invert: 2 - 2.25 m,m,Drainage,Manholes,611.4,Drainage!O1622,611.4,Drainage!A1622,Drainage,"100mm,manhole,invert,depth"
DRA1409,DRA1330,EO manholes for backdrop entries; 100mm dia; depth of drop:; depth to invert: 2.25 - 2.5 m,m,Drainage,Manholes,650.69,Drainage!O1623,650.69,Drainage!A1623,Drainage,"100mm,manhole,invert,depth"
DRA1410,DRA1331,EO manholes for backdrop entries; 100mm dia; depth of drop:; depth to invert: 2.5 - 2.75 m,m,Drainage,Manholes,689.98,Drainage!O1624,689.98,Drainage!A1624,Drainage,"100mm,manhole,invert,depth"
DRA1411,DRA1332,EO manholes for backdrop entries; 100mm dia; depth of drop:; depth to invert: 2.75 - 3 m,m,Drainage,Manholes,729.27,Drainage!O1625,729.27,Drainage!A1625,Drainage,"100mm,manhole,invert,depth"
DRA1412,DRA1333,EO manholes for backdrop entries; 100mm dia; depth of drop:; depth to invert: 3 - 3.25 m,m,Drainage,Manholes,768.56,Drainage!O1626,768.56,Drainage!A1626,Drainage,"100mm,manhole,invert,depth"
DRA1413,DRA1334,EO manholes for backdrop entries; 100mm dia; depth of drop:; depth to invert: 3.25 - 3.5 m,m,Drainage,Manholes,807.85,Drainage!O1627,807.85,Drainage!A1627,Drainage,"100mm,manhole,invert,depth"
DRA1414,DRA1335,EO manholes for backdrop entries; 100mm dia; depth of drop:; depth to invert: 3.5 - 3.75 m,m,Drainage,Manholes,847.14,Drainage!O1628,847.14,Drainage!A1628,Drainage,"100mm,manhole,invert,depth"
DRA1415,DRA1336,EO manholes for backdrop entries; 100mm dia; depth of drop:; depth to invert: 3.75 - 4 m,m,Drainage,Manholes,886.43,Drainage!O1629,886.43,Drainage!A1629,Drainage,"100mm,manhole,invert,depth"
DRA1416,DRA1337,EO manholes for backdrop entries; 100mm dia; depth of drop:; depth to invert: 4 - 4.25 m,m,Drainage,Manholes,925.72,Drainage!O1630,925.72,Drainage!A1630,Drainage,"100mm,manhole,invert,depth"
DRA1417,DRA1338,EO manholes for backdrop entries; 100mm dia; depth of drop:; depth to invert: 4.25 - 4.5 m,m,Drainage,Manholes,965.01,Drainage!O1631,965.01,Drainage!A1631,Drainage,"100mm,manhole,invert,depth"
DRA1418,DRA1339,EO manholes for backdrop entries; 150mm dia; depth of drop:; depth to invert: 0.25 - 0.5 m,m,Drainage,Manholes,377.06,Drainage!O1633,377.06,Drainage!A1633,Drainage,"150mm,manhole,invert,depth"
DRA1419,DRA1340,EO manholes for backdrop entries; 150mm dia; depth of drop:; depth to invert: 0.5 - 0.75 m,m,Drainage,Manholes,424.51,Drainage!O1634,424.51,Drainage!A1634,Drainage,"150mm,manhole,invert,depth"
DRA1420,DRA1341,EO manholes for backdrop entries; 150mm dia; depth of drop:; depth to invert: 0.75 - 1 m,m,Drainage,Manholes,471.96,Drainage!O1635,471.96,Drainage!A1635,Drainage,"150mm,manhole,invert,depth"
DRA1421,DRA1342,EO manholes for backdrop entries; 150mm dia; depth of drop:; depth to invert: 1 - 1.25 m,m,Drainage,Manholes,519.42,Drainage!O1636,519.42,Drainage!A1636,Drainage,"150mm,manhole,invert,depth"
DRA1422,DRA1343,EO manholes for backdrop entries; 150mm dia; depth of drop:; depth to invert: 1.25 - 1.5 m,m,Drainage,Manholes,566.87,Drainage!O1637,566.87,Drainage!A1637,Drainage,"150mm,manhole,invert,depth"
DRA1423,DRA1344,EO manholes for backdrop entries; 150mm dia; depth of drop:; depth to invert: 1.5 - 1.75 m,m,Drainage,Manholes,614.32,Drainage!O1638,614.32,Drainage!A1638,Drainage,"150mm,manhole,invert,depth"
DRA1424,DRA1345,EO manholes for backdrop entries; 150mm dia; depth of drop:; depth to invert: 1.75 - 2 m,m,Drainage,Manholes,661.77,Drainage!O1639,661.77,Drainage!A1639,Drainage,"150mm,manhole,invert,depth"
DRA1425,DRA1346,EO manholes for backdrop entries; 150mm dia; depth of drop:; depth to invert: 2 - 2.25 m,m,Drainage,Manholes,709.22,Drainage!O1640,709.22,Drainage!A1640,Drainage,"150mm,manhole,invert,depth"
DRA1426,DRA1347,EO manholes for backdrop entries; 150mm dia; depth of drop:; depth to invert: 2.25 - 2.5 m,m,Drainage,Manholes,756.68,Drainage!O1641,756.68,Drainage!A1641,Drainage,"150mm,manhole,invert,depth"
DRA1427,DRA1348,EO manholes for backdrop entries; 150mm dia; depth of drop:; depth to invert: 2.5 - 2.75 m,m,Drainage,Manholes,804.13,Drainage!O1642,804.13,Drainage!A1642,Drainage,"150mm,manhole,invert,depth"
DRA1428,DRA1349,EO manholes for backdrop entries; 150mm dia; depth of drop:; depth to invert: 2.75 - 3 m,m,Drainage,Manholes,851.58,Drainage!O1643,851.58,Drainage!A1643,Drainage,"150mm,manhole,invert,depth"
DRA1429,DRA1350,EO manholes for backdrop entries; 150mm dia; depth of drop:; depth to invert: 3 - 3.25 m,m,Drainage,Manholes,899.03,Drainage!O1644,899.03,Drainage!A1644,Drainage,"150mm,manhole,invert,depth"
DRA1430,DRA1351,EO manholes for backdrop entries; 150mm dia; depth of drop:; depth to invert: 3.25 - 3.5 m,m,Drainage,Manholes,946.48,Drainage!O1645,946.48,Drainage!A1645,Drainage,"150mm,manhole,invert,depth"
DRA1431,DRA1352,EO manholes for backdrop entries; 150mm dia; depth of drop:; depth to invert: 3.5 - 3.75 m,m,Drainage,Manholes,993.94,Drainage!O1646,993.94,Drainage!A1646,Drainage,"150mm,manhole,invert,depth"
DRA1432,DRA1353,EO manholes for backdrop entries; 150mm dia; depth of drop:; depth to invert: 3.75 - 4 m,m,Drainage,Manholes,1041.39,Drainage!O1647,1041.39,Drainage!A1647,Drainage,"150mm,manhole,invert,depth"
DRA1433,DRA1354,EO manholes for backdrop entries; 150mm dia; depth of drop:; depth to invert: 4 - 4.25 m,m,Drainage,Manholes,1088.84,Drainage!O1648,1088.84,Drainage!A1648,Drainage,"150mm,manhole,invert,depth"
DRA1434,DRA1355,EO manholes for backdrop entries; 300mm dia; depth of drop:; depth to invert: 0.25 - 0.5 m,m,Drainage,Manholes,1633.93,Drainage!O1650,1633.93,Drainage!A1650,Drainage,"300mm,manhole,invert,depth"
DRA1435,DRA1356,EO manholes for backdrop entries; 300mm dia; depth of drop:; depth to invert: 0.5 - 0.75 m,m,Drainage,Manholes,1712.96,Drainage!O1651,1712.96,Drainage!A1651,Drainage,"300mm,manhole,invert,depth"
DRA1436,DRA1357,EO manholes for backdrop entries; 300mm dia; depth of drop:; depth to invert: 0.75 - 1 m,m,Drainage,Manholes,1791.99,Drainage!O1652,1791.99,Drainage!A1652,Drainage,"300mm,manhole,invert,depth"
DRA1437,DRA1358,EO manholes for backdrop entries; 300mm dia; depth of drop:; depth to invert: 1 - 1.25 m,m,Drainage,Manholes,1871.01,Drainage!O1653,1871.01,Drainage!A1653,Drainage,"300mm,manhole,invert,depth"
DRA1438,DRA1359,EO manholes for backdrop entries; 300mm dia; depth of drop:; depth to invert: 1.25 - 1.5 m,m,Drainage,Manholes,1950.04,Drainage!O1654,1950.04,Drainage!A1654,Drainage,"300mm,manhole,invert,depth"
DRA1439,DRA1360,EO manholes for backdrop entries; 300mm dia; depth of drop:; depth to invert: 1.5 - 1.75 m,m,Drainage,Manholes,2029.06,Drainage!O1655,2029.06,Drainage!A1655,Drainage,"300mm,manhole,invert,depth"
DRA1440,DRA1361,EO manholes for backdrop entries; 300mm dia; depth of drop:; depth to invert: 1.75 - 2 m,m,Drainage,Manholes,2108.09,Drainage!O1656,2108.09,Drainage!A1656,Drainage,"300mm,manhole,invert,depth"
DRA1441,DRA1362,EO manholes for backdrop entries; 300mm dia; depth of drop:; depth to invert: 2 - 2.25 m,m,Drainage,Manholes,2187.12,Drainage!O1657,2187.12,Drainage!A1657,Drainage,"300mm,manhole,invert,depth"
DRA1442,DRA1363,EO manholes for backdrop entries; 300mm dia; depth of drop:; depth to invert: 2.25 - 2.5 m,m,Drainage,Manholes,2266.14,Drainage!O1658,2266.14,Drainage!A1658,Drainage,"300mm,manhole,invert,depth"
DRA1443,DRA1364,EO manholes for backdrop entries; 300mm dia; depth of drop:; depth to invert: 2.5 - 2.75 m,m,Drainage,Manholes,2345.17,Drainage!O1659,2345.17,Drainage!A1659,Drainage,"300mm,manhole,invert,depth"
DRA1444,DRA1365,EO manholes for backdrop entries; 300mm dia; depth of drop:; depth to invert: 2.75 - 3 m,m,Drainage,Manholes,2424.2,Drainage!O1660,2424.2,Drainage!A1660,Drainage,"300mm,manhole,invert,depth"
DRA1445,DRA1366,EO manholes for backdrop entries; 300mm dia; depth of drop:; depth to invert: 3 - 3.25 m,m,Drainage,Manholes,2503.22,Drainage!O1661,2503.22,Drainage!A1661,Drainage,"300mm,manhole,invert,depth"
DRA1446,DRA1367,EO for orifice plate,item,Drainage,General Drainage,365.08,Drainage!O1663,365.08,Drainage!A1663,Drainage,
DRA1447,DRA1368,EO for 225 flap valve,item,Drainage,General Drainage,321.42,Drainage!O1664,321.42,Drainage!A1664,Drainage,
DRA1448,DRA1369,EO B125 C&F for D400,item,Drainage,General Drainage,35.4,Drainage!O1665,35.4,Drainage!A1665,Drainage,
DRA1449,DRA1370,EO B125 C&F for F900,item,Drainage,General Drainage,283.2,Drainage!O1666,283.2,Drainage!A1666,Drainage,
DRA1450,DRA1371,EO for double seal C&F,item,Drainage,General Drainage,17.7,Drainage!O1667,17.7,Drainage!A1667,Drainage,
DRA1451,DRA1372,Insitu RC manholes integral with slab; size 1200/900 x 750; 300mm thk base and walls; 750 x 750 dble seal C&F; depth to invert:; depth to invert: 0.5 - 0.75 m,m,Drainage,Manholes,3016.75,Drainage!O1670,3016.75,Drainage!A1670,Drainage,"300mm,manhole,invert,depth"
DRA1452,DRA1372,Insitu RC manholes integral with slab; size 1200/900 x 750; 300mm thk base and walls; 750 x 750 dble seal C&F; depth to invert:; depth to invert: 0.75 - 1 m,m,Drainage,Manholes,3497.43,Drainage!O1671,3497.43,Drainage!A1671,Drainage,"300mm,manhole,invert,depth"
DRA1453,DRA1373,Insitu RC manholes integral with slab; size 1200/900 x 750; 300mm thk base and walls; 750 x 750 dble seal C&F; depth to invert:; depth to invert: 1 - 1.25 m,m,Drainage,Manholes,4059.32,Drainage!O1672,4059.32,Drainage!A1672,Drainage,"300mm,manhole,invert,depth"
DRA1454,DRA1374,Insitu RC manholes integral with slab; size 1200/900 x 750; 300mm thk base and walls; 750 x 750 dble seal C&F; depth to invert:; depth to invert: 1.25 - 1.5 m,m,Drainage,Manholes,4556.24,Drainage!O1673,4556.24,Drainage!A1673,Drainage,"300mm,manhole,invert,depth"
DRA1455,DRA1375,Insitu RC manholes integral with slab; size 1200/900 x 750; 300mm thk base and walls; 750 x 750 dble seal C&F; depth to invert:; depth to invert: 1.5 - 1.75 m,m,Drainage,Manholes,5053.17,Drainage!O1674,5053.17,Drainage!A1674,Drainage,"300mm,manhole,invert,depth"
DRA1456,DRA1376,Insitu RC manholes integral with slab; size 1200/900 x 750; 300mm thk base and walls; 750 x 750 dble seal C&F; depth to invert:; depth to invert: 1.75 - 2 m,m,Drainage,Manholes,5550.09,Drainage!O1675,5550.09,Drainage!A1675,Drainage,"300mm,manhole,invert,depth"
DRA1457,DRA1377,Insitu RC manholes integral with slab; size 1200/900 x 750; 300mm thk base and walls; 750 x 750 dble seal C&F; depth to invert:; depth to invert: 2 - 2.25 m,m,Drainage,Manholes,6209.73,Drainage!O1676,6209.73,Drainage!A1676,Drainage,"300mm,manhole,invert,depth"
DRA1458,DRA1378,Insitu RC manholes integral with slab; size 1200/900 x 750; 300mm thk base and walls; 750 x 750 dble seal C&F; depth to invert:; depth to invert: 2.25 - 2.5 m,m,Drainage,Manholes,6724.73,Drainage!O1677,6724.73,Drainage!A1677,Drainage,"300mm,manhole,invert,depth"
DRA1459,DRA1379,Insitu RC manholes integral with slab; size 1200/900 x 750; 300mm thk base and walls; 750 x 750 dble seal C&F; depth to invert:; depth to invert: 2.5 - 2.75 m,m,Drainage,Manholes,7239.73,Drainage!O1678,7239.73,Drainage!A1678,Drainage,"300mm,manhole,invert,depth"
DRA1460,DRA1380,Insitu RC manholes integral with slab; size 1200/900 x 750; 300mm thk base and walls; 750 x 750 dble seal C&F; depth to invert:; depth to invert: 2.75 - 3 m,m,Drainage,Manholes,7754.73,Drainage!O1679,7754.73,Drainage!A1679,Drainage,"300mm,manhole,invert,depth"
DRA1461,DRA1381,Insitu RC manholes integral with slab; size 1200/900 x 750; 300mm thk base and walls; 750 x 750 dble seal C&F; depth to invert:; depth to invert: 3 - 3.25 m,m,Drainage,Manholes,8269.74,Drainage!O1680,8269.74,Drainage!A1680,Drainage,"300mm,manhole,invert,depth"
DRA1462,DRA1382,Insitu RC manholes integral with slab; size 1200/900 x 750; 300mm thk base and walls; 750 x 750 dble seal C&F; depth to invert:; depth to invert: 3.25 - 3.5 m,m,Drainage,Manholes,8784.74,Drainage!O1681,8784.74,Drainage!A1681,Drainage,"300mm,manhole,invert,depth"
DRA1463,DRA1383,Insitu RC manholes integral with slab; size 1200/900 x 750; 300mm thk base and walls; 750 x 750 dble seal C&F; depth to invert:; depth to invert: 3.5 - 3.75 m,m,Drainage,Manholes,9299.74,Drainage!O1682,9299.74,Drainage!A1682,Drainage,"300mm,manhole,invert,depth"
DRA1464,DRA1384,Insitu RC manholes integral with slab; size 1200/900 x 750; 300mm thk base and walls; 750 x 750 dble seal C&F; depth to invert:; depth to invert: 3.75 - 4 m,m,Drainage,Manholes,9737.27,Drainage!O1683,9737.27,Drainage!A1683,Drainage,"300mm,manhole,invert,depth"
DRA1465,DRA1385,Insitu RC manholes integral with slab; size 1200/900 x 750; 300mm thk base and walls; 750 x 750 dble seal C&F; depth to invert:; depth to invert: 4 - 4.25 m,m,Drainage,Manholes,11481.93,Drainage!O1684,11481.93,Drainage!A1684,Drainage,"300mm,manhole,invert,depth"
DRA1466,DRA1386,Insitu RC manholes integral with slab; size 1200/900 x 750; 300mm thk base and walls; 750 x 750 dble seal C&F; depth to invert:; depth to invert: 4.25 - 4.5 m,m,Drainage,Manholes,12064.71,Drainage!O1685,12064.71,Drainage!A1685,Drainage,"300mm,manhole,invert,depth"
DRA1467,DRA1387,Insitu RC manholes integral with slab; size 1200/900 x 750; 300mm thk base and walls; 750 x 750 dble seal C&F; depth to invert:; depth to invert: 4.5 - 4.75 m,m,Drainage,Manholes,12647.49,Drainage!O1686,12647.49,Drainage!A1686,Drainage,"300mm,manhole,invert,depth"
DRA1468,DRA1388,Insitu RC manholes integral with slab; size 1200/900 x 750; 300mm thk base and walls; 750 x 750 dble seal C&F; depth to invert:; depth to invert: 4.75 - 5 m,m,Drainage,Manholes,13230.27,Drainage!O1687,13230.27,Drainage!A1687,Drainage,"300mm,manhole,invert,depth"
DRA1469,DRA1387,Insitu RC manholes integral with slab; size 2215 x 1200; 300mm thk base and walls; 2 nr 600 x 600 dble seal C&Fs; depth to invert:; depth to invert: 0.75 - 1 m,m,Drainage,Manholes,6994.87,Drainage!O1690,6994.87,Drainage!A1690,Drainage,"300mm,manhole,invert,depth"
DRA1470,DRA1388,Insitu RC manholes integral with slab; size 2215 x 1200; 300mm thk base and walls; 2 nr 600 x 600 dble seal C&Fs; depth to invert:; depth to invert: 1 - 1.25 m,m,Drainage,Manholes,8118.64,Drainage!O1691,8118.64,Drainage!A1691,Drainage,"300mm,manhole,invert,depth"
DRA1471,DRA1389,Insitu RC manholes integral with slab; size 2215 x 1200; 300mm thk base and walls; 2 nr 600 x 600 dble seal C&Fs; depth to invert:; depth to invert: 1.25 - 1.5 m,m,Drainage,Manholes,9112.48,Drainage!O1692,9112.48,Drainage!A1692,Drainage,"300mm,manhole,invert,depth"
DRA1472,DRA1390,Insitu RC manholes integral with slab; size 2215 x 1200; 300mm thk base and walls; 2 nr 600 x 600 dble seal C&Fs; depth to invert:; depth to invert: 1.5 - 1.75 m,m,Drainage,Manholes,10106.33,Drainage!O1693,10106.33,Drainage!A1693,Drainage,"300mm,manhole,invert,depth"
DRA1473,DRA1391,Insitu RC manholes integral with slab; size 2215 x 1200; 300mm thk base and walls; 2 nr 600 x 600 dble seal C&Fs; depth to invert:; depth to invert: 1.75 - 2 m,m,Drainage,Manholes,11100.18,Drainage!O1694,11100.18,Drainage!A1694,Drainage,"300mm,manhole,invert,depth"
DRA1474,DRA1392,Insitu RC manholes integral with slab; size 2215 x 1200; 300mm thk base and walls; 2 nr 600 x 600 dble seal C&Fs; depth to invert:; depth to invert: 2 - 2.25 m,m,Drainage,Manholes,12419.45,Drainage!O1695,12419.45,Drainage!A1695,Drainage,"300mm,manhole,invert,depth"
DRA1475,DRA1393,Insitu RC manholes integral with slab; size 2215 x 1200; 300mm thk base and walls; 2 nr 600 x 600 dble seal C&Fs; depth to invert:; depth to invert: 2.25 - 2.5 m,m,Drainage,Manholes,13449.46,Drainage!O1696,13449.46,Drainage!A1696,Drainage,"300mm,manhole,invert,depth"
DRA1476,DRA1394,Insitu RC manholes integral with slab; size 2215 x 1200; 300mm thk base and walls; 2 nr 600 x 600 dble seal C&Fs; depth to invert:; depth to invert: 2.5 - 2.75 m,m,Drainage,Manholes,14479.46,Drainage!O1697,14479.46,Drainage!A1697,Drainage,"300mm,manhole,invert,depth"
DRA1477,DRA1395,Insitu RC manholes integral with slab; size 2215 x 1200; 300mm thk base and walls; 2 nr 600 x 600 dble seal C&Fs; depth to invert:; depth to invert: 2.75 - 3 m,m,Drainage,Manholes,15509.47,Drainage!O1698,15509.47,Drainage!A1698,Drainage,"300mm,manhole,invert,depth"
DRA1478,DRA1396,Insitu RC manholes integral with slab; size 2215 x 1200; 300mm thk base and walls; 2 nr 600 x 600 dble seal C&Fs; depth to invert:; depth to invert: 3 - 3.25 m,m,Drainage,Manholes,16539.48,Drainage!O1699,16539.48,Drainage!A1699,Drainage,"300mm,manhole,invert,depth"
DRA1479,DRA1397,Insitu RC manholes integral with slab; size 2215 x 1200; 300mm thk base and walls; 2 nr 600 x 600 dble seal C&Fs; depth to invert:; depth to invert: 3.25 - 3.5 m,m,Drainage,Manholes,17569.48,Drainage!O1700,17569.48,Drainage!A1700,Drainage,"300mm,manhole,invert,depth"
DRA1480,DRA1398,Insitu RC manholes integral with slab; size 2215 x 1200; 300mm thk base and walls; 2 nr 600 x 600 dble seal C&Fs; depth to invert:; depth to invert: 3.5 - 3.75 m,m,Drainage,Manholes,18599.49,Drainage!O1701,18599.49,Drainage!A1701,Drainage,"300mm,manhole,invert,depth"
DRA1481,DRA1399,Insitu RC manholes integral with slab; size 2215 x 1200; 300mm thk base and walls; 2 nr 600 x 600 dble seal C&Fs; depth to invert:; depth to invert: 3.75 - 4 m,m,Drainage,Manholes,19474.55,Drainage!O1702,19474.55,Drainage!A1702,Drainage,"300mm,manhole,invert,depth"
DRA1482,DRA1400,Insitu RC manholes integral with slab; size 2215 x 1200; 300mm thk base and walls; 2 nr 600 x 600 dble seal C&Fs; depth to invert:; depth to invert: 4 - 4.25 m,m,Drainage,Manholes,22963.86,Drainage!O1703,22963.86,Drainage!A1703,Drainage,"300mm,manhole,invert,depth"
DRA1483,DRA1401,Insitu RC manholes integral with slab; size 2215 x 1200; 300mm thk base and walls; 2 nr 600 x 600 dble seal C&Fs; depth to invert:; depth to invert: 4.25 - 4.5 m,m,Drainage,Manholes,24129.42,Drainage!O1704,24129.42,Drainage!A1704,Drainage,"300mm,manhole,invert,depth"
DRA1484,DRA1402,Insitu RC manholes integral with slab; size 2215 x 1200; 300mm thk base and walls; 2 nr 600 x 600 dble seal C&Fs; depth to invert:; depth to invert: 4.5 - 4.75 m,m,Drainage,Manholes,25294.98,Drainage!O1705,25294.98,Drainage!A1705,Drainage,"300mm,manhole,invert,depth"
DRA1485,DRA1403,Insitu RC manholes integral with slab; size 2215 x 1200; 300mm thk base and walls; 2 nr 600 x 600 dble seal C&Fs; depth to invert:; depth to invert: 4.75 - 5 m,m,Drainage,Manholes,26460.54,Drainage!O1706,26460.54,Drainage!A1706,Drainage,"300mm,manhole,invert,depth"
DRA1486,DRA1402,"Manholes, chambers, etc - Component measure; Excavate pits; ne 1m dp",m,Drainage,Manholes,20.8,Drainage!O1709,20.8,Drainage!A1709,Drainage,"excavate,manhole"
DRA1487,DRA1403,"Manholes, chambers, etc - Component measure; Excavate pits; ne 2m dp",m,Drainage,Manholes,23.4,Drainage!O1710,23.4,Drainage!A1710,Drainage,"excavate,manhole"
DRA1488,DRA1404,"Manholes, chambers, etc - Component measure; Excavate pits; ne 4m dp",m,Drainage,Manholes,26.75,Drainage!O1711,26.75,Drainage!A1711,Drainage,"excavate,manhole"
DRA1489,DRA1405,"Manholes, chambers, etc - Component measure; Excavate pits; ne 6m dp",m,Drainage,Manholes,42.55,Drainage!O1712,42.55,Drainage!A1712,Drainage,"excavate,manhole"
DRA1490,DRA1406,"Manholes, chambers, etc - Component measure; Excavate pits; ne 8m dp",m,Drainage,Manholes,74.89,Drainage!O1713,74.89,Drainage!A1713,Drainage,"excavate,manhole"
DRA1491,DRA1407,"Manholes, chambers, etc - Component measure; EO exc for break out concrete",m,Drainage,Manholes,50.89,Drainage!O1714,50.89,Drainage!A1714,Drainage,manhole
DRA1492,DRA1408,"Manholes, chambers, etc - Component measure; EO exc for break out tarmac; 150mm thk",m,Drainage,Manholes,5.52,Drainage!O1715,5.52,Drainage!A1715,Drainage,"150mm,manhole"
DRA1493,DRA1409,"Manholes, chambers, etc - Component measure; Dispose of arisings off site",m,Drainage,Manholes,44.25,Drainage!O1716,44.25,Drainage!A1716,Drainage,"dispose,manhole"
DRA1494,DRA1410,"Manholes, chambers, etc - Component measure; EWS; ne 1m dp",m,Drainage,Manholes,1.02,Drainage!O1717,1.02,Drainage!A1717,Drainage,manhole
DRA1495,DRA1411,"Manholes, chambers, etc - Component measure; EWS; ne 2m dp",m,Drainage,Manholes,10.16,Drainage!O1718,10.16,Drainage!A1718,Drainage,manhole
DRA1496,DRA1412,"Manholes, chambers, etc - Component measure; EWS; ne 4m dp",m,Drainage,Manholes,18.62,Drainage!O1719,18.62,Drainage!A1719,Drainage,manhole
DRA1497,DRA1413,"Manholes, chambers, etc - Component measure; EWS; ne 6m dp",m,Drainage,Manholes,50.08,Drainage!O1720,50.08,Drainage!A1720,Drainage,manhole
DRA1498,DRA1414,"Manholes, chambers, etc - Component measure; EWS; ne 8m dp",m,Drainage,Manholes,139.63,Drainage!O1721,139.63,Drainage!A1721,Drainage,manhole
DRA1499,DRA1415,"Manholes, chambers, etc - Component measure; Working space; backfill with SEM",m,Drainage,Manholes,19.29,Drainage!O1722,19.29,Drainage!A1722,Drainage,"backfill,sem,manhole"
DRA1500,DRA1416,"Manholes, chambers, etc - Component measure; Working space; backfill with type 1",m,Drainage,Manholes,48.15,Drainage!O1723,48.15,Drainage!A1723,Drainage,"backfill,manhole"
DRA1501,DRA1417,"Manholes, chambers, etc - Component measure; L&C bottom of excavation",m,Drainage,Manholes,1.56,Drainage!O1724,1.56,Drainage!A1724,Drainage,manhole
DRA1502,DRA1418,"Manholes, chambers, etc - Component measure; GEN1 blinding; 50mm thk",m,Drainage,Manholes,9.41,Drainage!O1725,9.41,Drainage!A1725,Drainage,"50mm,manhole"
DRA1503,DRA1419,"Manholes, chambers, etc - Component measure; GEN1 blinding; 50mm thk",m,Drainage,Manholes,188.16,Drainage!O1726,188.16,Drainage!A1726,Drainage,"50mm,manhole"
DRA1504,DRA1420,"Manholes, chambers, etc - Component measure; Pln concrete bed; 150-450mm thk",m,Drainage,Manholes,206.35,Drainage!O1727,206.35,Drainage!A1727,Drainage,"450mm,manhole"
DRA1505,DRA1421,"Manholes, chambers, etc - Component measure; Watertight conc in in-situ base slab; C40 Pudlo",m,Drainage,Manholes,240.07,Drainage!O1728,240.07,Drainage!A1728,Drainage,manhole
DRA1506,DRA1422,"Manholes, chambers, etc - Component measure; Formwork; edge of bed; ne 250mm; curved",m,Drainage,Manholes,15.6,Drainage!O1729,15.6,Drainage!A1729,Drainage,"250mm,manhole"
DRA1507,DRA1423,"Manholes, chambers, etc - Component measure; Formwork; edge of bed; 250-500mm",m,Drainage,Manholes,18.57,Drainage!O1730,18.57,Drainage!A1730,Drainage,"500mm,manhole"
DRA1508,DRA1424,"Manholes, chambers, etc - Component measure; Reinforcement; in base slab; allow 150kg/m3",m,Drainage,Manholes,1769.62,Drainage!O1731,1769.62,Drainage!A1731,Drainage,manhole
DRA1509,DRA1425,"Manholes, chambers, etc - Component measure; Surface finishes; tamp finish",m,Drainage,Manholes,1.46,Drainage!O1732,1.46,Drainage!A1732,Drainage,manhole
DRA1510,DRA1426,"Manholes, chambers, etc - Component measure; Benching; 1050 dia",m,Drainage,Manholes,124.8,Drainage!O1733,124.8,Drainage!A1733,Drainage,manhole
DRA1511,DRA1427,"Manholes, chambers, etc - Component measure; Benching; 1200 dia",m,Drainage,Manholes,184.03,Drainage!O1734,184.03,Drainage!A1734,Drainage,manhole
DRA1512,DRA1428,"Manholes, chambers, etc - Component measure; Benching; 1500 dia",m,Drainage,Manholes,311.99,Drainage!O1735,311.99,Drainage!A1735,Drainage,manhole
DRA1513,DRA1429,"Manholes, chambers, etc - Component measure; Benching; 1800 dia",m,Drainage,Manholes,488.76,Drainage!O1736,488.76,Drainage!A1736,Drainage,manhole
DRA1514,DRA1430,"Manholes, chambers, etc - Component measure; Benching; 2100 dia",m,Drainage,Manholes,684.14,Drainage!O1737,684.14,Drainage!A1737,Drainage,manhole
DRA1515,DRA1431,"Manholes, chambers, etc - Component measure; Manhole rings; 900 dia",m,Drainage,Manholes,198.03,Drainage!O1738,198.03,Drainage!A1738,Drainage,manhole
DRA1516,DRA1432,"Manholes, chambers, etc - Component measure; Manhole rings; 1050 dia",m,Drainage,Manholes,205.85,Drainage!O1739,205.85,Drainage!A1739,Drainage,manhole
DRA1517,DRA1433,"Manholes, chambers, etc - Component measure; Manhole rings; 1200 dia",m,Drainage,Manholes,236.86,Drainage!O1740,236.86,Drainage!A1740,Drainage,manhole
DRA1518,DRA1434,"Manholes, chambers, etc - Component measure; Manhole rings; 1500 dia",m,Drainage,Manholes,344.86,Drainage!O1741,344.86,Drainage!A1741,Drainage,manhole
DRA1519,DRA1435,"Manholes, chambers, etc - Component measure; Manhole rings; 1800 dia",m,Drainage,Manholes,431.73,Drainage!O1742,431.73,Drainage!A1742,Drainage,manhole
DRA1520,DRA1436,"Manholes, chambers, etc - Component measure; Manhole rings; 2100 dia",m,Drainage,Manholes,701.54,Drainage!O1743,701.54,Drainage!A1743,Drainage,manhole
DRA1521,DRA1437,"Manholes, chambers, etc - Component measure; Manhole rings; 2400 dia",m,Drainage,Manholes,875.63,Drainage!O1744,875.63,Drainage!A1744,Drainage,manhole
DRA1522,DRA1438,"Manholes, chambers, etc - Component measure; Manhole rings; 2700 dia",m,Drainage,Manholes,1051.99,Drainage!O1745,1051.99,Drainage!A1745,Drainage,manhole
DRA1523,DRA1439,"Manholes, chambers, etc - Component measure; Manhole rings; 3000 dia",m,Drainage,Manholes,1433.56,Drainage!O1746,1433.56,Drainage!A1746,Drainage,manhole
DRA1524,DRA1440,"Manholes, chambers, etc - Component measure; Caisson rings; 3600 dia",m,Drainage,Manholes,2783.21,Drainage!O1747,2783.21,Drainage!A1747,Drainage,manhole
DRA1525,DRA1441,"Manholes, chambers, etc - Component measure; Caisson rings; 4000 dia",m,Drainage,Manholes,5775.6,Drainage!O1748,5775.6,Drainage!A1748,Drainage,manhole
DRA1526,DRA1442,"Manholes, chambers, etc - Component measure; Cover slabs; 900 dia",m,Drainage,Manholes,138.73,Drainage!O1749,138.73,Drainage!A1749,Drainage,manhole
DRA1527,DRA1443,"Manholes, chambers, etc - Component measure; Cover slabs; 1050 dia",m,Drainage,Manholes,141.13,Drainage!O1750,141.13,Drainage!A1750,Drainage,manhole
DRA1528,DRA1444,"Manholes, chambers, etc - Component measure; Cover slabs; 1200 dia",m,Drainage,Manholes,170.74,Drainage!O1751,170.74,Drainage!A1751,Drainage,manhole
DRA1529,DRA1445,"Manholes, chambers, etc - Component measure; Cover slabs; 1500 dia",m,Drainage,Manholes,258.6,Drainage!O1752,258.6,Drainage!A1752,Drainage,manhole
DRA1530,DRA1446,"Manholes, chambers, etc - Component measure; Cover slabs; 1800 dia",m,Drainage,Manholes,374.32,Drainage!O1753,374.32,Drainage!A1753,Drainage,manhole
DRA1531,DRA1447,"Manholes, chambers, etc - Component measure; Cover slabs; 2100 dia",m,Drainage,Manholes,691.51,Drainage!O1754,691.51,Drainage!A1754,Drainage,manhole
DRA1532,DRA1448,"Manholes, chambers, etc - Component measure; Cover slabs; 2400 dia",m,Drainage,Manholes,958.68,Drainage!O1755,958.68,Drainage!A1755,Drainage,manhole
DRA1533,DRA1449,"Manholes, chambers, etc - Component measure; Cover slabs; 2700 dia",m,Drainage,Manholes,1512.75,Drainage!O1756,1512.75,Drainage!A1756,Drainage,manhole
DRA1534,DRA1450,"Manholes, chambers, etc - Component measure; Cover slabs; 3000 dia",m,Drainage,Manholes,1812.04,Drainage!O1757,1812.04,Drainage!A1757,Drainage,manhole
DRA1535,DRA1451,"Manholes, chambers, etc - Component measure; Cover slabs; 3600 dia",m,Drainage,Manholes,3796.95,Drainage!O1758,3796.95,Drainage!A1758,Drainage,manhole
DRA1536,DRA1452,"Manholes, chambers, etc - Component measure; Cover slabs; 4000 dia",m,Drainage,Manholes,4245.34,Drainage!O1759,4245.34,Drainage!A1759,Drainage,manhole
DRA1537,DRA1453,"Manholes, chambers, etc - Component measure; Main channel; 100 dia",m,Drainage,Manholes,34.31,Drainage!O1760,34.31,Drainage!A1760,Drainage,manhole
DRA1538,DRA1454,"Manholes, chambers, etc - Component measure; Main channel; 150 dia",m,Drainage,Manholes,52.46,Drainage!O1761,52.46,Drainage!A1761,Drainage,manhole
DRA1539,DRA1455,"Manholes, chambers, etc - Component measure; Main channel; 225 dia",m,Drainage,Manholes,89.9,Drainage!O1762,89.9,Drainage!A1762,Drainage,manhole
DRA1540,DRA1456,"Manholes, chambers, etc - Component measure; Main channel; 300 dia",m,Drainage,Manholes,154.39,Drainage!O1763,154.39,Drainage!A1763,Drainage,manhole
DRA1541,DRA1457,"Manholes, chambers, etc - Component measure; Main channel; 450 dia",m,Drainage,Manholes,257.95,Drainage!O1764,257.95,Drainage!A1764,Drainage,manhole
DRA1542,DRA1458,"Manholes, chambers, etc - Component measure; Branch bends; 100 dia",m,Drainage,Manholes,38.74,Drainage!O1765,38.74,Drainage!A1765,Drainage,manhole
DRA1543,DRA1459,"Manholes, chambers, etc - Component measure; Branch bends; 150 dia",m,Drainage,Manholes,59.49,Drainage!O1766,59.49,Drainage!A1766,Drainage,manhole
DRA1544,DRA1460,"Manholes, chambers, etc - Component measure; Branch bends; 225 dia",m,Drainage,Manholes,111.61,Drainage!O1767,111.61,Drainage!A1767,Drainage,manhole
DRA1545,DRA1461,"Manholes, chambers, etc - Component measure; Brickwork; engineering bricks; 1B thk in c.m.",m,Drainage,Manholes,128.27,Drainage!O1768,128.27,Drainage!A1768,Drainage,manhole
DRA1546,DRA1462,"Manholes, chambers, etc - Component measure; Watertight conc in in-situ walls; C40 Pudlo",m,Drainage,Manholes,262.58,Drainage!O1769,262.58,Drainage!A1769,Drainage,manhole
DRA1547,DRA1463,"Manholes, chambers, etc - Component measure; Formwork to MH walls",m,Drainage,Manholes,54.82,Drainage!O1770,54.82,Drainage!A1770,Drainage,manhole
DRA1548,DRA1464,"Manholes, chambers, etc - Component measure; Reinforcement; in walls; allow 200kg/m3",m,Drainage,Manholes,1769.62,Drainage!O1771,1769.62,Drainage!A1771,Drainage,manhole
DRA1549,DRA1465,"Manholes, chambers, etc - Component measure; Watertight concrete in cover slab; C40 Pudlo",m,Drainage,Manholes,241.68,Drainage!O1772,241.68,Drainage!A1772,Drainage,manhole
DRA1550,DRA1466,"Manholes, chambers, etc - Component measure; Formwork to soffit of cover slab",m,Drainage,Manholes,74.21,Drainage!O1773,74.21,Drainage!A1773,Drainage,manhole
DRA1551,DRA1467,"Manholes, chambers, etc - Component measure; Form opening in slab; slab 250-500; opening 2-3m gth",m,Drainage,Manholes,52.24,Drainage!O1774,52.24,Drainage!A1774,Drainage,manhole
DRA1552,DRA1468,"Manholes, chambers, etc - Component measure; Form rebate to suit C&F; 2-3m girth",m,Drainage,Manholes,8.0,Drainage!O1775,8.0,Drainage!A1775,Drainage,manhole
DRA1553,DRA1469,"Manholes, chambers, etc - Component measure; Build in ends of pipe; 100 dia",m,Drainage,Manholes,28.84,Drainage!O1776,28.84,Drainage!A1776,Drainage,"pipe,manhole"
DRA1554,DRA1470,"Manholes, chambers, etc - Component measure; Build in ends of pipe; 150 dia",m,Drainage,Manholes,43.27,Drainage!O1777,43.27,Drainage!A1777,Drainage,"pipe,manhole"
DRA1555,DRA1471,"Manholes, chambers, etc - Component measure; Build in ends of pipe; 225 dia",m,Drainage,Manholes,57.69,Drainage!O1778,57.69,Drainage!A1778,Drainage,"pipe,manhole"
DRA1556,DRA1472,"Manholes, chambers, etc - Component measure; Build in ends of pipe; 300 dia",m,Drainage,Manholes,86.53,Drainage!O1779,86.53,Drainage!A1779,Drainage,"pipe,manhole"
DRA1557,DRA1473,"Manholes, chambers, etc - Component measure; Build in ends of pipe; 450 dia",m,Drainage,Manholes,115.38,Drainage!O1780,115.38,Drainage!A1780,Drainage,"pipe,manhole"
DRA1558,DRA1474,"Manholes, chambers, etc - Component measure; Step irons; built into brickwork",m,Drainage,Manholes,15.0,Drainage!O1781,15.0,Drainage!A1781,Drainage,manhole
DRA1559,DRA1475,"Manholes, chambers, etc - Component measure; Step irons; built into pre-cast manhole sections",m,Drainage,Manholes,7.08,Drainage!O1782,7.08,Drainage!A1782,Drainage,manhole
DRA1560,DRA1476,"Manholes, chambers, etc - Component measure; EO for steel ladder in lieu of step irons",m,Drainage,Manholes,115.6,Drainage!O1783,115.6,Drainage!A1783,Drainage,manhole
DRA1561,DRA1477,"Manholes, chambers, etc - Component measure; Concrete surround; 150-450mm thk",m,Drainage,Manholes,216.53,Drainage!O1784,216.53,Drainage!A1784,Drainage,"450mm,manhole"
DRA1562,DRA1478,"Manholes, chambers, etc - Component measure; Formwork; to concrete surround; curved",m,Drainage,Manholes,10.86,Drainage!O1785,10.86,Drainage!A1785,Drainage,manhole
DRA1563,DRA1479,"Manholes, chambers, etc - Component measure; Fill with SEM",m,Drainage,Manholes,9.36,Drainage!O1786,9.36,Drainage!A1786,Drainage,"sem,manhole"
DRA1564,DRA1480,"Manholes, chambers, etc - Component measure; Imported granular fill; type 1",m,Drainage,Manholes,51.01,Drainage!O1787,51.01,Drainage!A1787,Drainage,manhole
DRA1565,DRA1481,"Manholes, chambers, etc - Component measure; L&C surface of fill",m,Drainage,Manholes,1.56,Drainage!O1788,1.56,Drainage!A1788,Drainage,manhole
DRA1566,DRA1482,"Manholes, chambers, etc - Component measure; Brickwork kerb; 225mm high; eng bricks; 1B thk in c.m.",m,Drainage,Manholes,33.06,Drainage!O1789,33.06,Drainage!A1789,Drainage,"225mm,manhole"
DRA1567,DRA1483,A15 cover & frame; 600 x 600/450; inc 3 courses of brickwork,item,Drainage,General Drainage,187.61,Drainage!O1792,187.61,Drainage!A1792,Drainage,
DRA1568,DRA1484,B125 cover & frame; 600 x 600/450; inc 3 courses of brickwork,item,Drainage,General Drainage,195.87,Drainage!O1793,195.87,Drainage!A1793,Drainage,
DRA1569,DRA1485,D400 cover & frame; 600 x 600/450; inc 3 courses of brickwork,item,Drainage,General Drainage,231.27,Drainage!O1794,231.27,Drainage!A1794,Drainage,
DRA1570,DRA1486,F900 cover & frame; 600 x 600; inc 3 courses of brickwork,item,Drainage,General Drainage,479.07,Drainage!O1795,479.07,Drainage!A1795,Drainage,
DRA1571,DRA1487,A15 cover & frame; 300 x 300/300dia/350dia,item,Drainage,General Drainage,58.61,Drainage!O1796,58.61,Drainage!A1796,Drainage,
DRA1572,DRA1488,A15 cover & frame; 300 x 300/300dia/350dia; double seal,item,Drainage,General Drainage,76.31,Drainage!O1797,76.31,Drainage!A1797,Drainage,
DRA1573,DRA1489,A15 cover & frame; 450 x 450/450dia/480dia,item,Drainage,General Drainage,61.56,Drainage!O1798,61.56,Drainage!A1798,Drainage,
DRA1574,DRA1490,A15 cover & frame; 450 x 450/450dia/480dia; double seal,item,Drainage,General Drainage,82.8,Drainage!O1799,82.8,Drainage!A1799,Drainage,
DRA1575,DRA1491,A15 cover & frame; 600 x 600/450,item,Drainage,General Drainage,73.95,Drainage!O1800,73.95,Drainage!A1800,Drainage,
DRA1576,DRA1492,A15 cover & frame; 600 x 600/450; double seal,item,Drainage,General Drainage,91.65,Drainage!O1801,91.65,Drainage!A1801,Drainage,
DRA1577,DRA1493,A15 cover & frame; 675 x 675,item,Drainage,General Drainage,82.21,Drainage!O1802,82.21,Drainage!A1802,Drainage,
DRA1578,DRA1494,A15 cover & frame; 675 x 675; double seal,item,Drainage,General Drainage,99.91,Drainage!O1803,99.91,Drainage!A1803,Drainage,
DRA1579,DRA1495,B125 cover & frame; 300 x 300,item,Drainage,General Drainage,73.95,Drainage!O1804,73.95,Drainage!A1804,Drainage,
DRA1580,DRA1496,B125 cover & frame; 350 x 350,item,Drainage,General Drainage,61.56,Drainage!O1805,61.56,Drainage!A1805,Drainage,
DRA1581,DRA1497,B125 cover & frame; 450dia/480dia,item,Drainage,General Drainage,61.56,Drainage!O1806,61.56,Drainage!A1806,Drainage,
DRA1582,DRA1498,B125 cover & frame; 450dia/480dia; no man entry,item,Drainage,General Drainage,79.26,Drainage!O1807,79.26,Drainage!A1807,Drainage,
DRA1583,DRA1499,B125 cover & frame; 450dia/480dia; double seal; recessed,item,Drainage,General Drainage,108.76,Drainage!O1808,108.76,Drainage!A1808,Drainage,
DRA1584,DRA1500,B125 cover & frame; 450dia/480dia; double seal; recessed; non entry,item,Drainage,General Drainage,126.46,Drainage!O1809,126.46,Drainage!A1809,Drainage,
DRA1585,DRA1501,B125 cover & frame; 450 x 450,item,Drainage,General Drainage,64.51,Drainage!O1810,64.51,Drainage!A1810,Drainage,
DRA1586,DRA1502,B125 cover & frame; 450 x 450; recessed,item,Drainage,General Drainage,96.37,Drainage!O1811,96.37,Drainage!A1811,Drainage,
DRA1587,DRA1503,B125 cover & frame; 450 x 450; double seal,item,Drainage,General Drainage,82.21,Drainage!O1812,82.21,Drainage!A1812,Drainage,
DRA1588,DRA1504,B125 cover & frame; 600 x 450,item,Drainage,General Drainage,82.21,Drainage!O1813,82.21,Drainage!A1813,Drainage,
DRA1589,DRA1505,B125 cover & frame; 600 x 450; recessed,item,Drainage,General Drainage,111.71,Drainage!O1814,111.71,Drainage!A1814,Drainage,
DRA1590,DRA1506,B125 cover & frame; 600 x 450; recessed; double seal,item,Drainage,General Drainage,123.51,Drainage!O1815,123.51,Drainage!A1815,Drainage,
DRA1591,DRA1507,B125 cover & frame; 600 x 450; recessed; non man entry,item,Drainage,General Drainage,135.31,Drainage!O1816,135.31,Drainage!A1816,Drainage,
DRA1592,DRA1508,B125 cover & frame; 600 x 450; recessed; non entry; double seal,item,Drainage,General Drainage,153.01,Drainage!O1817,153.01,Drainage!A1817,Drainage,
DRA1593,DRA1509,B125 cover & frame; 600 x 600,item,Drainage,General Drainage,94.01,Drainage!O1818,94.01,Drainage!A1818,Drainage,
DRA1594,DRA1510,B125 cover & frame; 600 x 600; recessed,item,Drainage,General Drainage,117.61,Drainage!O1819,117.61,Drainage!A1819,Drainage,
DRA1595,DRA1511,B125 cover & frame; 600 x 600; double seal,item,Drainage,General Drainage,105.81,Drainage!O1820,105.81,Drainage!A1820,Drainage,
DRA1596,DRA1512,B125 cover & frame; 600 x 600; recessed; double seal,item,Drainage,General Drainage,135.31,Drainage!O1821,135.31,Drainage!A1821,Drainage,
DRA1597,DRA1513,B125 cover & frame; 900 x 600,item,Drainage,General Drainage,99.91,Drainage!O1822,99.91,Drainage!A1822,Drainage,
DRA1598,DRA1514,B125 cover & frame; 900 x 600; double seal,item,Drainage,General Drainage,117.61,Drainage!O1823,117.61,Drainage!A1823,Drainage,
DRA1599,DRA1515,B125 cover & frame; 900 x 600; recessed; double seal,item,Drainage,General Drainage,147.11,Drainage!O1824,147.11,Drainage!A1824,Drainage,
DRA1600,DRA1516,B125 cover & frame; 1000 x 675,item,Drainage,General Drainage,123.51,Drainage!O1825,123.51,Drainage!A1825,Drainage,
DRA1601,DRA1517,B125 cover & frame; 1200 x 675; double seal,item,Drainage,General Drainage,164.81,Drainage!O1826,164.81,Drainage!A1826,Drainage,
DRA1602,DRA1518,C250 cover & frame; 450 x 450/450dia/480dia,item,Drainage,General Drainage,67.46,Drainage!O1827,67.46,Drainage!A1827,Drainage,
DRA1603,DRA1519,C250 cover & frame; 525 x 525,item,Drainage,General Drainage,85.75,Drainage!O1828,85.75,Drainage!A1828,Drainage,
DRA1604,DRA1520,C250 cover & frame; 600 x 600,item,Drainage,General Drainage,99.91,Drainage!O1829,99.91,Drainage!A1829,Drainage,
DRA1605,DRA1521,C250 cover & frame; 750 x 750,item,Drainage,General Drainage,99.91,Drainage!O1830,99.91,Drainage!A1830,Drainage,
DRA1606,DRA1522,C250 cover & frame; 1200 x 675,item,Drainage,General Drainage,176.61,Drainage!O1831,176.61,Drainage!A1831,Drainage,
DRA1607,DRA1523,C250 cover & frame; 1200 x 675; recessed,item,Drainage,General Drainage,188.41,Drainage!O1832,188.41,Drainage!A1832,Drainage,
DRA1608,DRA1524,D400 cover & frame; 350 x 350,item,Drainage,General Drainage,99.91,Drainage!O1833,99.91,Drainage!A1833,Drainage,
DRA1609,DRA1525,D400 cover & frame; 600/450 x 450/600dia,item,Drainage,General Drainage,117.61,Drainage!O1834,117.61,Drainage!A1834,Drainage,
DRA1610,DRA1526,D400 cover & frame; 600/450 x 450; double seal,item,Drainage,General Drainage,160.41,Drainage!O1835,160.41,Drainage!A1835,Drainage,
DRA1611,DRA1527,D400 cover & frame; 525 x 525,item,Drainage,General Drainage,123.51,Drainage!O1836,123.51,Drainage!A1836,Drainage,
DRA1612,DRA1528,D400 recessed cover & frame; 600 x 450,item,Drainage,General Drainage,147.11,Drainage!O1837,147.11,Drainage!A1837,Drainage,
DRA1613,DRA1529,D400 recessed cover & frame; 600 x 450; double seal,item,Drainage,General Drainage,164.81,Drainage!O1838,164.81,Drainage!A1838,Drainage,
DRA1614,DRA1530,D400 cover & frame; 600mm dia,item,Drainage,General Drainage,111.71,Drainage!O1839,111.71,Drainage!A1839,Drainage,600mm
DRA1615,DRA1531,D400 cover & frame; 600 x 600,item,Drainage,General Drainage,123.51,Drainage!O1840,123.51,Drainage!A1840,Drainage,
DRA1616,DRA1532,D400 recessed cover & frame; 600 x 600,item,Drainage,General Drainage,153.01,Drainage!O1841,153.01,Drainage!A1841,Drainage,
DRA1617,DRA1533,D400 cover & frame; 600 x 600; double seal,item,Drainage,General Drainage,135.31,Drainage!O1842,135.31,Drainage!A1842,Drainage,
DRA1618,DRA1534,D400 recessed cover & frame; 600 x 600; double seal,item,Drainage,General Drainage,164.81,Drainage!O1843,164.81,Drainage!A1843,Drainage,
DRA1619,DRA1535,D400 recessed cover & frame; 600 x 600; double seal; bolted,item,Drainage,General Drainage,176.61,Drainage!O1844,176.61,Drainage!A1844,Drainage,
DRA1620,DRA1536,D400 cover & frame; 675 x 675; double seal,item,Drainage,General Drainage,147.11,Drainage!O1845,147.11,Drainage!A1845,Drainage,
DRA1621,DRA1537,D400 recessed cover & frame; 675 x 675; double seal,item,Drainage,General Drainage,176.61,Drainage!O1846,176.61,Drainage!A1846,Drainage,
DRA1622,DRA1538,D400 recessed cover & frame; 675 x 750; double seal,item,Drainage,General Drainage,188.41,Drainage!O1847,188.41,Drainage!A1847,Drainage,
DRA1623,DRA1539,D400 recessed cover & frame; 675 x 750; double seal; bolted,item,Drainage,General Drainage,200.21,Drainage!O1848,200.21,Drainage!A1848,Drainage,
DRA1624,DRA1540,D400 cover & frame; 900 x 600,item,Drainage,General Drainage,135.31,Drainage!O1849,135.31,Drainage!A1849,Drainage,
DRA1625,DRA1541,D400 cover & frame; 900 x 600; double seal,item,Drainage,General Drainage,164.81,Drainage!O1850,164.81,Drainage!A1850,Drainage,
DRA1626,DRA1542,D400 recessed cover & frame; 900 x 600,item,Drainage,General Drainage,164.81,Drainage!O1851,164.81,Drainage!A1851,Drainage,
DRA1627,DRA1543,D400 recessed cover & frame; 900 x 750; double seal,item,Drainage,General Drainage,212.01,Drainage!O1852,212.01,Drainage!A1852,Drainage,
DRA1628,DRA1544,D400 cover & frame; 750 x 750,item,Drainage,General Drainage,194.31,Drainage!O1853,194.31,Drainage!A1853,Drainage,
DRA1629,DRA1545,D400 cover & frame; 900 x 900,item,Drainage,General Drainage,250.95,Drainage!O1854,250.95,Drainage!A1854,Drainage,
DRA1630,DRA1546,D400 cover & frame; 1200 x 675,item,Drainage,General Drainage,229.71,Drainage!O1855,229.71,Drainage!A1855,Drainage,
DRA1631,DRA1547,E600 cover & frame; 600 x 600,item,Drainage,General Drainage,300.51,Drainage!O1856,300.51,Drainage!A1856,Drainage,
DRA1632,DRA1548,F900 cover & frame; 600 x 600,item,Drainage,General Drainage,0.0,,0.0,Drainage!A1857,Drainage,
DRA1633,DRA1549,EO recessed,item,Drainage,General Drainage,29.5,Drainage!O1858,29.5,Drainage!A1858,Drainage,
DRA1634,DRA1550,EO double sealed,item,Drainage,General Drainage,17.7,Drainage!O1859,17.7,Drainage!A1859,Drainage,
DRA1635,DRA1551,EO non entry,item,Drainage,General Drainage,17.7,Drainage!O1860,17.7,Drainage!A1860,Drainage,
DRA1636,DRA1552,EO bolted,item,Drainage,General Drainage,11.8,Drainage!O1861,11.8,Drainage!A1861,Drainage,
DRA1637,DRA1553,EO for 20mm dia galv steel tube built into access to restrict access,item,Drainage,General Drainage,353.87,Drainage!O1862,353.87,Drainage!A1862,Drainage,20mm
DRA1638,DRA1554,EO manhole for CI inspection chamber with bolted sealed cover; 100 main with 2 x 100 branches,item,Drainage,Manholes,771.85,Drainage!O1865,771.85,Drainage!A1865,Drainage,manhole
DRA1639,DRA1555,EO manhole for CI inspection chamber with bolted sealed cover; 100 main with 4 x 100 branches,item,Drainage,Manholes,1209.81,Drainage!O1866,1209.81,Drainage!A1866,Drainage,manhole
DRA1640,DRA1556,EO manhole for CI inspection chamber with bolted sealed cover; 150 main with 2 x 100 branches,item,Drainage,Manholes,893.34,Drainage!O1867,893.34,Drainage!A1867,Drainage,manhole
DRA1641,DRA1557,EO manhole for CI inspection chamber with bolted sealed cover; 150 main with 4 x 100 branches,item,Drainage,Manholes,1387.39,Drainage!O1868,1387.39,Drainage!A1868,Drainage,manhole
DRA1642,DRA1558,EO manhole for CI inspection chamber with bolted sealed cover; 150 main with 2 x 150 branches,item,Drainage,Manholes,1049.27,Drainage!O1869,1049.27,Drainage!A1869,Drainage,manhole
DRA1643,DRA1559,EO manhole for CI inspection chamber with bolted sealed cover; 150 main with 4 x 150 branches,item,Drainage,Manholes,1690.39,Drainage!O1870,1690.39,Drainage!A1870,Drainage,manhole
DRA1644,DRA1560,EO manhole for CI inspection chamber with bolted sealed cover; 225 main with 2 x 100 branches,item,Drainage,Manholes,2009.28,Drainage!O1871,2009.28,Drainage!A1871,Drainage,manhole
DRA1645,DRA1561,EO manhole for CI inspection chamber with bolted sealed cover; 225 main with 4 x 100 branches,item,Drainage,Manholes,2684.93,Drainage!O1872,2684.93,Drainage!A1872,Drainage,manhole
DRA1646,DRA1562,EO manhole for CI inspection chamber with bolted sealed cover; 225 main with 2 x 150 branches,item,Drainage,Manholes,2171.13,Drainage!O1873,2171.13,Drainage!A1873,Drainage,manhole
DRA1647,DRA1563,EO manhole for CI inspection chamber with bolted sealed cover; 225 main with 4 x 150 branches,item,Drainage,Manholes,2884.15,Drainage!O1874,2884.15,Drainage!A1874,Drainage,manhole
DRA1648,DRA1564,EO manhole for CI interceptor trap with bolted sealed cover; 150mm dia,item,Drainage,Manholes,943.89,Drainage!O1875,943.89,Drainage!A1875,Drainage,"150mm,manhole"
DRA1649,DRA1565,EO manhole for CI interceptor trap with bolted sealed cover; 225mm dia,item,Drainage,Manholes,1632.68,Drainage!O1876,1632.68,Drainage!A1876,Drainage,"225mm,manhole"
DRA1650,DRA1566,CI pipe reducers; 150 x 100,item,Drainage,Pipework,132.82,Drainage!O1877,132.82,Drainage!A1877,Drainage,pipe
DRA1651,DRA1567,CI pipe reducers; 225 x 100,item,Drainage,Pipework,253.06,Drainage!O1878,253.06,Drainage!A1878,Drainage,pipe
DRA1652,DRA1568,CI pipe reducers; 225 x 150,item,Drainage,Pipework,257.79,Drainage!O1879,257.79,Drainage!A1879,Drainage,pipe
DRA1653,DRA1569,CI blanking cap; 100dia,item,Drainage,General Drainage,69.19,Drainage!O1880,69.19,Drainage!A1880,Drainage,
DRA1654,DRA1570,CI blanking cap; 150dia,item,Drainage,General Drainage,90.24,Drainage!O1881,90.24,Drainage!A1881,Drainage,
DRA1655,DRA1571,CI blanking cap; 225dia,item,Drainage,General Drainage,248.9,Drainage!O1882,248.9,Drainage!A1882,Drainage,
DRA1656,DRA1572,CI puddle flange; 100dia,item,Drainage,General Drainage,107.34,Drainage!O1883,107.34,Drainage!A1883,Drainage,
DRA1657,DRA1573,CI puddle flange; 150dia,item,Drainage,General Drainage,111.01,Drainage!O1884,111.01,Drainage!A1884,Drainage,
DRA1658,DRA1574,CI puddle flange; 225dia,item,Drainage,General Drainage,207.11,Drainage!O1885,207.11,Drainage!A1885,Drainage,
DRA1659,DRA1575,EO for orifice plate,item,Drainage,General Drainage,455.7,Drainage!O1888,455.7,Drainage!A1888,Drainage,
DRA1660,DRA1576,EO manhole for Hydro-Brake; 3l/s at 1m head; 150mm dia,item,Drainage,Manholes,4027.73,Drainage!O1889,4027.73,Drainage!A1889,Drainage,"150mm,manhole"
DRA1661,DRA1577,EO manhole for Hydro-Brake; 5l/s at 1m head; 150mm dia,item,Drainage,Manholes,4145.73,Drainage!O1890,4145.73,Drainage!A1890,Drainage,"150mm,manhole"
DRA1662,DRA1578,EO manhole for Hydro-Brake; 35l/s at 1m head; 240mm dia,item,Drainage,Manholes,4499.73,Drainage!O1891,4499.73,Drainage!A1891,Drainage,"240mm,manhole"
DRA1663,DRA1579,EO manhole for Hydro-Brake; no details; provisional rate,item,Drainage,Manholes,4581.03,Drainage!O1892,4581.03,Drainage!A1892,Drainage,manhole
DRA1664,DRA1580,EO m/h for Hydro-Brake; ref CTL-SHE-0395-1101-2300-1101; 110.1l/s; design head; 2.3m; 358mm QR3,item,Drainage,General Drainage,4439.55,Drainage!O1893,4439.55,Drainage!A1893,Drainage,358mm
DRA1665,DRA1581,EO m/h for Hydro-Brake; ref CTL-SHE-0313-6860-2770-6860; 68.6l/s; design head; 2.77m; 295mm QR4,item,Drainage,General Drainage,3290.23,Drainage!O1894,3290.23,Drainage!A1894,Drainage,295mm
DRA1666,DRA1582,EO m/h for Hydro-Brake; ref CTL-SHE-0434-1487-3400-1487; 148.7l/s; design head; 3.4m; 413mm QR4,item,Drainage,General Drainage,6145.83,Drainage!O1895,6145.83,Drainage!A1895,Drainage,413mm
DRA1667,DRA1583,EO m/h for Hydro-Brake; ref CTL-SHE-0179-2470-3700-2470; 24.7l/s; design head; 3.7m; 170mm QR5,item,Drainage,General Drainage,2083.09,Drainage!O1896,2083.09,Drainage!A1896,Drainage,170mm
DRA1668,DRA1584,EO manhole for 150mm dia flap valve; bolted to vertical conc haunching and including form sump in benching,item,Drainage,Manholes,759.66,Drainage!O1898,759.66,Drainage!A1898,Drainage,"150mm,manhole"
DRA1669,DRA1585,EO manhole for 225mm dia flap valve; bolted to vertical conc haunching and including form sump in benching,item,Drainage,Manholes,814.11,Drainage!O1899,814.11,Drainage!A1899,Drainage,"225mm,manhole"
DRA1670,DRA1586,EO manhole for 300mm dia flap valve; bolted to vertical conc haunching and including form sump in benching,item,Drainage,Manholes,1048.96,Drainage!O1900,1048.96,Drainage!A1900,Drainage,"300mm,manhole"
DRA1671,DRA1587,EO manhole for 375mm dia flap valve; bolted to vertical conc haunching and including form sump in benching,item,Drainage,Manholes,1176.4,Drainage!O1901,1176.4,Drainage!A1901,Drainage,"375mm,manhole"
DRA1672,DRA1588,EO manhole for 450mm dia flap valve; bolted to vertical conc haunching and including form sump in benching,item,Drainage,Manholes,1393.36,Drainage!O1902,1393.36,Drainage!A1902,Drainage,"450mm,manhole"
DRA1673,DRA1589,EO manhole for 675mm dia automatic penstock valve including electric actuator and remote control box with management sytem; bolted to vertical conc haunching,item,Drainage,Manholes,8440.28,Drainage!O1904,8440.28,Drainage!A1904,Drainage,"675mm,manhole"
DRA1674,DRA1590,Attenuation tank; 1200 dia Tubosider; 160m3; with Trenchcoat coating; invert 2.390m,item,Drainage,General Drainage,266766.35,Drainage!O1906,266766.35,Drainage!A1906,Drainage,"trench,invert"
DRA1675,DRA1591,"Attenuation tank; 2nr x 1400 dia Tubosider; 122m3; 2nr x 900dia access shfts; invert 2.67m, exc 40m x 4.4m x 2.77mdp; 100mm sand bed & b/fill wi type1",item,Drainage,General Drainage,106499.73,Drainage!O1907,106499.73,Drainage!A1907,Drainage,"100mm,invert"
DRA1676,DRA1592,"Attenuation tank; 2nr x 1400 dia Tubosider; 189m3; 2nr x 900dia access shfts; c/w pump 8.8l/s, int pipewk & valves, control panel, GRP kiosk, alarm, instal & commission pumps; invert 2.67m, exc 40m x 4.4m x 2.77mdp; 100mm sand bed & b/fill wi type1",item,Drainage,Pipework,173359.01,Drainage!O1908,173359.01,Drainage!A1908,Drainage,"100mm,pipe,invert"
DRA1677,DRA1593,Attenuation tank A; size as detailed below; comprising the following: ,item,Drainage,General Drainage,0.0,,0.0,Drainage!A1910,Drainage,
DRA1678,DRA1594,Attenuation Tanks; Excavate pits,m,Drainage,Excavation,15.6,Drainage!O1912,15.6,Drainage!A1912,Drainage,excavate
DRA1679,DRA1595,Attenuation Tanks; Working space,m,Drainage,General Drainage,19.29,Drainage!O1913,19.29,Drainage!A1913,Drainage,
DRA1680,DRA1596,Attenuation Tanks; EWS,m,Drainage,General Drainage,11.93,Drainage!O1914,11.93,Drainage!A1914,Drainage,
DRA1681,DRA1597,Attenuation Tanks; Dispose of arisings off site,m,Drainage,General Drainage,44.25,Drainage!O1915,44.25,Drainage!A1915,Drainage,dispose
DRA1682,DRA1598,Attenuation Tanks; L&C bottom of excavation,m,Drainage,Excavation,0.52,Drainage!O1916,0.52,Drainage!A1916,Drainage,
DRA1683,DRA1599,Attenuation Tanks; Herbicide to surface of ground,m,Drainage,General Drainage,0.19,Drainage!O1917,0.19,Drainage!A1917,Drainage,
DRA1684,DRA1600,Attenuation Tanks; Backfill above tank with SEM,m,Drainage,Backfilling,5.51,Drainage!O1918,5.51,Drainage!A1918,Drainage,"backfill,sem"
DRA1685,DRA1601,Attenuation Tanks; Backfill above tank with imported type 1,m,Drainage,Backfilling,47.15,Drainage!O1919,47.15,Drainage!A1919,Drainage,backfill
DRA1686,DRA1602,Attenuation Tanks; L&C surface of fill,m,Drainage,General Drainage,0.52,Drainage!O1920,0.52,Drainage!A1920,Drainage,
DRA1687,DRA1603,Attenuation Tanks; Sand bed; 100mm thk,m,Drainage,General Drainage,9.18,Drainage!O1921,9.18,Drainage!A1921,Drainage,100mm
DRA1688,DRA1604,Attenuation Tanks; Wavin Aquacell Eco; attentuation tank unit; 1000 x 500 x 400,m,Drainage,General Drainage,23.11,Drainage!O1922,23.11,Drainage!A1922,Drainage,
DRA1689,DRA1605,Attenuation Tanks; Wavin Aquacell Core; attentuation tank unit; 1000 x 500 x 400,m,Drainage,General Drainage,42.51,Drainage!O1923,42.51,Drainage!A1923,Drainage,
DRA1690,DRA1606,Attenuation Tanks; Wavin Aquacell Plus; attentuation tank unit; 1000 x 500 x 400,m,Drainage,General Drainage,39.2,Drainage!O1924,39.2,Drainage!A1924,Drainage,
DRA1691,DRA1607,Attenuation Tanks; Geotextile membrane wrapping; horizontal,m,Drainage,General Drainage,2.71,Drainage!O1925,2.71,Drainage!A1925,Drainage,
DRA1692,DRA1608,Attenuation Tanks; Geotextile membrane wrapping; vertical,m,Drainage,General Drainage,3.07,Drainage!O1926,3.07,Drainage!A1926,Drainage,
DRA1693,DRA1608,Attenuation Tanks; Impervious membrane wrapping; horizontal,m,Drainage,General Drainage,6.79,Drainage!O1927,6.79,Drainage!A1927,Drainage,
DRA1694,DRA1609,Attenuation Tanks; Impervious membrane wrapping; vertical,m,Drainage,General Drainage,7.38,Drainage!O1928,7.38,Drainage!A1928,Drainage,
DRA1695,DRA1610,Attenuation Tanks; Connect to drain pipes,m,Drainage,Pipework,9.44,Drainage!O1929,9.44,Drainage!A1929,Drainage,pipe
DRA1696,DRA1611,Attenuation Tanks; Vents,m,Drainage,General Drainage,64.9,Drainage!O1930,64.9,Drainage!A1930,Drainage,
DRA1697,DRA1612,Attenuation Tanks; Access,m,Drainage,General Drainage,0.0,,0.0,Drainage!A1931,Drainage,
DRA1698,DRA1613,Attenuation tank B; size as detailed below; comprising the following: ,item,Drainage,General Drainage,0.0,,0.0,Drainage!A1934,Drainage,
DRA1699,DRA1614,Attenuation Tanks; Excavate pits,m,Drainage,Excavation,15.6,Drainage!O1936,15.6,Drainage!A1936,Drainage,excavate
DRA1700,DRA1615,Attenuation Tanks; Working space,m,Drainage,General Drainage,19.29,Drainage!O1937,19.29,Drainage!A1937,Drainage,
DRA1701,DRA1616,Attenuation Tanks; EWS,m,Drainage,General Drainage,11.93,Drainage!O1938,11.93,Drainage!A1938,Drainage,
DRA1702,DRA1617,Attenuation Tanks; Dispose of arisings off site,m,Drainage,General Drainage,44.25,Drainage!O1939,44.25,Drainage!A1939,Drainage,dispose
DRA1703,DRA1618,Attenuation Tanks; L&C bottom of excavation,m,Drainage,Excavation,0.52,Drainage!O1940,0.52,Drainage!A1940,Drainage,
DRA1704,DRA1619,Attenuation Tanks; Herbicide to surface of ground,m,Drainage,General Drainage,0.19,Drainage!O1941,0.19,Drainage!A1941,Drainage,
DRA1705,DRA1620,Attenuation Tanks; Backfill above tank with SEM,m,Drainage,Backfilling,5.51,Drainage!O1942,5.51,Drainage!A1942,Drainage,"backfill,sem"
DRA1706,DRA1621,Attenuation Tanks; Backfill above tank with imported type 1,m,Drainage,Backfilling,47.15,Drainage!O1943,47.15,Drainage!A1943,Drainage,backfill
DRA1707,DRA1622,Attenuation Tanks; L&C surface of fill,m,Drainage,General Drainage,0.52,Drainage!O1944,0.52,Drainage!A1944,Drainage,
DRA1708,DRA1623,Attenuation Tanks; Sand bed; 100mm thk,m,Drainage,General Drainage,9.18,Drainage!O1945,9.18,Drainage!A1945,Drainage,100mm
DRA1709,DRA1624,Attenuation Tanks; Wavin Aquacell Eco; attentuation tank unit; 1000 x 500 x 400,m,Drainage,General Drainage,23.11,Drainage!O1946,23.11,Drainage!A1946,Drainage,
DRA1710,DRA1625,Attenuation Tanks; Wavin Aquacell Core; attentuation tank unit; 1000 x 500 x 400,m,Drainage,General Drainage,34.78,Drainage!O1947,34.78,Drainage!A1947,Drainage,
DRA1711,DRA1626,Attenuation Tanks; Wavin Aquacell Plus; attentuation tank unit; 1000 x 500 x 400,m,Drainage,General Drainage,39.2,Drainage!O1948,39.2,Drainage!A1948,Drainage,
DRA1712,DRA1627,Attenuation Tanks; Geotextile membrane wrapping; horizontal,m,Drainage,General Drainage,1.05,Drainage!O1949,1.05,Drainage!A1949,Drainage,
DRA1713,DRA1628,Attenuation Tanks; Geotextile membrane wrapping; vertical,m,Drainage,General Drainage,1.4,Drainage!O1950,1.4,Drainage!A1950,Drainage,
DRA1714,DRA1628,Attenuation Tanks; Impervious membrane wrapping; horizontal,m,Drainage,General Drainage,6.49,Drainage!O1951,6.49,Drainage!A1951,Drainage,
DRA1715,DRA1629,Attenuation Tanks; Impervious membrane wrapping; vertical,m,Drainage,General Drainage,7.08,Drainage!O1952,7.08,Drainage!A1952,Drainage,
DRA1716,DRA1630,Attenuation Tanks; Connect to drain pipes,m,Drainage,Pipework,9.44,Drainage!O1953,9.44,Drainage!A1953,Drainage,pipe
DRA1717,DRA1607,Attenuation Tanks; Gully diffuser unit,m,Drainage,Gullies,129.4,Drainage!O1954,129.4,Drainage!A1954,Drainage,
DRA1718,DRA1631,Attenuation Tanks; Vents,m,Drainage,General Drainage,64.9,Drainage!O1955,64.9,Drainage!A1955,Drainage,
DRA1719,DRA1632,Attenuation Tanks; Access,m,Drainage,General Drainage,0.0,,0.0,Drainage!A1956,Drainage,
DRA1720,DRA1633,Attenuation tank C; size as detailed below; comprising the following: ,item,Drainage,General Drainage,0.0,,0.0,Drainage!A1958,Drainage,
DRA1721,DRA1634,Attenuation Tanks; Excavate pits,m,Drainage,Excavation,15.6,Drainage!O1960,15.6,Drainage!A1960,Drainage,excavate
DRA1722,DRA1635,Attenuation Tanks; Working space,m,Drainage,General Drainage,19.29,Drainage!O1961,19.29,Drainage!A1961,Drainage,
DRA1723,DRA1636,Attenuation Tanks; EWS,m,Drainage,General Drainage,11.93,Drainage!O1962,11.93,Drainage!A1962,Drainage,
DRA1724,DRA1637,Attenuation Tanks; Dispose of arisings off site,m,Drainage,General Drainage,44.25,Drainage!O1963,44.25,Drainage!A1963,Drainage,dispose
DRA1725,DRA1638,Attenuation Tanks; L&C bottom of excavation,m,Drainage,Excavation,0.52,Drainage!O1964,0.52,Drainage!A1964,Drainage,
DRA1726,DRA1639,Attenuation Tanks; Herbicide to surface of ground,m,Drainage,General Drainage,0.19,Drainage!O1965,0.19,Drainage!A1965,Drainage,
DRA1727,DRA1640,Attenuation Tanks; Backfill above tank with SEM,m,Drainage,Backfilling,5.51,Drainage!O1966,5.51,Drainage!A1966,Drainage,"backfill,sem"
DRA1728,DRA1641,Attenuation Tanks; Backfill above tank with imported type 1,m,Drainage,Backfilling,47.15,Drainage!O1967,47.15,Drainage!A1967,Drainage,backfill
DRA1729,DRA1642,Attenuation Tanks; L&C surface of fill,m,Drainage,General Drainage,0.52,Drainage!O1968,0.52,Drainage!A1968,Drainage,
DRA1730,DRA1643,Attenuation Tanks; Sand bed; 100mm thk,m,Drainage,General Drainage,9.18,Drainage!O1969,9.18,Drainage!A1969,Drainage,100mm
DRA1731,DRA1644,Attenuation Tanks; Wavin Aquacell Eco; attentuation tank unit; 1000 x 500 x 400,m,Drainage,General Drainage,23.11,Drainage!O1970,23.11,Drainage!A1970,Drainage,
DRA1732,DRA1645,Attenuation Tanks; Wavin Aquacell Core; attentuation tank unit; 1000 x 500 x 400,m,Drainage,General Drainage,34.78,Drainage!O1971,34.78,Drainage!A1971,Drainage,
DRA1733,DRA1646,Attenuation Tanks; Wavin Aquacell Plus; attentuation tank unit; 1000 x 500 x 400,m,Drainage,General Drainage,39.2,Drainage!O1972,39.2,Drainage!A1972,Drainage,
DRA1734,DRA1647,Attenuation Tanks; Geotextile membrane wrapping; horizontal,m,Drainage,General Drainage,1.05,Drainage!O1973,1.05,Drainage!A1973,Drainage,
DRA1735,DRA1648,Attenuation Tanks; Geotextile membrane wrapping; vertical,m,Drainage,General Drainage,1.4,Drainage!O1974,1.4,Drainage!A1974,Drainage,
DRA1736,DRA1648,Attenuation Tanks; Impervious membrane wrapping; horizontal,m,Drainage,General Drainage,6.49,Drainage!O1975,6.49,Drainage!A1975,Drainage,
DRA1737,DRA1649,Attenuation Tanks; Impervious membrane wrapping; vertical,m,Drainage,General Drainage,7.08,Drainage!O1976,7.08,Drainage!A1976,Drainage,
DRA1738,DRA1650,Attenuation Tanks; Connect to drain pipes,m,Drainage,Pipework,9.44,Drainage!O1977,9.44,Drainage!A1977,Drainage,pipe
DRA1739,DRA1651,Attenuation Tanks; Vents,m,Drainage,General Drainage,64.9,Drainage!O1978,64.9,Drainage!A1978,Drainage,
DRA1740,DRA1652,Attenuation Tanks; Pump,m,Drainage,General Drainage,2360.0,Drainage!O1979,2360.0,Drainage!A1979,Drainage,
DRA1741,DRA1653,Attenuation tank D; size as detailed below; comprising the following: ,item,Drainage,General Drainage,0.0,,0.0,Drainage!A1981,Drainage,
DRA1742,DRA1654,Attenuation Tanks; Excavate pits,m,Drainage,Excavation,15.6,Drainage!O1983,15.6,Drainage!A1983,Drainage,excavate
DRA1743,DRA1655,Attenuation Tanks; Working space,m,Drainage,General Drainage,19.29,Drainage!O1984,19.29,Drainage!A1984,Drainage,
DRA1744,DRA1656,Attenuation Tanks; EWS,m,Drainage,General Drainage,11.93,Drainage!O1985,11.93,Drainage!A1985,Drainage,
DRA1745,DRA1657,Attenuation Tanks; Dispose of arisings off site,m,Drainage,General Drainage,44.25,Drainage!O1986,44.25,Drainage!A1986,Drainage,dispose
DRA1746,DRA1658,Attenuation Tanks; L&C bottom of excavation,m,Drainage,Excavation,0.52,Drainage!O1987,0.52,Drainage!A1987,Drainage,
DRA1747,DRA1659,Attenuation Tanks; Herbicide to surface of ground,m,Drainage,General Drainage,0.19,Drainage!O1988,0.19,Drainage!A1988,Drainage,
DRA1748,DRA1660,Attenuation Tanks; Backfill above tank with SEM,m,Drainage,Backfilling,5.51,Drainage!O1989,5.51,Drainage!A1989,Drainage,"backfill,sem"
DRA1749,DRA1661,Attenuation Tanks; Backfill above tank with imported type 1,m,Drainage,Backfilling,47.15,Drainage!O1990,47.15,Drainage!A1990,Drainage,backfill
DRA1750,DRA1662,Attenuation Tanks; L&C surface of fill,m,Drainage,General Drainage,0.52,Drainage!O1991,0.52,Drainage!A1991,Drainage,
DRA1751,DRA1663,Attenuation Tanks; Sand bed; 100mm thk,m,Drainage,General Drainage,9.18,Drainage!O1992,9.18,Drainage!A1992,Drainage,100mm
DRA1752,DRA1664,Attenuation Tanks; Wavin Aquacell Eco; attentuation tank unit; 1000 x 500 x 400,m,Drainage,General Drainage,23.11,Drainage!O1993,23.11,Drainage!A1993,Drainage,
DRA1753,DRA1665,Attenuation Tanks; Wavin Aquacell Core; attentuation tank unit; 1000 x 500 x 400,m,Drainage,General Drainage,34.78,Drainage!O1994,34.78,Drainage!A1994,Drainage,
DRA1754,DRA1666,Attenuation Tanks; Wavin Aquacell Plus; attentuation tank unit; 1000 x 500 x 400,m,Drainage,General Drainage,39.2,Drainage!O1995,39.2,Drainage!A1995,Drainage,
DRA1755,DRA1667,Attenuation Tanks; Geotextile membrane wrapping; horizontal,m,Drainage,General Drainage,1.05,Drainage!O1996,1.05,Drainage!A1996,Drainage,
DRA1756,DRA1668,Attenuation Tanks; Geotextile membrane wrapping; vertical,m,Drainage,General Drainage,1.4,Drainage!O1997,1.4,Drainage!A1997,Drainage,
DRA1757,DRA1668,Attenuation Tanks; Impervious membrane wrapping; horizontal,m,Drainage,General Drainage,6.49,Drainage!O1998,6.49,Drainage!A1998,Drainage,
DRA1758,DRA1669,Attenuation Tanks; Impervious membrane wrapping; vertical,m,Drainage,General Drainage,7.08,Drainage!O1999,7.08,Drainage!A1999,Drainage,
DRA1759,DRA1670,Attenuation Tanks; Connect to drain pipes,m,Drainage,Pipework,9.44,Drainage!O2000,9.44,Drainage!A2000,Drainage,pipe
DRA1760,DRA1671,Attenuation Tanks; Vents,m,Drainage,General Drainage,64.9,Drainage!O2001,64.9,Drainage!A2001,Drainage,
DRA1761,DRA1672,Attenuation tank E; size as detailed below; comprising the following: ,item,Drainage,General Drainage,0.0,,0.0,Drainage!A2003,Drainage,
DRA1762,DRA1673,Attenuation Tanks; Excavate pits,m,Drainage,Excavation,15.6,Drainage!O2005,15.6,Drainage!A2005,Drainage,excavate
DRA1763,DRA1674,Attenuation Tanks; Working space,m,Drainage,General Drainage,19.29,Drainage!O2006,19.29,Drainage!A2006,Drainage,
DRA1764,DRA1675,Attenuation Tanks; EWS,m,Drainage,General Drainage,11.93,Drainage!O2007,11.93,Drainage!A2007,Drainage,
DRA1765,DRA1676,Attenuation Tanks; Dispose of arisings off site,m,Drainage,General Drainage,44.25,Drainage!O2008,44.25,Drainage!A2008,Drainage,dispose
DRA1766,DRA1677,Attenuation Tanks; L&C bottom of excavation,m,Drainage,Excavation,0.52,Drainage!O2009,0.52,Drainage!A2009,Drainage,
DRA1767,DRA1678,Attenuation Tanks; Herbicide to surface of ground,m,Drainage,General Drainage,0.19,Drainage!O2010,0.19,Drainage!A2010,Drainage,
DRA1768,DRA1679,Attenuation Tanks; Backfill above tank with SEM,m,Drainage,Backfilling,5.51,Drainage!O2011,5.51,Drainage!A2011,Drainage,"backfill,sem"
DRA1769,DRA1680,Attenuation Tanks; Backfill above tank with imported type 1,m,Drainage,Backfilling,47.15,Drainage!O2012,47.15,Drainage!A2012,Drainage,backfill
DRA1770,DRA1681,Attenuation Tanks; L&C surface of fill,m,Drainage,General Drainage,0.52,Drainage!O2013,0.52,Drainage!A2013,Drainage,
DRA1771,DRA1682,Attenuation Tanks; Sand bed; 100mm thk,m,Drainage,General Drainage,9.18,Drainage!O2014,9.18,Drainage!A2014,Drainage,100mm
DRA1772,DRA1683,Attenuation Tanks; Wavin Aquacell Eco; attentuation tank unit; 1000 x 500 x 400,m,Drainage,General Drainage,23.11,Drainage!O2015,23.11,Drainage!A2015,Drainage,
DRA1773,DRA1684,Attenuation Tanks; Wavin Aquacell Core; attentuation tank unit; 1000 x 500 x 400,m,Drainage,General Drainage,34.78,Drainage!O2016,34.78,Drainage!A2016,Drainage,
DRA1774,DRA1685,Attenuation Tanks; Wavin Aquacell Plus; attentuation tank unit; 1000 x 500 x 400,m,Drainage,General Drainage,39.2,Drainage!O2017,39.2,Drainage!A2017,Drainage,
DRA1775,DRA1686,Attenuation Tanks; Geotextile membrane wrapping; horizontal,m,Drainage,General Drainage,1.05,Drainage!O2018,1.05,Drainage!A2018,Drainage,
DRA1776,DRA1687,Attenuation Tanks; Geotextile membrane wrapping; vertical,m,Drainage,General Drainage,1.4,Drainage!O2019,1.4,Drainage!A2019,Drainage,
DRA1777,DRA1687,Attenuation Tanks; Impervious membrane wrapping; horizontal,m,Drainage,General Drainage,6.49,Drainage!O2020,6.49,Drainage!A2020,Drainage,
DRA1778,DRA1688,Attenuation Tanks; Impervious membrane wrapping; vertical,m,Drainage,General Drainage,7.08,Drainage!O2021,7.08,Drainage!A2021,Drainage,
DRA1779,DRA1689,Attenuation Tanks; Connect to drain pipes,m,Drainage,Pipework,9.44,Drainage!O2022,9.44,Drainage!A2022,Drainage,pipe
DRA1780,DRA1690,Attenuation Tanks; Vents,m,Drainage,General Drainage,64.9,Drainage!O2023,64.9,Drainage!A2023,Drainage,
DRA1781,DRA1691,Attenuation tank F; size as detailed below; comprising the following: ,item,Drainage,General Drainage,0.0,,0.0,Drainage!A2025,Drainage,
DRA1782,DRA1692,Attenuation Tanks; Excavate pits,m,Drainage,Excavation,15.6,Drainage!O2027,15.6,Drainage!A2027,Drainage,excavate
DRA1783,DRA1693,Attenuation Tanks; Working space,m,Drainage,General Drainage,14.41,Drainage!O2028,14.41,Drainage!A2028,Drainage,
DRA1784,DRA1694,Attenuation Tanks; EWS,m,Drainage,General Drainage,11.93,Drainage!O2029,11.93,Drainage!A2029,Drainage,
DRA1785,DRA1695,Attenuation Tanks; Dispose of arisings off site,m,Drainage,General Drainage,44.25,Drainage!O2030,44.25,Drainage!A2030,Drainage,dispose
DRA1786,DRA1696,Attenuation Tanks; L&C bottom of excavation,m,Drainage,Excavation,0.52,Drainage!O2031,0.52,Drainage!A2031,Drainage,
DRA1787,DRA1697,Attenuation Tanks; Herbicide to surface of ground,m,Drainage,General Drainage,0.19,Drainage!O2032,0.19,Drainage!A2032,Drainage,
DRA1788,DRA1698,Attenuation Tanks; Backfill above tank with SEM,m,Drainage,Backfilling,5.51,Drainage!O2033,5.51,Drainage!A2033,Drainage,"backfill,sem"
DRA1789,DRA1699,Attenuation Tanks; Backfill above tank with imported type 1,m,Drainage,Backfilling,47.15,Drainage!O2034,47.15,Drainage!A2034,Drainage,backfill
DRA1790,DRA1700,Attenuation Tanks; L&C surface of fill,m,Drainage,General Drainage,0.52,Drainage!O2035,0.52,Drainage!A2035,Drainage,
DRA1791,DRA1701,Attenuation Tanks; Sand bed; 100mm thk,m,Drainage,General Drainage,9.18,Drainage!O2036,9.18,Drainage!A2036,Drainage,100mm
DRA1792,DRA1702,Attenuation Tanks; Wavin Aquacell Eco; attentuation tank unit; 1000 x 500 x 400,m,Drainage,General Drainage,23.11,Drainage!O2037,23.11,Drainage!A2037,Drainage,
DRA1793,DRA1703,Attenuation Tanks; Wavin Aquacell Core; attentuation tank unit; 1000 x 500 x 400,m,Drainage,General Drainage,34.78,Drainage!O2038,34.78,Drainage!A2038,Drainage,
DRA1794,DRA1704,Attenuation Tanks; Wavin Aquacell Plus; attentuation tank unit; 1000 x 500 x 400,m,Drainage,General Drainage,39.2,Drainage!O2039,39.2,Drainage!A2039,Drainage,
DRA1795,DRA1705,Attenuation Tanks; Geotextile membrane wrapping; horizontal,m,Drainage,General Drainage,1.05,Drainage!O2040,1.05,Drainage!A2040,Drainage,
DRA1796,DRA1706,Attenuation Tanks; Geotextile membrane wrapping; vertical,m,Drainage,General Drainage,1.4,Drainage!O2041,1.4,Drainage!A2041,Drainage,
DRA1797,DRA1706,Attenuation Tanks; Impervious membrane wrapping; horizontal,m,Drainage,General Drainage,6.49,Drainage!O2042,6.49,Drainage!A2042,Drainage,
DRA1798,DRA1707,Attenuation Tanks; Impervious membrane wrapping; vertical,m,Drainage,General Drainage,7.08,Drainage!O2043,7.08,Drainage!A2043,Drainage,
DRA1799,DRA1708,Attenuation Tanks; Connect to drain pipes,m,Drainage,Pipework,9.44,Drainage!O2044,9.44,Drainage!A2044,Drainage,pipe
DRA1800,DRA1709,Attenuation Tanks; Vents,m,Drainage,General Drainage,64.9,Drainage!O2045,64.9,Drainage!A2045,Drainage,
DRA1801,DRA1710,Attenuation tank G; size as detailed below; comprising the following: ,item,Drainage,General Drainage,0.0,,0.0,Drainage!A2047,Drainage,
DRA1802,DRA1711,Attenuation Tanks; Excavate pits,m,Drainage,Excavation,15.6,Drainage!O2049,15.6,Drainage!A2049,Drainage,excavate
DRA1803,DRA1712,Attenuation Tanks; Working space,m,Drainage,General Drainage,19.29,Drainage!O2050,19.29,Drainage!A2050,Drainage,
DRA1804,DRA1713,Attenuation Tanks; EWS,m,Drainage,General Drainage,11.93,Drainage!O2051,11.93,Drainage!A2051,Drainage,
DRA1805,DRA1714,Attenuation Tanks; Dispose of arisings off site,m,Drainage,General Drainage,44.25,Drainage!O2052,44.25,Drainage!A2052,Drainage,dispose
DRA1806,DRA1715,Attenuation Tanks; L&C bottom of excavation,m,Drainage,Excavation,0.52,Drainage!O2053,0.52,Drainage!A2053,Drainage,
DRA1807,DRA1716,Attenuation Tanks; Herbicide to surface of ground,m,Drainage,General Drainage,0.19,Drainage!O2054,0.19,Drainage!A2054,Drainage,
DRA1808,DRA1717,Attenuation Tanks; Backfill above tank with SEM,m,Drainage,Backfilling,5.51,Drainage!O2055,5.51,Drainage!A2055,Drainage,"backfill,sem"
DRA1809,DRA1718,Attenuation Tanks; Backfill above tank with imported type 1,m,Drainage,Backfilling,47.15,Drainage!O2056,47.15,Drainage!A2056,Drainage,backfill
DRA1810,DRA1719,Attenuation Tanks; L&C surface of fill,m,Drainage,General Drainage,0.52,Drainage!O2057,0.52,Drainage!A2057,Drainage,
DRA1811,DRA1720,Attenuation Tanks; Sand bed; 100mm thk,m,Drainage,General Drainage,9.18,Drainage!O2058,9.18,Drainage!A2058,Drainage,100mm
DRA1812,DRA1721,Attenuation Tanks; Wavin Aquacell Eco; attentuation tank unit; 1000 x 500 x 400,m,Drainage,General Drainage,23.11,Drainage!O2059,23.11,Drainage!A2059,Drainage,
DRA1813,DRA1722,Attenuation Tanks; Wavin Aquacell Core; attentuation tank unit; 1000 x 500 x 400,m,Drainage,General Drainage,34.78,Drainage!O2060,34.78,Drainage!A2060,Drainage,
DRA1814,DRA1723,Attenuation Tanks; Wavin Aquacell Plus; attentuation tank unit; 1000 x 500 x 400,m,Drainage,General Drainage,39.2,Drainage!O2061,39.2,Drainage!A2061,Drainage,
DRA1815,DRA1724,Attenuation Tanks; Geotextile membrane wrapping; horizontal,m,Drainage,General Drainage,1.05,Drainage!O2062,1.05,Drainage!A2062,Drainage,
DRA1816,DRA1725,Attenuation Tanks; Geotextile membrane wrapping; vertical,m,Drainage,General Drainage,1.4,Drainage!O2063,1.4,Drainage!A2063,Drainage,
DRA1817,DRA1725,Attenuation Tanks; Impervious membrane wrapping; horizontal,m,Drainage,General Drainage,6.49,Drainage!O2064,6.49,Drainage!A2064,Drainage,
DRA1818,DRA1726,Attenuation Tanks; Impervious membrane wrapping; vertical,m,Drainage,General Drainage,7.08,Drainage!O2065,7.08,Drainage!A2065,Drainage,
DRA1819,DRA1727,Attenuation Tanks; Connect to drain pipes,m,Drainage,Pipework,9.44,Drainage!O2066,9.44,Drainage!A2066,Drainage,pipe
DRA1820,DRA1728,Attenuation Tanks; Vents,m,Drainage,General Drainage,64.9,Drainage!O2067,64.9,Drainage!A2067,Drainage,
DRA1821,DRA1729,Attenuation tank H; size as detailed below; comprising the following: ,item,Drainage,General Drainage,0.0,,0.0,Drainage!A2069,Drainage,
DRA1822,DRA1730,Attenuation Tanks; Excavate pits,m,Drainage,Excavation,15.6,Drainage!O2071,15.6,Drainage!A2071,Drainage,excavate
DRA1823,DRA1731,Attenuation Tanks; Working space,m,Drainage,General Drainage,19.29,Drainage!O2072,19.29,Drainage!A2072,Drainage,
DRA1824,DRA1732,Attenuation Tanks; EWS,m,Drainage,General Drainage,11.93,Drainage!O2073,11.93,Drainage!A2073,Drainage,
DRA1825,DRA1733,Attenuation Tanks; Dispose of arisings off site,m,Drainage,General Drainage,44.25,Drainage!O2074,44.25,Drainage!A2074,Drainage,dispose
DRA1826,DRA1734,Attenuation Tanks; L&C bottom of excavation,m,Drainage,Excavation,0.52,Drainage!O2075,0.52,Drainage!A2075,Drainage,
DRA1827,DRA1735,Attenuation Tanks; Herbicide to surface of ground,m,Drainage,General Drainage,0.19,Drainage!O2076,0.19,Drainage!A2076,Drainage,
DRA1828,DRA1736,Attenuation Tanks; Backfill above tank with SEM,m,Drainage,Backfilling,5.51,Drainage!O2077,5.51,Drainage!A2077,Drainage,"backfill,sem"
DRA1829,DRA1737,Attenuation Tanks; Backfill above tank with imported type 1,m,Drainage,Backfilling,47.15,Drainage!O2078,47.15,Drainage!A2078,Drainage,backfill
DRA1830,DRA1738,Attenuation Tanks; L&C surface of fill,m,Drainage,General Drainage,0.52,Drainage!O2079,0.52,Drainage!A2079,Drainage,
DRA1831,DRA1739,Attenuation Tanks; Sand bed; 100mm thk,m,Drainage,General Drainage,9.18,Drainage!O2080,9.18,Drainage!A2080,Drainage,100mm
DRA1832,DRA1740,Attenuation Tanks; Wavin Aquacell Eco; attentuation tank unit; 1000 x 500 x 400,m,Drainage,General Drainage,23.11,Drainage!O2081,23.11,Drainage!A2081,Drainage,
DRA1833,DRA1741,Attenuation Tanks; Wavin Aquacell Core; attentuation tank unit; 1000 x 500 x 400,m,Drainage,General Drainage,34.78,Drainage!O2082,34.78,Drainage!A2082,Drainage,
DRA1834,DRA1742,Attenuation Tanks; Wavin Aquacell Plus; attentuation tank unit; 1000 x 500 x 400,m,Drainage,General Drainage,39.2,Drainage!O2083,39.2,Drainage!A2083,Drainage,
DRA1835,DRA1743,Attenuation Tanks; Geotextile membrane wrapping; horizontal,m,Drainage,General Drainage,1.05,Drainage!O2084,1.05,Drainage!A2084,Drainage,
DRA1836,DRA1744,Attenuation Tanks; Geotextile membrane wrapping; vertical,m,Drainage,General Drainage,1.4,Drainage!O2085,1.4,Drainage!A2085,Drainage,
DRA1837,DRA1744,Attenuation Tanks; Impervious membrane wrapping; horizontal,m,Drainage,General Drainage,6.49,Drainage!O2086,6.49,Drainage!A2086,Drainage,
DRA1838,DRA1745,Attenuation Tanks; Impervious membrane wrapping; vertical,m,Drainage,General Drainage,7.08,Drainage!O2087,7.08,Drainage!A2087,Drainage,
DRA1839,DRA1746,Attenuation Tanks; Connect to drain pipes,m,Drainage,Pipework,9.44,Drainage!O2088,9.44,Drainage!A2088,Drainage,pipe
DRA1840,DRA1747,Attenuation Tanks; Vents,m,Drainage,General Drainage,64.9,Drainage!O2089,64.9,Drainage!A2089,Drainage,
DRA1841,DRA1672,Drainage collection layer; Permavoid drainage layer; 300mm thk (2 x 150 layers),m,Drainage,General Drainage,176.35,Drainage!O2093,176.35,Drainage!A2093,Drainage,"300mm,drainage"
DRA1842,DRA1673,Drainage collection layer; Permavoid drainage layer; 150mm thk,m,Drainage,General Drainage,88.17,Drainage!O2094,88.17,Drainage!A2094,Drainage,"150mm,drainage"
DRA1843,DRA1674,Drainage collection layer; Permavoid drainage layer; 85mm thk,m,Drainage,General Drainage,55.68,Drainage!O2095,55.68,Drainage!A2095,Drainage,"85mm,drainage"
DRA1844,DRA1675,Drainage collection layer; Permatex HD300 membrane,m,Drainage,General Drainage,3.23,Drainage!O2096,3.23,Drainage!A2096,Drainage,drainage
DRA1845,DRA1676,Drainage collection layer; Selflex 1.0PP membrane,m,Drainage,General Drainage,6.73,Drainage!O2097,6.73,Drainage!A2097,Drainage,drainage
DRA1846,DRA1677,Drainage collection layer; 500mm dia RW downpipe filter chamber,m,Drainage,Pipework,464.16,Drainage!O2098,464.16,Drainage!A2098,Drainage,"500mm,pipe,drainage"
DRA1847,DRA1678,Drainage collection layer; 160mm dia invert rigid spigot tank adaptor,m,Drainage,General Drainage,48.58,Drainage!O2099,48.58,Drainage!A2099,Drainage,"160mm,drainage,invert"
DRA1848,DRA1679,Drainage collection layer; Bailey podium drainage mat; geo membrane/permeable aggregate/cavity mat; 80mm o/a thk; (laid on asphalt/DPM meas sep),m,Drainage,General Drainage,61.64,Drainage!O2100,61.64,Drainage!A2100,Drainage,"80mm,drainage"
DRA1849,DRA1680,Drainage collection layer; Podium gully; Harmer 100mm dia; threaded outlet,m,Drainage,Gullies,199.48,Drainage!O2101,199.48,Drainage!A2101,Drainage,"100mm,drainage"
DRA1850,DRA1681,Drainage collection layer; Granular fill to perimeter; ave 375mm wide,m,Drainage,General Drainage,35.12,Drainage!O2102,35.12,Drainage!A2102,Drainage,"375mm,drainage"
DRA1851,DRA1682,Drainage collection layer; Air vents,m,Drainage,General Drainage,64.9,Drainage!O2103,64.9,Drainage!A2103,Drainage,drainage
DRA1852,DRA1683,Drainage collection layer; Wall penetration,m,Drainage,General Drainage,129.46,Drainage!O2104,129.46,Drainage!A2104,Drainage,drainage
DRA1853,DRA1684,Permavoid tank nr 1; size as detailed below; comprising the following: ; Permavoid drainage layer; 150mm thk,m,Drainage,General Drainage,82.66,Drainage!O2108,82.66,Drainage!A2108,Drainage,"150mm,drainage"
DRA1854,DRA1685,Permavoid tank nr 1; size as detailed below; comprising the following: ; Permatex HD300 membrane,m,Drainage,General Drainage,3.78,Drainage!O2109,3.78,Drainage!A2109,Drainage,
DRA1855,DRA1686,Permavoid tank nr 1; size as detailed below; comprising the following: ; Selflex 1.0PP membrane,m,Drainage,General Drainage,6.73,Drainage!O2110,6.73,Drainage!A2110,Drainage,
DRA1856,DRA1687,Permavoid tank nr 1; size as detailed below; comprising the following: ; Excavate,m,Drainage,Excavation,3.94,Drainage!O2111,3.94,Drainage!A2111,Drainage,excavate
DRA1857,DRA1688,Permavoid tank nr 1; size as detailed below; comprising the following: ; L&C bottom of excavation,m,Drainage,Excavation,0.52,Drainage!O2112,0.52,Drainage!A2112,Drainage,
DRA1858,DRA1689,Permavoid tank nr 1; size as detailed below; comprising the following: ; Dispose of arisings off site,m,Drainage,General Drainage,44.25,Drainage!O2113,44.25,Drainage!A2113,Drainage,dispose
DRA1859,DRA1690,Permavoid tank nr 1; size as detailed below; comprising the following: ; Type 1 bed; 300mm thk,m,Drainage,General Drainage,9.98,Drainage!O2114,9.98,Drainage!A2114,Drainage,300mm
DRA1860,DRA1691,Permavoid tank nr 1; size as detailed below; comprising the following: ; L&C surface of fill,m,Drainage,General Drainage,0.52,Drainage!O2115,0.52,Drainage!A2115,Drainage,
DRA1861,DRA1692,Permavoid tank nr 1; size as detailed below; comprising the following: ; GEN1 blinding; 50mm thk,m,Drainage,General Drainage,7.17,Drainage!O2116,7.17,Drainage!A2116,Drainage,50mm
DRA1862,DRA1693,Permavoid tank nr 1; size as detailed below; comprising the following: ; Sand bed; 100mm thk,m,Drainage,General Drainage,5.79,Drainage!O2117,5.79,Drainage!A2117,Drainage,100mm
DRA1863,DRA1694,Permavoid tank nr 2; size as detailed below; comprising the following: ; Permavoid drainage layer; 150mm thk,m,Drainage,General Drainage,82.66,Drainage!O2121,82.66,Drainage!A2121,Drainage,"150mm,drainage"
DRA1864,DRA1695,Permavoid tank nr 2; size as detailed below; comprising the following: ; Permatex HD300 membrane,m,Drainage,General Drainage,3.78,Drainage!O2122,3.78,Drainage!A2122,Drainage,
DRA1865,DRA1696,Permavoid tank nr 2; size as detailed below; comprising the following: ; Selflex 1.0PP membrane,m,Drainage,General Drainage,6.73,Drainage!O2123,6.73,Drainage!A2123,Drainage,
DRA1866,DRA1697,Permavoid tank nr 2; size as detailed below; comprising the following: ; Excavate,m,Drainage,Excavation,3.94,Drainage!O2124,3.94,Drainage!A2124,Drainage,excavate
DRA1867,DRA1698,Permavoid tank nr 2; size as detailed below; comprising the following: ; L&C bottom of excavation,m,Drainage,Excavation,0.52,Drainage!O2125,0.52,Drainage!A2125,Drainage,
DRA1868,DRA1699,Permavoid tank nr 2; size as detailed below; comprising the following: ; Dispose of arisings off site,m,Drainage,General Drainage,44.25,Drainage!O2126,44.25,Drainage!A2126,Drainage,dispose
DRA1869,DRA1700,Permavoid tank nr 2; size as detailed below; comprising the following: ; Type 1 bed; 300mm thk,m,Drainage,General Drainage,9.98,Drainage!O2127,9.98,Drainage!A2127,Drainage,300mm
DRA1870,DRA1701,Permavoid tank nr 2; size as detailed below; comprising the following: ; L&C surface of fill,m,Drainage,General Drainage,0.52,Drainage!O2128,0.52,Drainage!A2128,Drainage,
DRA1871,DRA1702,Permavoid tank nr 2; size as detailed below; comprising the following: ; GEN1 blinding; 50mm thk,m,Drainage,General Drainage,7.17,Drainage!O2129,7.17,Drainage!A2129,Drainage,50mm
DRA1872,DRA1703,Permavoid tank nr 2; size as detailed below; comprising the following: ; Sand bed; 100mm thk,m,Drainage,General Drainage,5.79,Drainage!O2130,5.79,Drainage!A2130,Drainage,100mm
DRA1873,DRA1704,RC tank under Basement slab; 7.5 x 18.0 x 2.37m dp from u/s of slab; depth to invert: 2.25 - 2.5 m,m,Drainage,General Drainage,105605.38,Drainage!O2134,105605.38,Drainage!A2134,Drainage,"sem,invert,depth"
DRA1874,DRA1705,"CNSB3s/21, 1.4m lg x 1.03 dia x 2.2m high; 1.73 base to IL; (1,667m2 drained area) ",item,Drainage,General Drainage,5761.86,Drainage!O2137,5761.86,Drainage!A2137,Drainage,
DRA1875,DRA1706,"CNSB4.5s/21, 1.79m lg x 1.03 dia x 1.88 hgh; 1.27 base to IL; (2,500m2)",item,Drainage,General Drainage,5689.52,Drainage!O2138,5689.52,Drainage!A2138,Drainage,
DRA1876,DRA1707,"CNSB6s/21, 1.98m lg x 1.03 dia x 1.88m hgh; 1.27 base to IL; (3,333m2)",item,Drainage,General Drainage,5846.55,Drainage!O2139,5846.55,Drainage!A2139,Drainage,
DRA1877,DRA1708,"CNSB8s/21, 2.17m lg x 1.03 dia x 1.88 hgh; 1.27 base to IL; (4,444m2)",item,Drainage,General Drainage,7187.42,Drainage!O2140,7187.42,Drainage!A2140,Drainage,
DRA1878,DRA1709,"CNSB10s/21, 2.49 lg x 1.03 dia x 1.88 hgh; 1.27 base to IL; (5,555m2)",item,Drainage,General Drainage,6326.17,Drainage!O2141,6326.17,Drainage!A2141,Drainage,
DRA1879,DRA1710,"CNSB100s/21, 6.01 lg x 1.88 dia x 3.3 hgh; 2.03 base to IL; (55,556m2)",item,Drainage,General Drainage,19276.35,Drainage!O2142,19276.35,Drainage!A2142,Drainage,
DRA1880,DRA1711,EO for alarms,item,Drainage,General Drainage,295.0,Drainage!O2143,295.0,Drainage!A2143,Drainage,
DRA1881,DRA1712,"CNS4s/11, 2.32 lg x 1.03 dia x 1.66 hgh; 1.3 base to IL; (222m2)",item,Drainage,General Drainage,6249.45,Drainage!O2146,6249.45,Drainage!A2146,Drainage,
DRA1882,DRA1713,"CNS6s/11, 3.41 lg x 1.03 dia x 1.66 hgh; 1.3 base to IL; (333m2)",item,Drainage,General Drainage,6800.99,Drainage!O2147,6800.99,Drainage!A2147,Drainage,
DRA1883,DRA1714,"CNS8s/11, 3.2 lg x 1.21 dia x 1.86 hgh; 1.48 base to IL; (444m2)",item,Drainage,General Drainage,7489.05,Drainage!O2148,7489.05,Drainage!A2148,Drainage,
DRA1884,DRA1715,"CNS10s/11, 3.96 lg x 1.21 dia x 1.86 hgh; 1.48 base to IL; (556m2)",item,Drainage,General Drainage,9050.72,Drainage!O2149,9050.72,Drainage!A2149,Drainage,
DRA1885,DRA1716,"CNS80s/11, 5.744m x 2.82 dia x 3.32 hgh; 2.73 base to IL; (4,445m2)",item,Drainage,General Drainage,32094.69,Drainage!O2150,32094.69,Drainage!A2150,Drainage,
DRA1886,DRA1717,"CNS100s/11, 6.75m x 2.8 dia x 3.32 hgh; 2.73 base to IL; (5,556m2)",item,Drainage,General Drainage,34005.61,Drainage!O2151,34005.61,Drainage!A2151,Drainage,
DRA1887,DRA1718,"CNS150s/11, 8.675m x 2.82 dia x 3.32 hgh; 2.73 base to IL; (8335m2)",item,Drainage,General Drainage,42101.43,Drainage!O2152,42101.43,Drainage!A2152,Drainage,
DRA1888,DRA1719,"CNS255s/11, 14.3m x 2.82 dia x 3.32 hgh; 2.73 base to IL; (xxxxx m2)",item,Drainage,General Drainage,65227.88,Drainage!O2153,65227.88,Drainage!A2153,Drainage,
DRA1889,DRA1720,EO for alarms,item,Drainage,General Drainage,361.08,Drainage!O2154,361.08,Drainage!A2154,Drainage,
DRA1890,DRA1721,EO for kiosk,item,Drainage,General Drainage,814.2,Drainage!O2155,814.2,Drainage!A2155,Drainage,
DRA1891,DRA1721,ANO/11; class 1(SW); 4.25 lg x 1.8 dia x 2.1 hgh; 1.6 base to IL,item,Drainage,General Drainage,9005.25,Drainage!O2158,9005.25,Drainage!A2158,Drainage,
DRA1892,DRA1722,ANT/12; class 2(FW); 4.25 lg x 1.8 dia x 2.1 hgh; 1.6 base to IL,item,Drainage,General Drainage,8986.37,Drainage!O2159,8986.37,Drainage!A2159,Drainage,
DRA1893,DRA1723,LNO/11 class 1(SW); 4.25 lg x 1.8 dia x 2.1 hgh; 1.6 base to IL,item,Drainage,General Drainage,9162.19,Drainage!O2160,9162.19,Drainage!A2160,Drainage,
DRA1894,DRA1724,CWS2/12; 2.7 lg x 1.0 dia; 1.29 base to IL,item,Drainage,General Drainage,6108.62,Drainage!O2163,6108.62,Drainage!A2163,Drainage,
DRA1895,DRA1725,CWS3/12; 2.85 lg x 1.2 dia; 1.48 base to IL,item,Drainage,General Drainage,6766.4,Drainage!O2164,6766.4,Drainage!A2164,Drainage,
DRA1896,DRA1726,CWS4/12; 3.74 lgl x 1.2 dia; 1.48 base to IL,item,Drainage,General Drainage,7476.19,Drainage!O2165,7476.19,Drainage!A2165,Drainage,
DRA1897,DRA1727,CWS6/12; 3.64 lg x 1.5 dia; 1.78 base to to IL,item,Drainage,General Drainage,8348.14,Drainage!O2166,8348.14,Drainage!A2166,Drainage,
DRA1898,DRA1728,CWS8/12; 3.44 lg x 1.8 dia; 2.03 base to to IL,item,Drainage,General Drainage,8917.25,Drainage!O2167,8917.25,Drainage!A2167,Drainage,
DRA1899,DRA1729,CWS10/12; 4.25 lg x 1.8 dia; 2.03 base to to IL,item,Drainage,General Drainage,9812.98,Drainage!O2168,9812.98,Drainage!A2168,Drainage,
DRA1900,DRA1730,EO for alarms,item,Drainage,General Drainage,649.0,Drainage!O2169,649.0,Drainage!A2169,Drainage,
DRA1901,DRA1731,NSBE040; 4.253.230 lg x 1.92 dia x 3.185 hgh; 225 dia pipework,item,Drainage,Pipework,10319.53,Drainage!O2172,10319.53,Drainage!A2172,Drainage,pipe
DRA1902,DRA1732,"NSBE020, 3.893 lg x 1.22 dia x 2.150 hgh; 450mm dia pipework",item,Drainage,Pipework,8401.98,Drainage!O2173,8401.98,Drainage!A2173,Drainage,"450mm,pipe"
DRA1903,DRA1733,"NSBE015, 2.947 lg x 1.22dia x 2.150 hgh; 300/375mm dia pipes",item,Drainage,Pipework,8446.77,Drainage!O2174,8446.77,Drainage!A2174,Drainage,"375mm,pipe"
DRA1904,DRA1731,"Foul water pump chamber: Edincare Magna Pro 1500-2500-G-3-2-3, 5.0l/s, 5.5m head; 90mm dia rising main x 7m lg; 3phase; Dual pump, duty/standby; XFP80C VX pump model; Vortex impellar; 2.2kW; 1500 dia x 2500 dp; 1200 x 750 B125 sealed & locked access cover, with control kiosk",item,Drainage,General Drainage,18164.83,Drainage!O2177,18164.83,Drainage!A2177,Drainage,90mm
DRA1905,DRA1732,"Foul water pump chamber: Haden COMPAC-M 1200/ATC, 3.0l/s, 7.0m pumping height, with control kiosk",item,Drainage,General Drainage,16056.57,Drainage!O2178,16056.57,Drainage!A2178,Drainage,
DRA1906,DRA1733,"Foul water pump chamber: Haden COMPAC-M 1200/ATC, 3.0l/s, 7.0m pumping height, with control kiosk",item,Drainage,General Drainage,16024.44,Drainage!O2179,16024.44,Drainage!A2179,Drainage,
DRA1907,DRA1734,"Storm water pump chamber: Pims Pumps 1250 series, 3.8l/s, 3.0m pumping height, with control kiosk",item,Drainage,General Drainage,16037.54,Drainage!O2180,16037.54,Drainage!A2180,Drainage,
DRA1908,DRA1735,"Fix only packaged pump chamber supplied by others; Storm water pump chamber: Pims Pumps 1250 series, 3.8l/s, 0.6m pumping height, with control kiosk",item,Drainage,General Drainage,6668.82,Drainage!O2181,6668.82,Drainage!A2181,Drainage,
DRA1909,DRA1736,Basement sump pump chambers with control kiosks; no details - provisional sums,item,Drainage,General Drainage,2476.23,Drainage!O2182,2476.23,Drainage!A2182,Drainage,sem
DRA1910,DRA1737,Basement Magnapro 200 (by Edincare) single sump pump chamber; 150-200litres storage; 750mm dia x 1000mm high; with control kiosks & alarms,item,Drainage,General Drainage,2775.57,Drainage!O2183,2775.57,Drainage!A2183,Drainage,"750mm,1000mm,sem"
DRA1911,DRA1738,Rising mains; ?dia x ?flow; no details provisional sum,item,Drainage,General Drainage,513.04,Drainage!O2184,513.04,Drainage!A2184,Drainage,
DRA1912,DRA1739,"Basement combined triplex water pump chamber: 55.0l/s, 3.5m pumping height, with control kiosk",item,Drainage,General Drainage,27466.32,Drainage!O2185,27466.32,Drainage!A2185,Drainage,sem
DRA1913,DRA1740,Delta dual V3 cavity drain sump pump chamber; S&F; M&E by others,item,Drainage,General Drainage,1718.88,Drainage!O2186,1718.88,Drainage!A2186,Drainage,
DRA1914,DRA1741,"Xylem duplex package pump chamber; 33,000 litre GRP storage tank, 2500dia x 7300lg, with 2500dia x 1000dp sump, 9.5l/s duty & standby pumps; 2 nr access shafts; with control kiosk inc commissioning",item,Drainage,General Drainage,66140.82,Drainage!O2187,66140.82,Drainage!A2187,Drainage,
DRA1915,DRA1742,"Submersible pump: Flygt 1250 series, 3.8l/s, 0.6m pumping height, with control kiosk; (fixed in chamber measured elsewhere)",item,Drainage,General Drainage,5015.0,Drainage!O2188,5015.0,Drainage!A2188,Drainage,
DRA1916,DRA1743,"Willow Pump Adoptable pumping equipment insatlled in 3 RC chambers (excluded) included wet well penstock valve, twin pumps, valves, control kiosk, commisioning",item,Drainage,General Drainage,51949.5,Drainage!O2189,51949.5,Drainage!A2189,Drainage,
DRA1917,DRA1744,Air Valve chamber pipework & valves inc connectors,item,Drainage,Pipework,2173.56,Drainage!O2190,2173.56,Drainage!A2190,Drainage,pipe
DRA1918,DRA1745,Washout chamber pipework & vlves inc connectors,item,Drainage,Pipework,1764.1,Drainage!O2191,1764.1,Drainage!A2191,Drainage,pipe
DRA1919,DRA1746,Reid 500kg davit arm,item,Drainage,General Drainage,1463.2,Drainage!O2192,1463.2,Drainage!A2192,Drainage,
DRA1920,DRA1747,Duct to kiosk,item,Drainage,General Drainage,579.7,Drainage!O2194,579.7,Drainage!A2194,Drainage,
DRA1921,DRA1748,Duct to power supply,item,Drainage,General Drainage,579.7,Drainage!O2195,579.7,Drainage!A2195,Drainage,
DRA1922,DRA1749,Concrete base to kiosk; 1.20m x 500mm x 300mmhigh with duct entries,item,Drainage,General Drainage,1086.95,Drainage!O2196,1086.95,Drainage!A2196,Drainage,"500mm,300mm"
DRA1923,DRA1750,Vent pipes,item,Drainage,Pipework,261.01,Drainage!O2197,261.01,Drainage!A2197,Drainage,pipe
DRA1924,DRA1751,Vent pipe and terminal,item,Drainage,Pipework,1316.26,Drainage!O2198,1316.26,Drainage!A2198,Drainage,pipe
DRA1925,DRA1752,Rising mains; 63dia x 5l/s flow; 20m horizontal in trench + 3m vertical fixed to wall,item,Drainage,General Drainage,1400.54,Drainage!O2199,1400.54,Drainage!A2199,Drainage,trench
DRA1926,DRA1753,Commissioning,item,Drainage,General Drainage,1640.2,Drainage!O2201,1640.2,Drainage!A2201,Drainage,
DRA1927,DRA1754,Wall mounted kiosk for control panel,item,Drainage,General Drainage,693.84,Drainage!O2202,693.84,Drainage!A2202,Drainage,
DRA1928,DRA1755,Monitor; inc access to online portal,item,Drainage,General Drainage,938.1,Drainage!O2203,938.1,Drainage!A2203,Drainage,
DRA1929,DRA1756,Monitor Pro; inc access to online portal,item,Drainage,General Drainage,1174.1,Drainage!O2204,1174.1,Drainage!A2204,Drainage,
DRA1930,DRA1757,Onsite guidance service,item,Drainage,General Drainage,407.1,Drainage!O2205,407.1,Drainage!A2205,Drainage,
DRA1931,DRA1758,Handover service,item,Drainage,General Drainage,407.1,Drainage!O2206,407.1,Drainage!A2206,Drainage,
DRA1932,DRA1759,Service agreement,item,Drainage,General Drainage,619.5,Drainage!O2207,619.5,Drainage!A2207,Drainage,
DRA1933,DRA1760,"RW Harvesting Tank; 8,000lts (Provisional Sum)",item,Drainage,General Drainage,10397.62,Drainage!O2210,10397.62,Drainage!A2210,Drainage,
DRA1934,DRA1761,"RW Harvesting Tank; 14,300lts (Provisional Sum)",item,Drainage,General Drainage,18507.76,Drainage!O2211,18507.76,Drainage!A2211,Drainage,
DRA1935,DRA1762,"FW Sceptic Tank; 5,000lts (Provisional Sum)",item,Drainage,General Drainage,8929.7,Drainage!O2212,8929.7,Drainage!A2212,Drainage,
DRA1936,DRA1763,"Effluent Storage Tank; 25,000lts; 2.7m dia x 5.25m lg; (P Sum)",item,Drainage,General Drainage,33272.37,Drainage!O2213,33272.37,Drainage!A2213,Drainage,
DRA1937,DRA1764,"SPEL Tankstor 400 units capacity 40,600 litres bed & surround in ground - provisional ",item,Drainage,General Drainage,54899.41,Drainage!O2214,54899.41,Drainage!A2214,Drainage,
DRA1938,DRA1766,Attenuation pond; pond liner; sub-base and sand bed; exc & C/A; area 720m2 x 2mdp,item,Drainage,General Drainage,88930.05,Drainage!O2218,88930.05,Drainage!A2218,Drainage,
DRA1939,DRA1767,"Break into existing live manhole and make new connection including adapting benching, branches and channel internally; maintain flow; depth to invert:; depth to invert: not exceeding 1 m",m,Drainage,Manholes,1475.86,Drainage!O2221,1475.86,Drainage!A2221,Drainage,"manhole,invert,depth"
DRA1940,DRA1768,"Break into existing live manhole and make new connection including adapting benching, branches and channel internally; maintain flow; depth to invert:; depth to invert: 1 - 1.25 m",m,Drainage,Manholes,1480.58,Drainage!O2222,1480.58,Drainage!A2222,Drainage,"manhole,invert,depth"
DRA1941,DRA1769,"Break into existing live manhole and make new connection including adapting benching, branches and channel internally; maintain flow; depth to invert:; depth to invert: 1.25 - 1.5 m",m,Drainage,Manholes,1485.3,Drainage!O2223,1485.3,Drainage!A2223,Drainage,"manhole,invert,depth"
DRA1942,DRA1770,"Break into existing live manhole and make new connection including adapting benching, branches and channel internally; maintain flow; depth to invert:; depth to invert: 1.5 - 1.75 m",m,Drainage,Manholes,1490.02,Drainage!O2224,1490.02,Drainage!A2224,Drainage,"manhole,invert,depth"
DRA1943,DRA1771,"Break into existing live manhole and make new connection including adapting benching, branches and channel internally; maintain flow; depth to invert:; depth to invert: 1.75 - 2 m",m,Drainage,Manholes,1494.74,Drainage!O2225,1494.74,Drainage!A2225,Drainage,"manhole,invert,depth"
DRA1944,DRA1772,"Break into existing live manhole and make new connection including adapting benching, branches and channel internally; maintain flow; depth to invert:; depth to invert: 2 - 2.25 m",m,Drainage,Manholes,1499.46,Drainage!O2226,1499.46,Drainage!A2226,Drainage,"manhole,invert,depth"
DRA1945,DRA1773,"Break into existing live manhole and make new connection including adapting benching, branches and channel internally; maintain flow; depth to invert:; depth to invert: 2.25 - 2.5 m",m,Drainage,Manholes,1504.18,Drainage!O2227,1504.18,Drainage!A2227,Drainage,"manhole,invert,depth"
DRA1946,DRA1774,"Break into existing live manhole and make new connection including adapting benching, branches and channel internally; maintain flow; depth to invert:; depth to invert: 2.5 - 2.75 m",m,Drainage,Manholes,1516.04,Drainage!O2228,1516.04,Drainage!A2228,Drainage,"manhole,invert,depth"
DRA1947,DRA1775,"Break into existing live manhole and make new connection including adapting benching, branches and channel internally; maintain flow; depth to invert:; depth to invert: 2.75 - 3 m",m,Drainage,Manholes,1520.76,Drainage!O2229,1520.76,Drainage!A2229,Drainage,"manhole,invert,depth"
DRA1948,DRA1776,"Break into existing live manhole and make new connection including adapting benching, branches and channel internally; maintain flow; depth to invert:; depth to invert: 3 - 3.25 m",m,Drainage,Manholes,1525.48,Drainage!O2230,1525.48,Drainage!A2230,Drainage,"manhole,invert,depth"
DRA1949,DRA1777,"Break into existing live manhole and make new connection including adapting benching, branches and channel internally; maintain flow; depth to invert:; depth to invert: 3.25 - 3.5 m",m,Drainage,Manholes,1530.2,Drainage!O2231,1530.2,Drainage!A2231,Drainage,"manhole,invert,depth"
DRA1950,DRA1778,"Break into existing live manhole and make new connection including adapting benching, branches and channel internally; maintain flow; depth to invert:; depth to invert: 3.5 - 3.75 m",m,Drainage,Manholes,1534.92,Drainage!O2232,1534.92,Drainage!A2232,Drainage,"manhole,invert,depth"
DRA1951,DRA1779,"Break into existing live manhole and make new connection including adapting benching, branches and channel internally; maintain flow; depth to invert:; depth to invert: 3.75 - 4 m",m,Drainage,Manholes,1539.64,Drainage!O2233,1539.64,Drainage!A2233,Drainage,"manhole,invert,depth"
DRA1952,DRA1780,"Break into existing live manhole and make new connection including adapting benching, branches and channel internally; maintain flow; depth to invert:; depth to invert: 4 - 4.25 m",m,Drainage,Manholes,1544.36,Drainage!O2234,1544.36,Drainage!A2234,Drainage,"manhole,invert,depth"
DRA1953,DRA1781,"Break into existing live manhole and make new connection including adapting benching, branches and channel internally; maintain flow; depth to invert:; depth to invert: 4.25 - 4.5 m",m,Drainage,Manholes,1549.08,Drainage!O2235,1549.08,Drainage!A2235,Drainage,"manhole,invert,depth"
DRA1954,DRA1782,"Break into existing live manhole and make new connection including adapting benching, branches and channel internally; maintain flow; depth to invert:; depth to invert: 4.5 - 4.75 m",m,Drainage,Manholes,1553.8,Drainage!O2236,1553.8,Drainage!A2236,Drainage,"manhole,invert,depth"
DRA1955,DRA1783,"Break into existing live manhole and make new connection including adapting benching, branches and channel internally; maintain flow; depth to invert:; depth to invert: 4.75 - 5 m",m,Drainage,Manholes,1558.52,Drainage!O2237,1558.52,Drainage!A2237,Drainage,"manhole,invert,depth"
DRA1956,DRA1784,EO for over pumping during connection,item,Drainage,General Drainage,2478.0,Drainage!O2238,2478.0,Drainage!A2238,Drainage,
DRA1957,DRA1785,EO manhole item for constructing the new manhole over existing live sewer; including maintaining the flow (over pumping); depth to invert:; depth to invert: not exceeding 1 m,m,Drainage,Manholes,715.39,Drainage!O2240,715.39,Drainage!A2240,Drainage,"manhole,sewer,invert,depth"
DRA1958,DRA1786,EO manhole item for constructing the new manhole over existing live sewer; including maintaining the flow (over pumping); depth to invert:; depth to invert: 1 - 1.25 m,m,Drainage,Manholes,724.24,Drainage!O2241,724.24,Drainage!A2241,Drainage,"manhole,sewer,invert,depth"
DRA1959,DRA1787,EO manhole item for constructing the new manhole over existing live sewer; including maintaining the flow (over pumping); depth to invert:; depth to invert: 1.25 - 1.5 m,m,Drainage,Manholes,733.09,Drainage!O2242,733.09,Drainage!A2242,Drainage,"manhole,sewer,invert,depth"
DRA1960,DRA1788,EO manhole item for constructing the new manhole over existing live sewer; including maintaining the flow (over pumping); depth to invert:; depth to invert: 1.5 - 1.75 m,m,Drainage,Manholes,741.94,Drainage!O2243,741.94,Drainage!A2243,Drainage,"manhole,sewer,invert,depth"
DRA1961,DRA1789,EO manhole item for constructing the new manhole over existing live sewer; including maintaining the flow (over pumping); depth to invert:; depth to invert: 1.75 - 2 m,m,Drainage,Manholes,750.79,Drainage!O2244,750.79,Drainage!A2244,Drainage,"manhole,sewer,invert,depth"
DRA1962,DRA1790,EO manhole item for constructing the new manhole over existing live sewer; including maintaining the flow (over pumping); depth to invert:; depth to invert: 2 - 2.25 m,m,Drainage,Manholes,759.64,Drainage!O2245,759.64,Drainage!A2245,Drainage,"manhole,sewer,invert,depth"
DRA1963,DRA1791,EO manhole item for constructing the new manhole over existing live sewer; including maintaining the flow (over pumping); depth to invert:; depth to invert: 2.25 - 2.5 m,m,Drainage,Manholes,768.49,Drainage!O2246,768.49,Drainage!A2246,Drainage,"manhole,sewer,invert,depth"
DRA1964,DRA1792,EO manhole item for constructing the new manhole over existing live sewer; including maintaining the flow (over pumping); depth to invert:; depth to invert: 2.5 - 2.75 m,m,Drainage,Manholes,777.34,Drainage!O2247,777.34,Drainage!A2247,Drainage,"manhole,sewer,invert,depth"
DRA1965,DRA1793,EO manhole item for constructing the new manhole over existing live sewer; including maintaining the flow (over pumping); depth to invert:; depth to invert: 2.75 - 3 m,m,Drainage,Manholes,786.19,Drainage!O2248,786.19,Drainage!A2248,Drainage,"manhole,sewer,invert,depth"
DRA1966,DRA1794,EO manhole item for constructing the new manhole over existing live sewer; including maintaining the flow (over pumping); depth to invert:; depth to invert: 3 - 3.25 m,m,Drainage,Manholes,795.04,Drainage!O2249,795.04,Drainage!A2249,Drainage,"manhole,sewer,invert,depth"
DRA1967,DRA1795,EO manhole item for constructing the new manhole over existing live sewer; including maintaining the flow (over pumping); depth to invert:; depth to invert: 3.25 - 3.5 m,m,Drainage,Manholes,803.89,Drainage!O2250,803.89,Drainage!A2250,Drainage,"manhole,sewer,invert,depth"
DRA1968,DRA1796,EO manhole item for constructing the new manhole over existing live sewer; including maintaining the flow (over pumping); depth to invert:; depth to invert: 3.5 - 3.75 m,m,Drainage,Manholes,812.74,Drainage!O2251,812.74,Drainage!A2251,Drainage,"manhole,sewer,invert,depth"
DRA1969,DRA1797,EO manhole item for constructing the new manhole over existing live sewer; including maintaining the flow (over pumping); depth to invert:; depth to invert: 3.75 - 4 m,m,Drainage,Manholes,821.59,Drainage!O2252,821.59,Drainage!A2252,Drainage,"manhole,sewer,invert,depth"
DRA1970,DRA1798,EO manhole item for constructing the new manhole over existing live sewer; including maintaining the flow (over pumping); depth to invert:; depth to invert: 4 - 4.25 m,m,Drainage,Manholes,830.44,Drainage!O2253,830.44,Drainage!A2253,Drainage,"manhole,sewer,invert,depth"
DRA1971,DRA1799,EO manhole item for constructing the new manhole over existing live sewer; including maintaining the flow (over pumping); depth to invert:; depth to invert: 4.25 - 4.5 m,m,Drainage,Manholes,839.29,Drainage!O2254,839.29,Drainage!A2254,Drainage,"manhole,sewer,invert,depth"
DRA1972,DRA1800,EO manhole item for constructing the new manhole over existing live sewer; including maintaining the flow (over pumping); depth to invert:; depth to invert: 4.5 - 4.75 m,m,Drainage,Manholes,848.14,Drainage!O2255,848.14,Drainage!A2255,Drainage,"manhole,sewer,invert,depth"
DRA1973,DRA1801,EO manhole item for constructing the new manhole over existing live sewer; including maintaining the flow (over pumping); depth to invert:; depth to invert: 4.75 - 5 m,m,Drainage,Manholes,856.99,Drainage!O2256,856.99,Drainage!A2256,Drainage,"manhole,sewer,invert,depth"
DRA1974,DRA1802,EO manhole item for constructing the new manhole over existing live sewer; including maintaining the flow (over pumping); depth to invert:; depth to invert: 5 - 5.25 m,m,Drainage,Manholes,865.84,Drainage!O2257,865.84,Drainage!A2257,Drainage,"manhole,sewer,invert,depth"
DRA1975,DRA1803,EO manhole item for constructing the new manhole over existing live sewer; including maintaining the flow (over pumping); depth to invert:; depth to invert: 5.25 - 5.5 m,m,Drainage,Manholes,874.69,Drainage!O2258,874.69,Drainage!A2258,Drainage,"manhole,sewer,invert,depth"
DRA1976,DRA1804,EO manhole item for constructing the new manhole over existing live sewer; including maintaining the flow (over pumping); depth to invert:; depth to invert: 5.5 - 5.75 m,m,Drainage,Manholes,883.54,Drainage!O2259,883.54,Drainage!A2259,Drainage,"manhole,sewer,invert,depth"
DRA1977,DRA1805,EO manhole item for constructing the new manhole over existing live sewer; including maintaining the flow (over pumping); depth to invert:; depth to invert: 5.75 - 6 m,m,Drainage,Manholes,892.39,Drainage!O2260,892.39,Drainage!A2260,Drainage,"manhole,sewer,invert,depth"
DRA1978,DRA1806,EO manhole item for constructing the new manhole over existing live sewer; including maintaining the flow (over pumping); depth to invert:; depth to invert: 6 - 6.25 m,m,Drainage,Manholes,901.24,Drainage!O2261,901.24,Drainage!A2261,Drainage,"manhole,sewer,invert,depth"
DRA1979,DRA1807,EO manhole item for constructing the new manhole over existing live sewer; including maintaining the flow (over pumping); depth to invert:; depth to invert: 6.25 - 6.5 m,m,Drainage,Manholes,910.09,Drainage!O2262,910.09,Drainage!A2262,Drainage,"manhole,sewer,invert,depth"
DRA1980,DRA1808,EO for over pumping during connection,item,Drainage,General Drainage,2478.0,Drainage!O2263,2478.0,Drainage!A2263,Drainage,
DRA1981,DRA1809,Break into existing live sewer and make new branch saddle connection; maintain flow; ; 100 junction,m,Drainage,General Drainage,122.79,Drainage!O2265,122.79,Drainage!A2265,Drainage,sewer
DRA1982,DRA1796,Break into existing live sewer and make new branch saddle connection; maintain flow; ; 150 junction,m,Drainage,General Drainage,487.96,Drainage!O2266,487.96,Drainage!A2266,Drainage,sewer
DRA1983,DRA1797,Break into existing live sewer and make new branch saddle connection; maintain flow; ; 225 junction,m,Drainage,General Drainage,263.85,Drainage!O2267,263.85,Drainage!A2267,Drainage,sewer
DRA1984,DRA1798,Break into existing live sewer and make new branch saddle connection; maintain flow; ; 300 junction,m,Drainage,General Drainage,785.06,Drainage!O2268,785.06,Drainage!A2268,Drainage,sewer
DRA1985,DRA1799,Break into existing live sewer and make new branch saddle connection; maintain flow; ; 375 junction,m,Drainage,General Drainage,873.75,Drainage!O2269,873.75,Drainage!A2269,Drainage,sewer
DRA1986,DRA1800,EO for over pumping during connection,item,Drainage,General Drainage,1888.0,Drainage!O2270,1888.0,Drainage!A2270,Drainage,
DRA1987,DRA1801,Break into existing live 1800 dia culvert and make new branch / saddle connection; form new access shaft; maintain flow; depth to invert:; depth to invert: 1.75 - 2 m,m,Drainage,General Drainage,2801.23,Drainage!O2272,2801.23,Drainage!A2272,Drainage,"invert,depth"
DRA1988,DRA1802,Take off existing cover & frame; adjust height of raising courses to suit and replace C&F; reduce height,m,Drainage,General Drainage,137.01,Drainage!O2275,137.01,Drainage!A2275,Drainage,
DRA1989,DRA1803,Take off existing cover & frame; adjust height of raising courses to suit and replace C&F; depth to invert: not exceeding 75 mm,mm,Drainage,General Drainage,142.91,Drainage!O2276,142.91,Drainage!A2276,Drainage,"invert,depth"
DRA1990,DRA1804,Take off existing cover & frame; adjust height of raising courses to suit and replace C&F; depth to invert: 75 - 150 mm,mm,Drainage,General Drainage,163.23,Drainage!O2277,163.23,Drainage!A2277,Drainage,"invert,depth"
DRA1991,DRA1805,Take off existing cover & frame; adjust height of raising courses to suit and replace C&F; depth to invert: 150 - 225 mm,mm,Drainage,General Drainage,234.03,Drainage!O2278,234.03,Drainage!A2278,Drainage,"invert,depth"
DRA1992,DRA1806,"Adjust height of existing manholes; take off C&F, brkwk, biscuit; Adjust rings to suit: replace biscuit, brkwk & C&F; depth to invert: 0.25 - 0.5 m",m,Drainage,Manholes,648.87,Drainage!O2280,648.87,Drainage!A2280,Drainage,"manhole,invert,depth"
DRA1993,DRA1807,"Adjust height of existing manholes; take off C&F, brkwk, biscuit; Adjust rings to suit: replace biscuit, brkwk & C&F; depth to invert: 2.25 - 2.5 m",m,Drainage,Manholes,2984.32,Drainage!O2281,2984.32,Drainage!A2281,Drainage,"manhole,invert,depth"
DRA1994,DRA1808,"Adjust height of existing manholes; take off C&F, brkwk, biscuit; Adjust rings to suit: replace biscuit, brkwk & C&F; depth to invert: 3.25 - 3.5 m",m,Drainage,Manholes,4139.95,Drainage!O2282,4139.95,Drainage!A2282,Drainage,"manhole,invert,depth"
DRA1995,DRA1809,"Adjust height of existing manholes; take off C&F, brkwk, biscuit; Adjust rings to suit: replace biscuit, brkwk & C&F; Reduce height",m,Drainage,Manholes,0.0,,0.0,Drainage!A2283,Drainage,manhole
DRA1996,DRA1810,"Adjust height of existing manholes; take off C&F, brkwk, biscuit; Adjust rings to suit: replace biscuit, brkwk & C&F; depth to invert: 0.25 - 0.5 m",m,Drainage,Manholes,648.87,Drainage!O2284,648.87,Drainage!A2284,Drainage,"manhole,invert,depth"
DRA1997,DRA1811,Headwall (end of ditch); C40 apron with toe; 2.5m wide x 1.0m high wall in conc filled sandbags; bags to batters both sides; incoming pipe size:; 100mm dia,m,Drainage,Pipework,739.79,Drainage!O2286,739.79,Drainage!A2286,Drainage,"100mm,pipe"
DRA1998,DRA1812,Headwall (end of ditch); C40 apron with toe; 2.5m wide x 1.0m high wall in conc filled sandbags; bags to batters both sides; incoming pipe size:; 150mm dia,m,Drainage,Pipework,868.47,Drainage!O2287,868.47,Drainage!A2287,Drainage,"150mm,pipe"
DRA1999,DRA1813,Headwall (end of ditch); C40 apron with toe; 2.5m wide x 1.0m high wall in conc filled sandbags; bags to batters both sides; incoming pipe size:; 225mm dia,m,Drainage,Pipework,1009.72,Drainage!O2288,1009.72,Drainage!A2288,Drainage,"225mm,pipe"
DRA2000,DRA1814,Headwall (end of ditch); C40 apron with toe; 2.5m wide x 1.0m high wall in conc filled sandbags; bags to batters both sides; incoming pipe size:; 300mm dia,m,Drainage,Pipework,1174.77,Drainage!O2289,1174.77,Drainage!A2289,Drainage,"300mm,pipe"
DRA2001,DRA1815,Headwall (end of ditch); C40 apron with toe; 2.5m wide x 1.0m high wall in conc filled sandbags; bags to batters both sides; incoming pipe size:; 450mm dia,m,Drainage,Pipework,1333.05,Drainage!O2290,1333.05,Drainage!A2290,Drainage,"450mm,pipe"
DRA2002,DRA1816,Headwall (side of ditch); C40 apron; 2.5m wide x 1.0m high wall in conc filled sandbags; bags to batters both sides; incoming pipe size:; 100mm dia,m,Drainage,Pipework,497.68,Drainage!O2292,497.68,Drainage!A2292,Drainage,"100mm,pipe"
DRA2003,DRA1817,Headwall (side of ditch); C40 apron; 2.5m wide x 1.0m high wall in conc filled sandbags; bags to batters both sides; incoming pipe size:; 150mm dia,m,Drainage,Pipework,632.97,Drainage!O2293,632.97,Drainage!A2293,Drainage,"150mm,pipe"
DRA2004,DRA1818,Headwall (side of ditch); C40 apron; 2.5m wide x 1.0m high wall in conc filled sandbags; bags to batters both sides; incoming pipe size:; 225mm dia,m,Drainage,Pipework,780.83,Drainage!O2294,780.83,Drainage!A2294,Drainage,"225mm,pipe"
DRA2005,DRA1819,Headwall (side of ditch); C40 apron; 2.5m wide x 1.0m high wall in conc filled sandbags; bags to batters both sides; incoming pipe size:; 300mm dia,m,Drainage,Pipework,952.49,Drainage!O2295,952.49,Drainage!A2295,Drainage,"300mm,pipe"
DRA2006,DRA1820,Headwall; C40 apron; 1B brickwork wall 1.2m x 0.75m high; 150mm gabion matress to batters both sides; incoming pipe size:; 100mm dia,m,Drainage,Pipework,921.26,Drainage!O2297,921.26,Drainage!A2297,Drainage,"150mm,100mm,pipe"
DRA2007,DRA1821,Headwall; C40 apron; 1B brickwork wall 1.2m x 0.75m high; 150mm gabion matress to batters both sides; incoming pipe size:; 150mm dia,m,Drainage,Pipework,977.39,Drainage!O2298,977.39,Drainage!A2298,Drainage,"150mm,150mm,pipe"
DRA2008,DRA1822,Headwall; C40 apron; 1B brickwork wall 1.2m x 0.75m high; 150mm gabion matress to batters both sides; incoming pipe size:; 225mm dia,m,Drainage,Pipework,1050.2,Drainage!O2299,1050.2,Drainage!A2299,Drainage,"150mm,225mm,pipe"
DRA2009,DRA1823,Headwall; C40 apron; 1B brickwork wall 1.2m x 0.75m high; 150mm gabion matress to batters both sides; incoming pipe size:; 300mm dia,m,Drainage,Pipework,1128.14,Drainage!O2300,1128.14,Drainage!A2300,Drainage,"150mm,300mm,pipe"
DRA2010,DRA1824,Headwall; C40 apron; 1B brickwork wall 1.2m x 0.75m high; 150mm gabion matress to batters both sides; incoming pipe size:; 600mm dia,m,Drainage,Pipework,2256.28,Drainage!O2301,2256.28,Drainage!A2301,Drainage,"150mm,600mm,pipe"
DRA2011,DRA1824,Headwall; Precast concrete headwall spillway and standard grille; incoming pipe size:; 100mm dia,m,Drainage,Pipework,1092.5,Drainage!O2303,1092.5,Drainage!A2303,Drainage,"100mm,pipe"
DRA2012,DRA1825,Headwall; Precast concrete headwall spillway and standard grille; incoming pipe size:; 150mm dia,m,Drainage,Pipework,1132.35,Drainage!O2304,1132.35,Drainage!A2304,Drainage,"150mm,pipe"
DRA2013,DRA1826,Headwall; Precast concrete headwall spillway and standard grille; incoming pipe size:; 225mm dia,m,Drainage,Pipework,1174.93,Drainage!O2305,1174.93,Drainage!A2305,Drainage,"225mm,pipe"
DRA2014,DRA1827,Headwall; Precast concrete headwall spillway and standard grille; incoming pipe size:; 300mm dia,m,Drainage,Pipework,1556.95,Drainage!O2306,1556.95,Drainage!A2306,Drainage,"300mm,pipe"
DRA2015,DRA1828,Headwall; Precast concrete headwall spillway and standard grille; incoming pipe size:; 375mm dia,m,Drainage,Pipework,1629.25,Drainage!O2307,1629.25,Drainage!A2307,Drainage,"375mm,pipe"
DRA2016,DRA1829,Headwall; Precast concrete headwall spillway and standard grille; incoming pipe size:; 450mm dia,m,Drainage,Pipework,2113.99,Drainage!O2308,2113.99,Drainage!A2308,Drainage,"450mm,pipe"
DRA2017,DRA1830,Lining existing sewer connection/drain or patch liner; 100mm diameter,m,Drainage,General Drainage,100.3,Drainage!O2310,100.3,Drainage!A2310,Drainage,"100mm,sewer"
DRA2018,DRA1831,Lining existing sewer connection/drain or patch liner; 150mm diameter,m,Drainage,General Drainage,118.0,Drainage!O2311,118.0,Drainage!A2311,Drainage,"150mm,sewer"
DRA2019,DRA1832,Connections to Thames Water sewer in Road; Surface water connection; no details provisional sum,m,Drainage,General Drainage,10535.59,Drainage!O2313,10535.59,Drainage!A2313,Drainage,sewer
DRA2020,DRA1833,Connections to Thames Water sewer in Road; Foul water connection; no details provisional sum,m,Drainage,General Drainage,10535.59,Drainage!O2314,10535.59,Drainage!A2314,Drainage,sewer
DRA2021,DRA1834,Headings under road to connect to TW sewer; Excavate heading including shoring sides and soffit as the work progresses; backfill on completion with Type 1 granular fill,m,Drainage,Excavation,2698.45,Drainage!O2316,2698.45,Drainage!A2316,Drainage,"excavate,backfill,sewer"
DRA2022,DRA1835,"Headings under road to connect to TW sewer; Excavate access shaft; 3 x 3 x 4m dp; backfill on completion, including temporary propping and shoring",m,Drainage,Excavation,8071.98,Drainage!O2317,8071.98,Drainage!A2317,Drainage,"excavate,backfill,sewer"
DRA2023,DRA1836,Connection to above grd drainage installed by others; Make connection to above grd drainage,m,Drainage,General Drainage,964.21,Drainage!O2319,964.21,Drainage!A2319,Drainage,drainage
DRA2024,DRA1837,"Road closure for sewer connection in road, including liason with Council, TFL & other Stats, licenses, permissions, fees, etc; Full road closure",m,Drainage,General Drainage,4248.0,Drainage!O2321,4248.0,Drainage!A2321,Drainage,sewer
DRA2025,DRA1838,"Road closure for sewer connection in road, including liason with Council, TFL & other Stats, licenses, permissions, fees, etc; Partial road closure",m,Drainage,General Drainage,2360.0,Drainage!O2322,2360.0,Drainage!A2322,Drainage,sewer
DRA2026,DRA1839,"Traffic management for sewer connection in Road; Traffic diversion submission & licence, inc liase with Stats, design, proposal & approval/permission, RAMS, fees, etc",m,Drainage,General Drainage,1770.0,Drainage!O2324,1770.0,Drainage!A2324,Drainage,sewer
DRA2027,DRA1840,"Traffic management for sewer connection in Road; Pedestrian diversion submission & license, inc liase with Stats, design, proposal & approval/permissions, RAMS, fees, etc",m,Drainage,General Drainage,1416.0,Drainage!O2325,1416.0,Drainage!A2325,Drainage,sewer
DRA2028,DRA1841,"Traffic management for sewer connection in Road; Install traffic management measures, inc lights, signs, lights, notices, etc",m,Drainage,General Drainage,2183.0,Drainage!O2326,2183.0,Drainage!A2326,Drainage,sewer
DRA2029,DRA1842,"Temporary fencing, Heras, barriers, sleepers, road plates, etc; Heras fencing, inc erect, adapt and dismantle on completion",m,Drainage,General Drainage,36.09,Drainage!O2328,36.09,Drainage!A2328,Drainage,
DRA2030,DRA1843,"Temporary fencing, Heras, barriers, sleepers, road plates, etc; Pedestrian barriers",m,Drainage,General Drainage,42.81,Drainage!O2329,42.81,Drainage!A2329,Drainage,
DRA2031,DRA1844,"Temporary fencing, Heras, barriers, sleepers, road plates, etc; Jersey blocks",m,Drainage,General Drainage,59.66,Drainage!O2330,59.66,Drainage!A2330,Drainage,
DRA2032,DRA1845,"Temporary fencing, Heras, barriers, sleepers, road plates, etc; Road plates",m,Drainage,General Drainage,58.34,Drainage!O2331,58.34,Drainage!A2331,Drainage,
DRA2033,DRA1846,"Temporary fencing, Heras, barriers, sleepers, road plates, etc; Survey existing drains",m,Drainage,General Drainage,1180.0,Drainage!O2333,1180.0,Drainage!A2333,Drainage,
DRA2034,DRA1847,"Temporary fencing, Heras, barriers, sleepers, road plates, etc; High pressure jet wash to unblock drain",m,Drainage,General Drainage,1180.0,Drainage!O2334,1180.0,Drainage!A2334,Drainage,
DRA2035,DRA1848,"Temporary fencing, Heras, barriers, sleepers, road plates, etc; Dispose of ground water",m,Drainage,General Drainage,3639.79,Drainage!O2335,3639.79,Drainage!A2335,Drainage,dispose
DRA2036,DRA1849,"Temporary fencing, Heras, barriers, sleepers, road plates, etc; Test drains",m,Drainage,General Drainage,1.53,Drainage!O2337,1.53,Drainage!A2337,Drainage,
DRA2037,DRA1850,"Temporary fencing, Heras, barriers, sleepers, road plates, etc; Re-test drains on completion",m,Drainage,General Drainage,1.53,Drainage!O2338,1.53,Drainage!A2338,Drainage,
DRA2038,DRA1851,"Temporary fencing, Heras, barriers, sleepers, road plates, etc; CCTV survey",m,Drainage,General Drainage,3.55,Drainage!O2339,3.55,Drainage!A2339,Drainage,
DRA2039,DRA1852,"Temporary fencing, Heras, barriers, sleepers, road plates, etc; Test drains",m,Drainage,General Drainage,1.53,Drainage!O2341,1.53,Drainage!A2341,Drainage,
DRA2040,DRA1853,"Temporary fencing, Heras, barriers, sleepers, road plates, etc; Re-test drains on completion",m,Drainage,General Drainage,1.53,Drainage!O2342,1.53,Drainage!A2342,Drainage,
DRA2041,DRA1854,"Temporary fencing, Heras, barriers, sleepers, road plates, etc; CCTV survey",m,Drainage,General Drainage,3.55,Drainage!O2343,3.55,Drainage!A2343,Drainage,
DRA2042,DRA1855,"Temporary fencing, Heras, barriers, sleepers, road plates, etc; Test drains",m,Drainage,General Drainage,1.53,Drainage!O2345,1.53,Drainage!A2345,Drainage,
DRA2043,DRA1856,"Temporary fencing, Heras, barriers, sleepers, road plates, etc; Re-test drains on completion",m,Drainage,General Drainage,1.53,Drainage!O2346,1.53,Drainage!A2346,Drainage,
DRA2044,DRA1857,"Temporary fencing, Heras, barriers, sleepers, road plates, etc; CCTV survey",m,Drainage,General Drainage,3.55,Drainage!O2347,3.55,Drainage!A2347,Drainage,
DRA2045,DRA1858,"Temporary fencing, Heras, barriers, sleepers, road plates, etc; Test drains",m,Drainage,General Drainage,1.53,Drainage!O2349,1.53,Drainage!A2349,Drainage,
DRA2046,DRA1859,"Temporary fencing, Heras, barriers, sleepers, road plates, etc; Re-test drains on completion",m,Drainage,General Drainage,1.53,Drainage!O2350,1.53,Drainage!A2350,Drainage,
DRA2047,DRA1860,"Temporary fencing, Heras, barriers, sleepers, road plates, etc; CCTV survey",m,Drainage,General Drainage,3.55,Drainage!O2351,3.55,Drainage!A2351,Drainage,
DRA2048,DRA1861,"Temporary fencing, Heras, barriers, sleepers, road plates, etc; Test drains",m,Drainage,General Drainage,1.53,Drainage!O2353,1.53,Drainage!A2353,Drainage,
DRA2049,DRA1862,"Temporary fencing, Heras, barriers, sleepers, road plates, etc; Re-test drains on completion",m,Drainage,General Drainage,1.53,Drainage!O2354,1.53,Drainage!A2354,Drainage,
DRA2050,DRA1863,"Temporary fencing, Heras, barriers, sleepers, road plates, etc; CCTV survey",m,Drainage,General Drainage,3.55,Drainage!O2355,3.55,Drainage!A2355,Drainage,
DRA2051,DRA1864,"Temporary fencing, Heras, barriers, sleepers, road plates, etc; Test drains",m,Drainage,General Drainage,1.53,Drainage!O2357,1.53,Drainage!A2357,Drainage,
DRA2052,DRA1865,"Temporary fencing, Heras, barriers, sleepers, road plates, etc; Re-test drains on completion",m,Drainage,General Drainage,1.53,Drainage!O2358,1.53,Drainage!A2358,Drainage,
DRA2053,DRA1866,"Temporary fencing, Heras, barriers, sleepers, road plates, etc; CCTV survey",m,Drainage,General Drainage,3.55,Drainage!O2359,3.55,Drainage!A2359,Drainage,
DRA2054,DRA1867,Provide set of manhole keys (SW),item,Drainage,Manholes,49.21,Drainage!O2361,49.21,Drainage!A2361,Drainage,manhole
DRA2055,DRA1868,Provide set of manhole keys (FW),item,Drainage,Manholes,49.21,Drainage!O2362,49.21,Drainage!A2362,Drainage,manhole
DRA2056,DRA1869,Provide drainage O&M manual,item,Drainage,General Drainage,295.0,Drainage!O2363,295.0,Drainage!A2363,Drainage,drainage
DRA2057,DRA1870,Temporary manhole cover,item,Drainage,Manholes,49.82,Drainage!O2364,49.82,Drainage!A2364,Drainage,manhole
