id,code,description,unit,category,subcategory,rate,cellRate_reference,cellRate_rate,excelCellReference,sourceSheetName,keywords
SER1,SER1,Excavate trenches for ducts ne 200mm dia; backfill with SEM; dispose of surplus off site; depth to invert: ne - 0.5 m,m,Services,General Services,18.01,Services!I19,18.01,Services!A19,Services,"200mm,general_services"
SER2,SER2,Excavate trenches for ducts ne 200mm dia; backfill with SEM; dispose of surplus off site; depth to invert: 0.5 - 0.75 m,m,Services,General Services,22.61,Services!I20,22.61,Services!A20,Services,"200mm,general_services"
SER3,SER3,Excavate trenches for ducts ne 200mm dia; backfill with SEM; dispose of surplus off site; depth to invert: 0.75 - 1.0 m,m,Services,General Services,27.22,Services!I21,27.22,Services!A21,Services,"200mm,general_services"
SER4,SER4,Excavate trenches for ducts ne 200mm dia; backfill with SEM; dispose of surplus off site; depth to invert: 1 - 1.25 m,m,Services,General Services,45.44,Services!I22,45.44,Services!A22,Services,"200mm,general_services"
SER5,SER5,Excavate trenches for ducts ne 200mm dia; backfill with SEM; dispose of surplus off site; depth to invert: 1.25 - 1.5 m,m,Services,General Services,52.77,Services!I23,52.77,Services!A23,Services,"200mm,general_services"
SER6,SER6,Excavate trenches for ducts ne 200mm dia; backfill with SEM; dispose of surplus off site; depth to invert: 1.5 - 1.75 m,m,Services,General Services,70.36,Services!I24,70.36,Services!A24,Services,"200mm,general_services"
SER7,SER7,Excavate trenches for ducts ne 200mm dia; backfill with SEM; dispose of surplus off site; depth to invert: 1.75 - 2.0 m,m,Services,General Services,78.84,Services!I25,78.84,Services!A25,Services,"200mm,general_services"
SER8,SER8,Excavate trenches for ducts ne 200mm dia; backfill with SEM; dispose of surplus off site; depth to invert: 2 - 2.25 m,m,Services,General Services,108.26,Services!I26,108.26,Services!A26,Services,"200mm,general_services"
SER9,SER9,Excavate trenches for ducts ne 200mm dia; backfill with SEM; dispose of surplus off site; depth to invert: 2.25 - 2.5 m,m,Services,General Services,118.66,Services!I27,118.66,Services!A27,Services,"200mm,general_services"
SER10,SER10,Excavate trenches for ducts ne 200mm dia; backfill with SEM; dispose of surplus off site; depth to invert: 2.5 - 2.75 m,m,Services,General Services,129.06,Services!I28,129.06,Services!A28,Services,"200mm,general_services"
SER11,SER11,Excavate trenches for ducts ne 200mm dia; backfill with SEM; dispose of surplus off site; depth to invert: 2.75 - 3.0 m,m,Services,General Services,139.46,Services!I29,139.46,Services!A29,Services,"200mm,general_services"
SER12,SER12,Excavate trenches for ducts ne 200mm dia; backfill with SEM; dispose of surplus off site; depth to invert: 3 - 3.25 m,m,Services,General Services,264.31,Services!I30,264.31,Services!A30,Services,"200mm,general_services"
SER13,SER13,Excavate trenches for ducts ne 200mm dia; backfill with SEM; dispose of surplus off site; depth to invert: 3.25 - 3.5 m,m,Services,General Services,282.39,Services!I31,282.39,Services!A31,Services,"200mm,general_services"
SER14,SER14,Excavate trenches for 2nr ducts ne 200mm dia; backfill with SEM; dispose of surplus off site; depth to invert: ne - 0.5 m,m,Services,General Services,23.45,Services!I33,23.45,Services!A33,Services,"200mm,general_services"
SER15,SER15,Excavate trenches for 2nr ducts ne 200mm dia; backfill with SEM; dispose of surplus off site; depth to invert: 0.5 - 0.75 m,m,Services,General Services,30.78,Services!I34,30.78,Services!A34,Services,"200mm,general_services"
SER16,SER16,Excavate trenches for 2nr ducts ne 200mm dia; backfill with SEM; dispose of surplus off site; depth to invert: 0.75 - 1.0 m,m,Services,General Services,38.11,Services!I35,38.11,Services!A35,Services,"200mm,general_services"
SER17,SER17,Excavate trenches for 2nr ducts ne 200mm dia; backfill with SEM; dispose of surplus off site; depth to invert: 1 - 1.25 m,m,Services,General Services,45.44,Services!I36,45.44,Services!A36,Services,"200mm,general_services"
SER18,SER18,Excavate trenches for 2nr ducts ne 200mm dia; backfill with SEM; dispose of surplus off site; depth to invert: 1.25 - 1.5 m,m,Services,General Services,52.77,Services!I37,52.77,Services!A37,Services,"200mm,general_services"
SER19,SER19,Excavate trenches for 2nr ducts ne 200mm dia; backfill with SEM; dispose of surplus off site; depth to invert: 1.5 - 1.75 m,m,Services,General Services,101.14,Services!I38,101.14,Services!A38,Services,"200mm,general_services"
SER20,SER20,Excavate trenches for 2nr ducts ne 200mm dia; backfill with SEM; dispose of surplus off site; depth to invert: 1.75 - 2.0 m,m,Services,General Services,113.07,Services!I39,113.07,Services!A39,Services,"200mm,general_services"
SER21,SER21,Excavate trenches for 4nr ducts ne 200mm dia; backfill with SEM; dispose of surplus off site; depth to invert: ne - 0.5 m,m,Services,General Services,36.96,Services!I41,36.96,Services!A41,Services,"200mm,general_services"
SER22,SER22,Excavate trenches for 4nr ducts ne 200mm dia; backfill with SEM; dispose of surplus off site; depth to invert: 0.5 - 0.75 m,m,Services,General Services,47.74,Services!I42,47.74,Services!A42,Services,"200mm,general_services"
SER23,SER23,Excavate trenches for 4nr ducts ne 200mm dia; backfill with SEM; dispose of surplus off site; depth to invert: 0.75 - 1.0 m,m,Services,General Services,58.53,Services!I43,58.53,Services!A43,Services,"200mm,general_services"
SER24,SER24,Excavate trenches for 4nr ducts ne 200mm dia; backfill with SEM; dispose of surplus off site; depth to invert: 1 - 1.25 m,m,Services,General Services,69.31,Services!I44,69.31,Services!A44,Services,"200mm,general_services"
SER25,SER25,Excavate trenches for 4nr ducts ne 200mm dia; backfill with SEM; dispose of surplus off site; depth to invert: 1.25 - 1.5 m,m,Services,General Services,80.1,Services!I45,80.1,Services!A45,Services,"200mm,general_services"
SER26,SER26,Excavate trenches for 4nr ducts ne 200mm dia; backfill with SEM; dispose of surplus off site; depth to invert: 1.5 - 1.75 m,m,Services,General Services,101.14,Services!I46,101.14,Services!A46,Services,"200mm,general_services"
SER27,SER27,Excavate trenches for 4nr ducts ne 200mm dia; backfill with SEM; dispose of surplus off site; depth to invert: 1.75 - 2.0 m,m,Services,General Services,113.07,Services!I47,113.07,Services!A47,Services,"200mm,general_services"
SER28,SER28,Excavate trenches for 6nr ducts ne 200mm dia; backfill with SEM; dispose of surplus off site; depth to invert: ne - 0.5 m,m,Services,General Services,48.96,Services!I49,48.96,Services!A49,Services,"200mm,general_services"
SER29,SER29,Excavate trenches for 6nr ducts ne 200mm dia; backfill with SEM; dispose of surplus off site; depth to invert: 0.5 - 0.75 m,m,Services,General Services,62.82,Services!I50,62.82,Services!A50,Services,"200mm,general_services"
SER30,SER30,Excavate trenches for 6nr ducts ne 200mm dia; backfill with SEM; dispose of surplus off site; depth to invert: 0.75 - 1.0 m,m,Services,General Services,76.67,Services!I51,76.67,Services!A51,Services,"200mm,general_services"
SER31,SER31,Excavate trenches for 6nr ducts ne 200mm dia; backfill with SEM; dispose of surplus off site; depth to invert: 1 - 1.25 m,m,Services,General Services,90.53,Services!I52,90.53,Services!A52,Services,"200mm,general_services"
SER32,SER32,Excavate trenches for 6nr ducts ne 200mm dia; backfill with SEM; dispose of surplus off site; depth to invert: 1.25 - 1.5 m,m,Services,General Services,104.38,Services!I53,104.38,Services!A53,Services,"200mm,general_services"
SER33,SER33,Excavate trenches for 6nr ducts ne 200mm dia; backfill with SEM; dispose of surplus off site; depth to invert: 1.5 - 1.75 m,m,Services,General Services,118.24,Services!I54,118.24,Services!A54,Services,"200mm,general_services"
SER34,SER34,Excavate trenches for 6nr ducts ne 200mm dia; backfill with SEM; dispose of surplus off site; depth to invert: 1.75 - 2.0 m,m,Services,General Services,132.09,Services!I55,132.09,Services!A55,Services,"200mm,general_services"
SER35,SER35,Excavate trenches for 225mm dia ducts; backfill with SEM; dispose of surplus off site; depth to invert: ne - 0.5 m,m,Services,General Services,19.4,Services!I58,19.4,Services!A58,Services,"225mm,general_services"
SER36,SER36,Excavate trenches for 225mm dia ducts; backfill with SEM; dispose of surplus off site; depth to invert: 0.5 - 0.75 m,m,Services,General Services,24.01,Services!I59,24.01,Services!A59,Services,"225mm,general_services"
SER37,SER37,Excavate trenches for 225mm dia ducts; backfill with SEM; dispose of surplus off site; depth to invert: 0.75 - 1.0 m,m,Services,General Services,28.62,Services!I60,28.62,Services!A60,Services,"225mm,general_services"
SER38,SER38,Excavate trenches for 225mm dia ducts; backfill with SEM; dispose of surplus off site; depth to invert: 1 - 1.25 m,m,Services,General Services,46.84,Services!I61,46.84,Services!A61,Services,"225mm,general_services"
SER39,SER39,Excavate trenches for 225mm dia ducts; backfill with SEM; dispose of surplus off site; depth to invert: 1.25 - 1.5 m,m,Services,General Services,54.17,Services!I62,54.17,Services!A62,Services,"225mm,general_services"
SER40,SER40,Excavate trenches for 225mm dia ducts; backfill with SEM; dispose of surplus off site; depth to invert: 1.5 - 1.75 m,m,Services,General Services,103.94,Services!I63,103.94,Services!A63,Services,"225mm,general_services"
SER41,SER41,Excavate trenches for 225mm dia ducts; backfill with SEM; dispose of surplus off site; depth to invert: 1.75 - 2.0 m,m,Services,General Services,115.87,Services!I64,115.87,Services!A64,Services,"225mm,general_services"
SER42,SER42,Excavate trenches for 225mm dia ducts; backfill with SEM; dispose of surplus off site; depth to invert: 2 - 2.25 m,m,Services,General Services,127.81,Services!I65,127.81,Services!A65,Services,"225mm,general_services"
SER43,SER43,Excavate trenches for 225mm dia ducts; backfill with SEM; dispose of surplus off site; depth to invert: 2.25 - 2.5 m,m,Services,General Services,139.74,Services!I66,139.74,Services!A66,Services,"225mm,general_services"
SER44,SER44,Excavate trenches for 225mm dia ducts; backfill with SEM; dispose of surplus off site; depth to invert: 2.5 - 2.75 m,m,Services,General Services,151.68,Services!I67,151.68,Services!A67,Services,"225mm,general_services"
SER45,SER45,Excavate trenches for 225mm dia ducts; backfill with SEM; dispose of surplus off site; depth to invert: 2.75 - 3.0 m,m,Services,General Services,163.62,Services!I68,163.62,Services!A68,Services,"225mm,general_services"
SER46,SER46,Excavate trenches for 225mm dia ducts; backfill with SEM; dispose of surplus off site; depth to invert: 3 - 3.25 m,m,Services,General Services,175.55,Services!I69,175.55,Services!A69,Services,"225mm,general_services"
SER47,SER47,Excavate trenches for 225mm dia ducts; backfill with SEM; dispose of surplus off site; depth to invert: 3.25 - 3.5 m,m,Services,General Services,187.49,Services!I70,187.49,Services!A70,Services,"225mm,general_services"
SER48,SER48,Excavate trenches for 300mm dia ducts; backfill with SEM; dispose of surplus off site; depth to invert: ne - 0.5 m,m,Services,General Services,20.8,Services!I72,20.8,Services!A72,Services,"300mm,general_services"
SER49,SER49,Excavate trenches for 300mm dia ducts; backfill with SEM; dispose of surplus off site; depth to invert: 0.5 - 0.75 m,m,Services,General Services,25.41,Services!I73,25.41,Services!A73,Services,"300mm,general_services"
SER50,SER50,Excavate trenches for 300mm dia ducts; backfill with SEM; dispose of surplus off site; depth to invert: 0.75 - 1.0 m,m,Services,General Services,30.01,Services!I74,30.01,Services!A74,Services,"300mm,general_services"
SER51,SER51,Excavate trenches for 300mm dia ducts; backfill with SEM; dispose of surplus off site; depth to invert: 1 - 1.25 m,m,Services,General Services,48.24,Services!I75,48.24,Services!A75,Services,"300mm,general_services"
SER52,SER52,Excavate trenches for 300mm dia ducts; backfill with SEM; dispose of surplus off site; depth to invert: 1.25 - 1.5 m,m,Services,General Services,55.57,Services!I76,55.57,Services!A76,Services,"300mm,general_services"
SER53,SER53,Excavate trenches for 300mm dia ducts; backfill with SEM; dispose of surplus off site; depth to invert: 1.5 - 1.75 m,m,Services,General Services,106.73,Services!I77,106.73,Services!A77,Services,"300mm,general_services"
SER54,SER54,Excavate trenches for 300mm dia ducts; backfill with SEM; dispose of surplus off site; depth to invert: 1.75 - 2.0 m,m,Services,General Services,118.67,Services!I78,118.67,Services!A78,Services,"300mm,general_services"
SER55,SER55,Excavate trenches for 300mm dia ducts; backfill with SEM; dispose of surplus off site; depth to invert: 2 - 2.25 m,m,Services,General Services,130.61,Services!I79,130.61,Services!A79,Services,"300mm,general_services"
SER56,SER56,Excavate trenches for 300mm dia ducts; backfill with SEM; dispose of surplus off site; depth to invert: 2.25 - 2.5 m,m,Services,General Services,142.54,Services!I80,142.54,Services!A80,Services,"300mm,general_services"
SER57,SER57,Excavate trenches for 300mm dia ducts; backfill with SEM; dispose of surplus off site; depth to invert: 2.5 - 2.75 m,m,Services,General Services,154.48,Services!I81,154.48,Services!A81,Services,"300mm,general_services"
SER58,SER58,Excavate trenches for 300mm dia ducts; backfill with SEM; dispose of surplus off site; depth to invert: 2.75 - 3.0 m,m,Services,General Services,166.41,Services!I82,166.41,Services!A82,Services,"300mm,general_services"
SER59,SER59,Excavate trenches for 300mm dia ducts; backfill with SEM; dispose of surplus off site; depth to invert: 3 - 3.25 m,m,Services,General Services,178.35,Services!I83,178.35,Services!A83,Services,"300mm,general_services"
SER60,SER60,Excavate trenches for 300mm dia ducts; backfill with SEM; dispose of surplus off site; depth to invert: 3.25 - 3.5 m,m,Services,General Services,190.29,Services!I84,190.29,Services!A84,Services,"300mm,general_services"
SER61,SER61,Excavate trenches for 450mm dia ducts; backfill with SEM; dispose of surplus off site; depth to invert: ne - 0.5 m,m,Services,General Services,29.5,Services!I86,29.5,Services!A86,Services,"450mm,general_services"
SER62,SER62,Excavate trenches for 450mm dia ducts; backfill with SEM; dispose of surplus off site; depth to invert: 0.5 - 0.75 m,m,Services,General Services,35.26,Services!I87,35.26,Services!A87,Services,"450mm,general_services"
SER63,SER63,Excavate trenches for 450mm dia ducts; backfill with SEM; dispose of surplus off site; depth to invert: 0.75 - 1.0 m,m,Services,General Services,41.02,Services!I88,41.02,Services!A88,Services,"450mm,general_services"
SER64,SER64,Excavate trenches for 450mm dia ducts; backfill with SEM; dispose of surplus off site; depth to invert: 1 - 1.25 m,m,Services,General Services,60.4,Services!I89,60.4,Services!A89,Services,"450mm,general_services"
SER65,SER65,Excavate trenches for 450mm dia ducts; backfill with SEM; dispose of surplus off site; depth to invert: 1.25 - 1.5 m,m,Services,General Services,68.88,Services!I90,68.88,Services!A90,Services,"450mm,general_services"
SER66,SER66,Excavate trenches for 450mm dia ducts; backfill with SEM; dispose of surplus off site; depth to invert: 1.5 - 1.75 m,m,Services,General Services,112.33,Services!I91,112.33,Services!A91,Services,"450mm,general_services"
SER67,SER67,Excavate trenches for 450mm dia ducts; backfill with SEM; dispose of surplus off site; depth to invert: 1.75 - 2.0 m,m,Services,General Services,124.27,Services!I92,124.27,Services!A92,Services,"450mm,general_services"
SER68,SER68,Excavate trenches for 450mm dia ducts; backfill with SEM; dispose of surplus off site; depth to invert: 2 - 2.25 m,m,Services,General Services,136.2,Services!I93,136.2,Services!A93,Services,"450mm,general_services"
SER69,SER69,Excavate trenches for 450mm dia ducts; backfill with SEM; dispose of surplus off site; depth to invert: 2.25 - 2.5 m,m,Services,General Services,148.14,Services!I94,148.14,Services!A94,Services,"450mm,general_services"
SER70,SER70,Excavate trenches for 450mm dia ducts; backfill with SEM; dispose of surplus off site; depth to invert: 2.5 - 2.75 m,m,Services,General Services,160.08,Services!I95,160.08,Services!A95,Services,"450mm,general_services"
SER71,SER71,Excavate trenches for 450mm dia ducts; backfill with SEM; dispose of surplus off site; depth to invert: 2.75 - 3.0 m,m,Services,General Services,172.01,Services!I96,172.01,Services!A96,Services,"450mm,general_services"
SER72,SER72,Excavate trenches for 450mm dia ducts; backfill with SEM; dispose of surplus off site; depth to invert: 3 - 3.25 m,m,Services,General Services,183.95,Services!I97,183.95,Services!A97,Services,"450mm,general_services"
SER73,SER73,Excavate trenches for 450mm dia ducts; backfill with SEM; dispose of surplus off site; depth to invert: 3.25 - 3.5 m,m,Services,General Services,195.88,Services!I98,195.88,Services!A98,Services,"450mm,general_services"
SER74,SER74,Excavate trenches for 600mm dia pipes; backfill with SEM; dispose of surplus off site; depth to invert: ne - 0.5 m,m,Services,Plumbing Works,39.6,Services!I100,39.6,Services!A100,Services,"600mm,pipe,plumbing_works"
SER75,SER75,Excavate trenches for 600mm dia pipes; backfill with SEM; dispose of surplus off site; depth to invert: 0.5 - 0.75 m,m,Services,Plumbing Works,46.51,Services!I101,46.51,Services!A101,Services,"600mm,pipe,plumbing_works"
SER76,SER76,Excavate trenches for 600mm dia pipes; backfill with SEM; dispose of surplus off site; depth to invert: 0.75 - 1.0 m,m,Services,Plumbing Works,53.42,Services!I102,53.42,Services!A102,Services,"600mm,pipe,plumbing_works"
SER77,SER77,Excavate trenches for 600mm dia pipes; backfill with SEM; dispose of surplus off site; depth to invert: 1 - 1.25 m,m,Services,Plumbing Works,73.95,Services!I103,73.95,Services!A103,Services,"600mm,pipe,plumbing_works"
SER78,SER78,Excavate trenches for 600mm dia pipes; backfill with SEM; dispose of surplus off site; depth to invert: 1.25 - 1.5 m,m,Services,Plumbing Works,83.58,Services!I104,83.58,Services!A104,Services,"600mm,pipe,plumbing_works"
SER79,SER79,Excavate trenches for 600mm dia pipes; backfill with SEM; dispose of surplus off site; depth to invert: 1.5 - 1.75 m,m,Services,Plumbing Works,117.93,Services!I105,117.93,Services!A105,Services,"600mm,pipe,plumbing_works"
SER80,SER80,Excavate trenches for 600mm dia pipes; backfill with SEM; dispose of surplus off site; depth to invert: 1.75 - 2.0 m,m,Services,Plumbing Works,129.86,Services!I106,129.86,Services!A106,Services,"600mm,pipe,plumbing_works"
SER81,SER81,Excavate trenches for 600mm dia pipes; backfill with SEM; dispose of surplus off site; depth to invert: 2 - 2.25 m,m,Services,Plumbing Works,141.8,Services!I107,141.8,Services!A107,Services,"600mm,pipe,plumbing_works"
SER82,SER82,Excavate trenches for 600mm dia pipes; backfill with SEM; dispose of surplus off site; depth to invert: 2.25 - 2.5 m,m,Services,Plumbing Works,153.74,Services!I108,153.74,Services!A108,Services,"600mm,pipe,plumbing_works"
SER83,SER83,Excavate trenches for 600mm dia pipes; backfill with SEM; dispose of surplus off site; depth to invert: 2.5 - 2.75 m,m,Services,Plumbing Works,165.67,Services!I109,165.67,Services!A109,Services,"600mm,pipe,plumbing_works"
SER84,SER84,Excavate trenches for 600mm dia pipes; backfill with SEM; dispose of surplus off site; depth to invert: 2.75 - 3.0 m,m,Services,Plumbing Works,177.61,Services!I110,177.61,Services!A110,Services,"600mm,pipe,plumbing_works"
SER85,SER85,Excavate trenches for 600mm dia pipes; backfill with SEM; dispose of surplus off site; depth to invert: 3 - 3.25 m,m,Services,Plumbing Works,189.54,Services!I111,189.54,Services!A111,Services,"600mm,pipe,plumbing_works"
SER86,SER86,Excavate trenches for 600mm dia pipes; backfill with SEM; dispose of surplus off site; depth to invert: 3.25 - 3.5 m,m,Services,Plumbing Works,201.48,Services!I112,201.48,Services!A112,Services,"600mm,pipe,plumbing_works"
SER87,SER87,Excavate trenches for ducts ne 200mm dia; backfill with 6F2; dispose of surplus off site; depth to invert: ne - 0.5 m,m,Services,General Services,23.99,Services!I115,23.99,Services!A115,Services,"200mm,general_services"
SER88,SER88,Excavate trenches for ducts ne 200mm dia; backfill with 6F2; dispose of surplus off site; depth to invert: 0.5 - 0.75 m,m,Services,General Services,38.56,Services!I116,38.56,Services!A116,Services,"200mm,general_services"
SER89,SER89,Excavate trenches for ducts ne 200mm dia; backfill with 6F2; dispose of surplus off site; depth to invert: 0.75 - 1.0 m,m,Services,General Services,53.13,Services!I117,53.13,Services!A117,Services,"200mm,general_services"
SER90,SER90,Excavate trenches for ducts ne 200mm dia; backfill with 6F2; dispose of surplus off site; depth to invert: 1 - 1.25 m,m,Services,General Services,81.33,Services!I118,81.33,Services!A118,Services,"200mm,general_services"
SER91,SER91,Excavate trenches for ducts ne 200mm dia; backfill with 6F2; dispose of surplus off site; depth to invert: 1.25 - 1.5 m,m,Services,General Services,98.63,Services!I119,98.63,Services!A119,Services,"200mm,general_services"
SER92,SER92,Excavate trenches for ducts ne 200mm dia; backfill with 6F2; dispose of surplus off site; depth to invert: 1.5 - 1.75 m,m,Services,General Services,212.79,Services!I120,212.79,Services!A120,Services,"200mm,general_services"
SER93,SER93,Excavate trenches for ducts ne 200mm dia; backfill with 6F2; dispose of surplus off site; depth to invert: 1.75 - 2.0 m,m,Services,General Services,244.66,Services!I121,244.66,Services!A121,Services,"200mm,general_services"
SER94,SER94,Excavate trenches for ducts ne 200mm dia; backfill with 6F2; dispose of surplus off site; depth to invert: 2 - 2.25 m,m,Services,General Services,276.53,Services!I122,276.53,Services!A122,Services,"200mm,general_services"
SER95,SER95,Excavate trenches for ducts ne 200mm dia; backfill with 6F2; dispose of surplus off site; depth to invert: 2.25 - 2.5 m,m,Services,General Services,308.4,Services!I123,308.4,Services!A123,Services,"200mm,general_services"
SER96,SER96,Excavate trenches for ducts ne 200mm dia; backfill with 6F2; dispose of surplus off site; depth to invert: 2.5 - 2.75 m,m,Services,General Services,340.28,Services!I124,340.28,Services!A124,Services,"200mm,general_services"
SER97,SER97,Excavate trenches for ducts ne 200mm dia; backfill with 6F2; dispose of surplus off site; depth to invert: 2.75 - 3.0 m,m,Services,General Services,372.15,Services!I125,372.15,Services!A125,Services,"200mm,general_services"
SER98,SER98,Excavate trenches for ducts ne 200mm dia; backfill with 6F2; dispose of surplus off site; depth to invert: 3 - 3.25 m,m,Services,General Services,404.02,Services!I126,404.02,Services!A126,Services,"200mm,general_services"
SER99,SER99,Excavate trenches for ducts ne 200mm dia; backfill with 6F2; dispose of surplus off site; depth to invert: 3.25 - 3.5 m,m,Services,General Services,435.9,Services!I127,435.9,Services!A127,Services,"200mm,general_services"
SER100,SER100,Excavate trenches for 2nr ducts ne 200mm dia; backfill with 6F2; dispose of surplus off site; depth to invert: ne - 0.5 m,m,Services,General Services,29.44,Services!I129,29.44,Services!A129,Services,"200mm,general_services"
SER101,SER101,Excavate trenches for 2nr ducts ne 200mm dia; backfill with 6F2; dispose of surplus off site; depth to invert: 0.5 - 0.75 m,m,Services,General Services,46.73,Services!I130,46.73,Services!A130,Services,"200mm,general_services"
SER102,SER102,Excavate trenches for 2nr ducts ne 200mm dia; backfill with 6F2; dispose of surplus off site; depth to invert: 0.75 - 1.0 m,m,Services,General Services,69.93,Services!I131,69.93,Services!A131,Services,"200mm,general_services"
SER103,SER103,Excavate trenches for 2nr ducts ne 200mm dia; backfill with 6F2; dispose of surplus off site; depth to invert: 1 - 1.25 m,m,Services,General Services,81.33,Services!I132,81.33,Services!A132,Services,"200mm,general_services"
SER104,SER104,Excavate trenches for 2nr ducts ne 200mm dia; backfill with 6F2; dispose of surplus off site; depth to invert: 1.25 - 1.5 m,m,Services,General Services,104.53,Services!I133,104.53,Services!A133,Services,"200mm,general_services"
SER105,SER105,Excavate trenches for 2nr ducts ne 200mm dia; backfill with 6F2; dispose of surplus off site; depth to invert: 1.5 - 1.75 m,m,Services,General Services,212.79,Services!I134,212.79,Services!A134,Services,"200mm,general_services"
SER106,SER106,Excavate trenches for 2nr ducts ne 200mm dia; backfill with 6F2; dispose of surplus off site; depth to invert: 1.75 - 2.0 m,m,Services,General Services,244.66,Services!I135,244.66,Services!A135,Services,"200mm,general_services"
SER107,SER107,Excavate trenches for 3nr ducts ne 200mm dia; backfill with 6F2; dispose of surplus off site; depth to invert: ne - 0.5 m,m,Services,General Services,37.43,Services!I137,37.43,Services!A137,Services,"200mm,general_services"
SER108,SER108,Excavate trenches for 3nr ducts ne 200mm dia; backfill with 6F2; dispose of surplus off site; depth to invert: 0.5 - 0.75 m,m,Services,General Services,59.59,Services!I138,59.59,Services!A138,Services,"200mm,general_services"
SER109,SER109,Excavate trenches for 3nr ducts ne 200mm dia; backfill with 6F2; dispose of surplus off site; depth to invert: 0.75 - 1.0 m,m,Services,General Services,81.74,Services!I139,81.74,Services!A139,Services,"200mm,general_services"
SER110,SER110,Excavate trenches for 3nr ducts ne 200mm dia; backfill with 6F2; dispose of surplus off site; depth to invert: 1 - 1.25 m,m,Services,General Services,103.9,Services!I140,103.9,Services!A140,Services,"200mm,general_services"
SER111,SER111,Excavate trenches for 3nr ducts ne 200mm dia; backfill with 6F2; dispose of surplus off site; depth to invert: 1.25 - 1.5 m,m,Services,General Services,126.06,Services!I141,126.06,Services!A141,Services,"200mm,general_services"
SER112,SER112,Excavate trenches for 3nr ducts ne 200mm dia; backfill with 6F2; dispose of surplus off site; depth to invert: 1.5 - 1.75 m,m,Services,General Services,212.79,Services!I142,212.79,Services!A142,Services,"200mm,general_services"
SER113,SER113,Excavate trenches for 3nr ducts ne 200mm dia; backfill with 6F2; dispose of surplus off site; depth to invert: 1.75 - 2.0 m,m,Services,General Services,244.66,Services!I143,244.66,Services!A143,Services,"200mm,general_services"
SER114,SER114,Excavate trenches for 4nr ducts ne 200mm dia; backfill with 6F2; dispose of surplus off site; depth to invert: ne - 0.5 m,m,Services,General Services,47.42,Services!I146,47.42,Services!A146,Services,"200mm,general_services"
SER115,SER115,Excavate trenches for 4nr ducts ne 200mm dia; backfill with 6F2; dispose of surplus off site; depth to invert: 0.5 - 0.75 m,m,Services,General Services,75.65,Services!I147,75.65,Services!A147,Services,"200mm,general_services"
SER116,SER116,Excavate trenches for 4nr ducts ne 200mm dia; backfill with 6F2; dispose of surplus off site; depth to invert: 0.75 - 1.0 m,m,Services,General Services,103.88,Services!I148,103.88,Services!A148,Services,"200mm,general_services"
SER117,SER117,Excavate trenches for 4nr ducts ne 200mm dia; backfill with 6F2; dispose of surplus off site; depth to invert: 1 - 1.25 m,m,Services,General Services,132.11,Services!I149,132.11,Services!A149,Services,"200mm,general_services"
SER118,SER118,Excavate trenches for 4nr ducts ne 200mm dia; backfill with 6F2; dispose of surplus off site; depth to invert: 1.25 - 1.5 m,m,Services,General Services,160.34,Services!I150,160.34,Services!A150,Services,"200mm,general_services"
SER119,SER119,Excavate trenches for 4nr ducts ne 200mm dia; backfill with 6F2; dispose of surplus off site; depth to invert: 1.5 - 1.75 m,m,Services,General Services,212.79,Services!I151,212.79,Services!A151,Services,"200mm,general_services"
SER120,SER120,Excavate trenches for 4nr ducts ne 200mm dia; backfill with 6F2; dispose of surplus off site; depth to invert: 1.75 - 2.0 m,m,Services,General Services,244.66,Services!I152,244.66,Services!A152,Services,"200mm,general_services"
SER121,SER121,Excavate trenches for 6nr ducts ne 200mm dia; backfill with 6F2; dispose of surplus off site; depth to invert: ne - 0.5 m,m,Services,General Services,63.42,Services!I155,63.42,Services!A155,Services,"200mm,general_services"
SER122,SER122,Excavate trenches for 6nr ducts ne 200mm dia; backfill with 6F2; dispose of surplus off site; depth to invert: 0.5 - 0.75 m,m,Services,General Services,101.36,Services!I156,101.36,Services!A156,Services,"200mm,general_services"
SER123,SER123,Excavate trenches for 6nr ducts ne 200mm dia; backfill with 6F2; dispose of surplus off site; depth to invert: 0.75 - 1.0 m,m,Services,General Services,139.31,Services!I157,139.31,Services!A157,Services,"200mm,general_services"
SER124,SER124,Excavate trenches for 6nr ducts ne 200mm dia; backfill with 6F2; dispose of surplus off site; depth to invert: 1 - 1.25 m,m,Services,General Services,177.25,Services!I158,177.25,Services!A158,Services,"200mm,general_services"
SER125,SER125,Excavate trenches for 6nr ducts ne 200mm dia; backfill with 6F2; dispose of surplus off site; depth to invert: 1.25 - 1.5 m,m,Services,General Services,215.2,Services!I159,215.2,Services!A159,Services,"200mm,general_services"
SER126,SER126,Excavate trenches for 6nr ducts ne 200mm dia; backfill with 6F2; dispose of surplus off site; depth to invert: 1.5 - 1.75 m,m,Services,General Services,253.14,Services!I160,253.14,Services!A160,Services,"200mm,general_services"
SER127,SER127,Excavate trenches for 6nr ducts ne 200mm dia; backfill with 6F2; dispose of surplus off site; depth to invert: 1.75 - 2.0 m,m,Services,General Services,291.09,Services!I161,291.09,Services!A161,Services,"200mm,general_services"
SER128,SER129,Excavate trenches for 225mm dia ducts; backfill with 6F2; dispose of surplus off site; depth to invert: ne - 0.5 m,m,Services,General Services,19.6,Services!I164,19.6,Services!A164,Services,"225mm,general_services"
SER129,SER130,Excavate trenches for 225mm dia ducts; backfill with 6F2; dispose of surplus off site; depth to invert: 0.5 - 0.75 m,m,Services,General Services,32.35,Services!I165,32.35,Services!A165,Services,"225mm,general_services"
SER130,SER131,Excavate trenches for 225mm dia ducts; backfill with 6F2; dispose of surplus off site; depth to invert: 0.75 - 1.0 m,m,Services,General Services,45.1,Services!I166,45.1,Services!A166,Services,"225mm,general_services"
SER131,SER132,Excavate trenches for 225mm dia ducts; backfill with 6F2; dispose of surplus off site; depth to invert: 1 - 1.25 m,m,Services,General Services,79.74,Services!I167,79.74,Services!A167,Services,"225mm,general_services"
SER132,SER133,Excavate trenches for 225mm dia ducts; backfill with 6F2; dispose of surplus off site; depth to invert: 1.25 - 1.5 m,m,Services,General Services,97.04,Services!I168,97.04,Services!A168,Services,"225mm,general_services"
SER133,SER134,Excavate trenches for 225mm dia ducts; backfill with 6F2; dispose of surplus off site; depth to invert: 1.5 - 1.75 m,m,Services,General Services,209.6,Services!I169,209.6,Services!A169,Services,"225mm,general_services"
SER134,SER135,Excavate trenches for 225mm dia ducts; backfill with 6F2; dispose of surplus off site; depth to invert: 1.75 - 2.0 m,m,Services,General Services,241.48,Services!I170,241.48,Services!A170,Services,"225mm,general_services"
SER135,SER136,Excavate trenches for 225mm dia ducts; backfill with 6F2; dispose of surplus off site; depth to invert: 2 - 2.25 m,m,Services,General Services,273.35,Services!I171,273.35,Services!A171,Services,"225mm,general_services"
SER136,SER137,Excavate trenches for 225mm dia ducts; backfill with 6F2; dispose of surplus off site; depth to invert: 2.25 - 2.5 m,m,Services,General Services,305.22,Services!I172,305.22,Services!A172,Services,"225mm,general_services"
SER137,SER138,Excavate trenches for 225mm dia ducts; backfill with 6F2; dispose of surplus off site; depth to invert: 2.5 - 2.75 m,m,Services,General Services,337.09,Services!I173,337.09,Services!A173,Services,"225mm,general_services"
SER138,SER139,Excavate trenches for 225mm dia ducts; backfill with 6F2; dispose of surplus off site; depth to invert: 2.75 - 3.0 m,m,Services,General Services,368.97,Services!I174,368.97,Services!A174,Services,"225mm,general_services"
SER139,SER140,Excavate trenches for 225mm dia ducts; backfill with 6F2; dispose of surplus off site; depth to invert: 3 - 3.25 m,m,Services,General Services,400.84,Services!I175,400.84,Services!A175,Services,"225mm,general_services"
SER140,SER141,Excavate trenches for 225mm dia ducts; backfill with 6F2; dispose of surplus off site; depth to invert: 3.25 - 3.5 m,m,Services,General Services,432.71,Services!I176,432.71,Services!A176,Services,"225mm,general_services"
SER141,SER142,Excavate trenches for multiple ducts; 750mm (3) wide; backfill with 6F2; dispose of surplus off site; depth to trench invert: ne - 0.5 m,m,Services,General Services,33.27,Services!I179,33.27,Services!A179,Services,general_services
SER142,SER143,Excavate trenches for multiple ducts; 750mm (3) wide; backfill with 6F2; dispose of surplus off site; depth to trench invert: 0.5 - 0.75 m,m,Services,General Services,54.21,Services!I180,54.21,Services!A180,Services,general_services
SER143,SER144,Excavate trenches for multiple ducts; 750mm (3) wide; backfill with 6F2; dispose of surplus off site; depth to trench invert: 0.75 - 1.0 m,m,Services,General Services,75.15,Services!I181,75.15,Services!A181,Services,general_services
SER144,SER145,Excavate trenches for multiple ducts; 750mm (3) wide; backfill with 6F2; dispose of surplus off site; depth to trench invert: 1 - 1.25 m,m,Services,General Services,96.1,Services!I182,96.1,Services!A182,Services,general_services
SER145,SER146,Excavate trenches for multiple ducts; 750mm (3) wide; backfill with 6F2; dispose of surplus off site; depth to trench invert: 1.25 - 1.5 m,m,Services,General Services,117.04,Services!I183,117.04,Services!A183,Services,general_services
SER146,SER147,Excavate trenches for multiple ducts; 750mm (3) wide; backfill with 6F2; dispose of surplus off site; depth to trench invert: 1.5 - 1.75 m,m,Services,General Services,137.98,Services!I184,137.98,Services!A184,Services,general_services
SER147,SER148,Excavate trenches for multiple ducts; 750mm (3) wide; backfill with 6F2; dispose of surplus off site; depth to trench invert: 1.75 - 2.0 m,m,Services,General Services,158.92,Services!I185,158.92,Services!A185,Services,general_services
SER148,SER149,Excavate trenches for multiple ducts; 900mm (4) wide; backfill with 6F2; dispose of surplus off site; depth to trench invert: ne - 0.5 m,m,Services,General Services,38.83,Services!I188,38.83,Services!A188,Services,general_services
SER149,SER150,Excavate trenches for multiple ducts; 900mm (4) wide; backfill with 6F2; dispose of surplus off site; depth to trench invert: 0.5 - 0.75 m,m,Services,General Services,63.42,Services!I189,63.42,Services!A189,Services,general_services
SER150,SER151,Excavate trenches for multiple ducts; 900mm (4) wide; backfill with 6F2; dispose of surplus off site; depth to trench invert: 0.75 - 1.0 m,m,Services,General Services,88.0,Services!I190,88.0,Services!A190,Services,general_services
SER151,SER152,Excavate trenches for multiple ducts; 900mm (4) wide; backfill with 6F2; dispose of surplus off site; depth to trench invert: 1 - 1.25 m,m,Services,General Services,112.59,Services!I191,112.59,Services!A191,Services,general_services
SER152,SER153,Excavate trenches for multiple ducts; 900mm (4) wide; backfill with 6F2; dispose of surplus off site; depth to trench invert: 1.25 - 1.5 m,m,Services,General Services,137.18,Services!I192,137.18,Services!A192,Services,general_services
SER153,SER154,Excavate trenches for multiple ducts; 900mm (4) wide; backfill with 6F2; dispose of surplus off site; depth to trench invert: 1.5 - 1.75 m,m,Services,General Services,161.76,Services!I193,161.76,Services!A193,Services,general_services
SER154,SER155,Excavate trenches for multiple ducts; 900mm (4) wide; backfill with 6F2; dispose of surplus off site; depth to trench invert: 1.75 - 2.0 m,m,Services,General Services,186.35,Services!I194,186.35,Services!A194,Services,general_services
SER155,SER156,Excavate trenches for multiple ducts; 1050mm (5) wide; backfill with 6F2; dispose of surplus off site; depth to trench invert: ne - 0.5 m,m,Services,General Services,46.25,Services!I197,46.25,Services!A197,Services,general_services
SER156,SER157,Excavate trenches for multiple ducts; 1050mm (5) wide; backfill with 6F2; dispose of surplus off site; depth to trench invert: 0.5 - 0.75 m,m,Services,General Services,75.69,Services!I198,75.69,Services!A198,Services,general_services
SER157,SER158,Excavate trenches for multiple ducts; 1050mm (5) wide; backfill with 6F2; dispose of surplus off site; depth to trench invert: 0.75 - 1.0 m,m,Services,General Services,105.14,Services!I199,105.14,Services!A199,Services,general_services
SER158,SER159,Excavate trenches for multiple ducts; 1050mm (5) wide; backfill with 6F2; dispose of surplus off site; depth to trench invert: 1 - 1.25 m,m,Services,General Services,134.58,Services!I200,134.58,Services!A200,Services,general_services
SER159,SER160,Excavate trenches for multiple ducts; 1050mm (5) wide; backfill with 6F2; dispose of surplus off site; depth to trench invert: 1.25 - 1.5 m,m,Services,General Services,164.03,Services!I201,164.03,Services!A201,Services,general_services
SER160,SER161,Excavate trenches for multiple ducts; 1050mm (5) wide; backfill with 6F2; dispose of surplus off site; depth to trench invert: 1.5 - 1.75 m,m,Services,General Services,193.47,Services!I202,193.47,Services!A202,Services,general_services
SER161,SER162,Excavate trenches for multiple ducts; 1050mm (5) wide; backfill with 6F2; dispose of surplus off site; depth to trench invert: 1.75 - 2.0 m,m,Services,General Services,222.91,Services!I203,222.91,Services!A203,Services,general_services
SER162,SER163,Excavate trenches for multiple ducts; 1150mm (6) wide; backfill with 6F2; dispose of surplus off site; depth to trench invert: ne - 0.5 m,m,Services,General Services,48.11,Services!I206,48.11,Services!A206,Services,general_services
SER163,SER164,Excavate trenches for multiple ducts; 1150mm (6) wide; backfill with 6F2; dispose of surplus off site; depth to trench invert: 0.5 - 0.75 m,m,Services,General Services,78.76,Services!I207,78.76,Services!A207,Services,general_services
SER164,SER165,Excavate trenches for multiple ducts; 1150mm (6) wide; backfill with 6F2; dispose of surplus off site; depth to trench invert: 0.75 - 1.0 m,m,Services,General Services,109.42,Services!I208,109.42,Services!A208,Services,general_services
SER165,SER166,Excavate trenches for multiple ducts; 1150mm (6) wide; backfill with 6F2; dispose of surplus off site; depth to trench invert: 1 - 1.25 m,m,Services,General Services,140.08,Services!I209,140.08,Services!A209,Services,general_services
SER166,SER167,Excavate trenches for multiple ducts; 1150mm (6) wide; backfill with 6F2; dispose of surplus off site; depth to trench invert: 1.25 - 1.5 m,m,Services,General Services,170.74,Services!I210,170.74,Services!A210,Services,general_services
SER167,SER168,Excavate trenches for multiple ducts; 1150mm (6) wide; backfill with 6F2; dispose of surplus off site; depth to trench invert: 1.5 - 1.75 m,m,Services,General Services,201.4,Services!I211,201.4,Services!A211,Services,general_services
SER168,SER169,Excavate trenches for multiple ducts; 1150mm (6) wide; backfill with 6F2; dispose of surplus off site; depth to trench invert: 1.75 - 2.0 m,m,Services,General Services,232.06,Services!I212,232.06,Services!A212,Services,general_services
SER169,SER170,Excavate trenches for multiple ducts; 1300mm (7) wide; backfill with 6F2; dispose of surplus off site; depth to trench invert: ne - 0.5 m,m,Services,General Services,53.67,Services!I215,53.67,Services!A215,Services,general_services
SER170,SER171,Excavate trenches for multiple ducts; 1300mm (7) wide; backfill with 6F2; dispose of surplus off site; depth to trench invert: 0.5 - 0.75 m,m,Services,General Services,87.97,Services!I216,87.97,Services!A216,Services,general_services
SER171,SER172,Excavate trenches for multiple ducts; 1300mm (7) wide; backfill with 6F2; dispose of surplus off site; depth to trench invert: 0.75 - 1.0 m,m,Services,General Services,122.27,Services!I217,122.27,Services!A217,Services,general_services
SER172,SER173,Excavate trenches for multiple ducts; 1300mm (7) wide; backfill with 6F2; dispose of surplus off site; depth to trench invert: 1 - 1.25 m,m,Services,General Services,156.57,Services!I218,156.57,Services!A218,Services,general_services
SER173,SER174,Excavate trenches for multiple ducts; 1300mm (7) wide; backfill with 6F2; dispose of surplus off site; depth to trench invert: 1.25 - 1.5 m,m,Services,General Services,190.88,Services!I219,190.88,Services!A219,Services,general_services
SER174,SER175,Excavate trenches for multiple ducts; 1300mm (7) wide; backfill with 6F2; dispose of surplus off site; depth to trench invert: 1.5 - 1.75 m,m,Services,General Services,225.18,Services!I220,225.18,Services!A220,Services,general_services
SER175,SER176,Excavate trenches for multiple ducts; 1300mm (7) wide; backfill with 6F2; dispose of surplus off site; depth to trench invert: 1.75 - 2.0 m,m,Services,General Services,259.48,Services!I221,259.48,Services!A221,Services,general_services
SER176,SER177,Excavate trenches for multiple ducts; 1450mm (8) wide; backfill with 6F2; dispose of surplus off site; depth to trench invert: ne - 0.5 m,m,Services,General Services,59.23,Services!I224,59.23,Services!A224,Services,general_services
SER177,SER178,Excavate trenches for multiple ducts; 1450mm (8) wide; backfill with 6F2; dispose of surplus off site; depth to trench invert: 0.5 - 0.75 m,m,Services,General Services,97.18,Services!I225,97.18,Services!A225,Services,general_services
SER178,SER179,Excavate trenches for multiple ducts; 1450mm (8) wide; backfill with 6F2; dispose of surplus off site; depth to trench invert: 0.75 - 1.0 m,m,Services,General Services,135.12,Services!I226,135.12,Services!A226,Services,general_services
SER179,SER180,Excavate trenches for multiple ducts; 1450mm (8) wide; backfill with 6F2; dispose of surplus off site; depth to trench invert: 1 - 1.25 m,m,Services,General Services,173.07,Services!I227,173.07,Services!A227,Services,general_services
SER180,SER181,Excavate trenches for multiple ducts; 1450mm (8) wide; backfill with 6F2; dispose of surplus off site; depth to trench invert: 1.25 - 1.5 m,m,Services,General Services,211.01,Services!I228,211.01,Services!A228,Services,general_services
SER181,SER182,Excavate trenches for multiple ducts; 1450mm (8) wide; backfill with 6F2; dispose of surplus off site; depth to trench invert: 1.5 - 1.75 m,m,Services,General Services,248.96,Services!I229,248.96,Services!A229,Services,general_services
SER182,SER183,Excavate trenches for multiple ducts; 1450mm (8) wide; backfill with 6F2; dispose of surplus off site; depth to trench invert: 1.75 - 2.0 m,m,Services,General Services,286.91,Services!I230,286.91,Services!A230,Services,general_services
SER183,SER170,Excavate trenches for multiple ducts; 1650mm (9) wide; backfill with 6F2; dispose of surplus off site; depth to trench invert: ne - 0.5 m,m,Services,General Services,66.65,Services!I233,66.65,Services!A233,Services,general_services
SER184,SER171,Excavate trenches for multiple ducts; 1650mm (9) wide; backfill with 6F2; dispose of surplus off site; depth to trench invert: 0.5 - 0.75 m,m,Services,General Services,109.46,Services!I234,109.46,Services!A234,Services,general_services
SER185,SER172,Excavate trenches for multiple ducts; 1650mm (9) wide; backfill with 6F2; dispose of surplus off site; depth to trench invert: 0.75 - 1.0 m,m,Services,General Services,152.26,Services!I235,152.26,Services!A235,Services,general_services
SER186,SER173,Excavate trenches for multiple ducts; 1650mm (9) wide; backfill with 6F2; dispose of surplus off site; depth to trench invert: 1 - 1.25 m,m,Services,General Services,195.06,Services!I236,195.06,Services!A236,Services,general_services
SER187,SER174,Excavate trenches for multiple ducts; 1650mm (9) wide; backfill with 6F2; dispose of surplus off site; depth to trench invert: 1.25 - 1.5 m,m,Services,General Services,237.87,Services!I237,237.87,Services!A237,Services,general_services
SER188,SER175,Excavate trenches for multiple ducts; 1650mm (9) wide; backfill with 6F2; dispose of surplus off site; depth to trench invert: 1.5 - 1.75 m,m,Services,General Services,280.67,Services!I238,280.67,Services!A238,Services,general_services
SER189,SER176,Excavate trenches for multiple ducts; 1650mm (9) wide; backfill with 6F2; dispose of surplus off site; depth to trench invert: 1.75 - 2.0 m,m,Services,General Services,323.47,Services!I239,323.47,Services!A239,Services,general_services
SER190,SER177,Excavate trenches for multiple ducts; 1850mm (10) wide; backfill with 6F2; dispose of surplus off site; depth to trench invert: ne - 0.5 m,m,Services,General Services,74.07,Services!I242,74.07,Services!A242,Services,general_services
SER191,SER178,Excavate trenches for multiple ducts; 1850mm (10) wide; backfill with 6F2; dispose of surplus off site; depth to trench invert: 0.5 - 0.75 m,m,Services,General Services,121.73,Services!I243,121.73,Services!A243,Services,general_services
SER192,SER179,Excavate trenches for multiple ducts; 1850mm (10) wide; backfill with 6F2; dispose of surplus off site; depth to trench invert: 0.75 - 1.0 m,m,Services,General Services,169.39,Services!I244,169.39,Services!A244,Services,general_services
SER193,SER180,Excavate trenches for multiple ducts; 1850mm (10) wide; backfill with 6F2; dispose of surplus off site; depth to trench invert: 1 - 1.25 m,m,Services,General Services,217.05,Services!I245,217.05,Services!A245,Services,general_services
SER194,SER181,Excavate trenches for multiple ducts; 1850mm (10) wide; backfill with 6F2; dispose of surplus off site; depth to trench invert: 1.25 - 1.5 m,m,Services,General Services,264.72,Services!I246,264.72,Services!A246,Services,general_services
SER195,SER182,Excavate trenches for multiple ducts; 1850mm (10) wide; backfill with 6F2; dispose of surplus off site; depth to trench invert: 1.5 - 1.75 m,m,Services,General Services,312.38,Services!I247,312.38,Services!A247,Services,general_services
SER196,SER183,Excavate trenches for multiple ducts; 1850mm (10) wide; backfill with 6F2; dispose of surplus off site; depth to trench invert: 1.75 - 2.0 m,m,Services,General Services,360.04,Services!I248,360.04,Services!A248,Services,general_services
SER197,SER184,Excavate trenches for multiple ducts; 2400mm wide; backfill with 6F2; dispose of surplus off site; depth to trench invert: ne - 0.5 m,m,Services,General Services,94.47,Services!I251,94.47,Services!A251,Services,general_services
SER198,SER185,Excavate trenches for multiple ducts; 2400mm wide; backfill with 6F2; dispose of surplus off site; depth to trench invert: 0.5 - 0.75 m,m,Services,General Services,155.49,Services!I252,155.49,Services!A252,Services,general_services
SER199,SER186,Excavate trenches for multiple ducts; 2400mm wide; backfill with 6F2; dispose of surplus off site; depth to trench invert: 0.75 - 1.0 m,m,Services,General Services,216.51,Services!I253,216.51,Services!A253,Services,general_services
SER200,SER187,Excavate trenches for multiple ducts; 2400mm wide; backfill with 6F2; dispose of surplus off site; depth to trench invert: 1 - 1.25 m,m,Services,General Services,277.53,Services!I254,277.53,Services!A254,Services,general_services
SER201,SER188,Excavate trenches for multiple ducts; 2400mm wide; backfill with 6F2; dispose of surplus off site; depth to trench invert: 1.25 - 1.5 m,m,Services,General Services,338.56,Services!I255,338.56,Services!A255,Services,general_services
SER202,SER189,Excavate trenches for multiple ducts; 2400mm wide; backfill with 6F2; dispose of surplus off site; depth to trench invert: 1.5 - 1.75 m,m,Services,General Services,399.58,Services!I256,399.58,Services!A256,Services,general_services
SER203,SER190,Excavate trenches for multiple ducts; 2400mm wide; backfill with 6F2; dispose of surplus off site; depth to trench invert: 1.75 - 2.0 m,m,Services,General Services,460.6,Services!I257,460.6,Services!A257,Services,general_services
SER204,SER191,Excavate trenches for multiple ducts; 3400mm wide; backfill with 6F2; dispose of surplus off site; depth to trench invert: ne - 0.5 m,m,Services,General Services,131.56,Services!I260,131.56,Services!A260,Services,general_services
SER205,SER192,Excavate trenches for multiple ducts; 3400mm wide; backfill with 6F2; dispose of surplus off site; depth to trench invert: 0.5 - 0.75 m,m,Services,General Services,216.87,Services!I261,216.87,Services!A261,Services,general_services
SER206,SER193,Excavate trenches for multiple ducts; 3400mm wide; backfill with 6F2; dispose of surplus off site; depth to trench invert: 0.75 - 1.0 m,m,Services,General Services,302.19,Services!I262,302.19,Services!A262,Services,general_services
SER207,SER194,Excavate trenches for multiple ducts; 3400mm wide; backfill with 6F2; dispose of surplus off site; depth to trench invert: 1 - 1.25 m,m,Services,General Services,387.5,Services!I263,387.5,Services!A263,Services,general_services
SER208,SER195,Excavate trenches for multiple ducts; 3400mm wide; backfill with 6F2; dispose of surplus off site; depth to trench invert: 1.25 - 1.5 m,m,Services,General Services,472.81,Services!I264,472.81,Services!A264,Services,general_services
SER209,SER196,Excavate trenches for multiple ducts; 3400mm wide; backfill with 6F2; dispose of surplus off site; depth to trench invert: 1.5 - 1.75 m,m,Services,General Services,558.12,Services!I265,558.12,Services!A265,Services,general_services
SER210,SER197,Excavate trenches for multiple ducts; 3400mm wide; backfill with 6F2; dispose of surplus off site; depth to trench invert: 1.75 - 2.0 m,m,Services,General Services,643.43,Services!I266,643.43,Services!A266,Services,general_services
SER211,SER198,Excavate trenches for multiple ducts; 1150mm (6) wide; backfill with lean mix concrete; dispose of surplus off site; depth to trench invert: ne - 0.5 m,m,Services,General Services,72.09,Services!I269,72.09,Services!A269,Services,general_services
SER212,SER199,Excavate trenches for multiple ducts; 1150mm (6) wide; backfill with lean mix concrete; dispose of surplus off site; depth to trench invert: 0.5 - 0.75 m,m,Services,General Services,137.21,Services!I270,137.21,Services!A270,Services,general_services
SER213,SER200,Excavate trenches for multiple ducts; 1150mm (6) wide; backfill with lean mix concrete; dispose of surplus off site; depth to trench invert: 0.75 - 1.0 m,m,Services,General Services,202.32,Services!I271,202.32,Services!A271,Services,general_services
SER214,SER201,Excavate trenches for multiple ducts; 1150mm (6) wide; backfill with lean mix concrete; dispose of surplus off site; depth to trench invert: 1 - 1.25 m,m,Services,General Services,267.43,Services!I272,267.43,Services!A272,Services,general_services
SER215,SER202,Excavate trenches for multiple ducts; 1150mm (6) wide; backfill with lean mix concrete; dispose of surplus off site; depth to trench invert: 1.25 - 1.5 m,m,Services,General Services,332.54,Services!I273,332.54,Services!A273,Services,general_services
SER216,SER203,Excavate trenches for multiple ducts; 1300mm (7) wide; backfill with lean mix conc; dispose of surplus off site; depth to trench invert: ne - 0.5 m,m,Services,General Services,80.79,Services!I276,80.79,Services!A276,Services,general_services
SER217,SER204,Excavate trenches for multiple ducts; 1300mm (7) wide; backfill with lean mix conc; dispose of surplus off site; depth to trench invert: 0.5 - 0.75 m,m,Services,General Services,154.04,Services!I277,154.04,Services!A277,Services,general_services
SER218,SER205,Excavate trenches for multiple ducts; 1300mm (7) wide; backfill with lean mix conc; dispose of surplus off site; depth to trench invert: 0.75 - 1.0 m,m,Services,General Services,227.28,Services!I278,227.28,Services!A278,Services,general_services
SER219,SER206,Excavate trenches for multiple ducts; 1300mm (7) wide; backfill with lean mix conc; dispose of surplus off site; depth to trench invert: 1 - 1.25 m,m,Services,General Services,300.53,Services!I279,300.53,Services!A279,Services,general_services
SER220,SER207,Excavate trenches for multiple ducts; 1300mm (7) wide; backfill with lean mix conc; dispose of surplus off site; depth to trench invert: 1.25 - 1.5 m,m,Services,General Services,373.78,Services!I280,373.78,Services!A280,Services,general_services
SER221,SER208,Excavate trenches for multiple ducts; 1450mm (8) wide; backfill with lean mix conc; dispose of surplus off site; depth to trench invert: ne - 0.5 m,m,Services,General Services,89.48,Services!I283,89.48,Services!A283,Services,general_services
SER222,SER209,Excavate trenches for multiple ducts; 1450mm (8) wide; backfill with lean mix conc; dispose of surplus off site; depth to trench invert: 0.5 - 0.75 m,m,Services,General Services,170.87,Services!I284,170.87,Services!A284,Services,general_services
SER223,SER210,Excavate trenches for multiple ducts; 1450mm (8) wide; backfill with lean mix conc; dispose of surplus off site; depth to trench invert: 0.75 - 1.0 m,m,Services,General Services,252.25,Services!I285,252.25,Services!A285,Services,general_services
SER224,SER211,Excavate trenches for multiple ducts; 1450mm (8) wide; backfill with lean mix conc; dispose of surplus off site; depth to trench invert: 1 - 1.25 m,m,Services,General Services,333.64,Services!I286,333.64,Services!A286,Services,general_services
SER225,SER212,Excavate trenches for multiple ducts; 1450mm (8) wide; backfill with lean mix conc; dispose of surplus off site; depth to trench invert: 1.25 - 1.5 m,m,Services,General Services,415.02,Services!I287,415.02,Services!A287,Services,general_services
SER226,SER199,Excavate trenches for multiple ducts; 1650mm (9) wide; backfill with lean mix conc; dispose of surplus off site; depth to trench invert: ne - 0.5 m,m,Services,General Services,98.49,Services!I290,98.49,Services!A290,Services,general_services
SER227,SER200,Excavate trenches for multiple ducts; 1650mm (9) wide; backfill with lean mix conc; dispose of surplus off site; depth to trench invert: 0.5 - 0.75 m,m,Services,General Services,189.66,Services!I291,189.66,Services!A291,Services,general_services
SER228,SER201,Excavate trenches for multiple ducts; 1650mm (9) wide; backfill with lean mix conc; dispose of surplus off site; depth to trench invert: 0.75 - 1.0 m,m,Services,General Services,280.82,Services!I292,280.82,Services!A292,Services,general_services
SER229,SER202,Excavate trenches for multiple ducts; 1650mm (9) wide; backfill with lean mix conc; dispose of surplus off site; depth to trench invert: 1 - 1.25 m,m,Services,General Services,371.98,Services!I293,371.98,Services!A293,Services,general_services
SER230,SER203,Excavate trenches for multiple ducts; 1650mm (9) wide; backfill with lean mix conc; dispose of surplus off site; depth to trench invert: 1.25 - 1.5 m,m,Services,General Services,463.14,Services!I294,463.14,Services!A294,Services,general_services
SER231,SER204,Excavate trenches for multiple ducts; 1850mm (10) wide; backfill with conc; dispose of surplus off site; depth to trench invert: ne - 0.5 m,m,Services,General Services,112.66,Services!I297,112.66,Services!A297,Services,general_services
SER232,SER205,Excavate trenches for multiple ducts; 1850mm (10) wide; backfill with conc; dispose of surplus off site; depth to trench invert: 0.5 - 0.75 m,m,Services,General Services,215.75,Services!I298,215.75,Services!A298,Services,general_services
SER233,SER206,Excavate trenches for multiple ducts; 1850mm (10) wide; backfill with conc; dispose of surplus off site; depth to trench invert: 0.75 - 1.0 m,m,Services,General Services,318.83,Services!I299,318.83,Services!A299,Services,general_services
SER234,SER207,Excavate trenches for multiple ducts; 1850mm (10) wide; backfill with conc; dispose of surplus off site; depth to trench invert: 1 - 1.25 m,m,Services,General Services,421.92,Services!I300,421.92,Services!A300,Services,general_services
SER235,SER208,Excavate trenches for multiple ducts; 1850mm (10) wide; backfill with conc; dispose of surplus off site; depth to trench invert: 1.25 - 1.5 m,m,Services,General Services,525.0,Services!I301,525.0,Services!A301,Services,general_services
SER236,SER209,Excavate trenches for multiple ducts; 2400mm wide; backfill with conc; dispose of surplus off site; depth to trench invert: ne - 0.5 m,m,Services,General Services,144.53,Services!I304,144.53,Services!A304,Services,general_services
SER237,SER210,Excavate trenches for multiple ducts; 2400mm wide; backfill with conc; dispose of surplus off site; depth to trench invert: 0.5 - 0.75 m,m,Services,General Services,277.46,Services!I305,277.46,Services!A305,Services,general_services
SER238,SER211,Excavate trenches for multiple ducts; 2400mm wide; backfill with conc; dispose of surplus off site; depth to trench invert: 0.75 - 1.0 m,m,Services,General Services,410.38,Services!I306,410.38,Services!A306,Services,general_services
SER239,SER212,Excavate trenches for multiple ducts; 2400mm wide; backfill with conc; dispose of surplus off site; depth to trench invert: 1 - 1.25 m,m,Services,General Services,543.3,Services!I307,543.3,Services!A307,Services,general_services
SER240,SER213,Excavate trenches for multiple ducts; 2400mm wide; backfill with conc; dispose of surplus off site; depth to trench invert: 1.25 - 1.5 m,m,Services,General Services,676.22,Services!I308,676.22,Services!A308,Services,general_services
SER241,SER198,EO service trenches for hand excavation,m³,Services,General Services,73.7,Services!I310,73.7,Services!A310,Services,general_services
SER242,SER199,EO exc exploratory trench to locate existing service,m³,Services,General Services,57.73,Services!I311,57.73,Services!A311,Services,general_services
SER243,SER200,EO trenches for breaking out existing tarmac road surface & reinstating on completion,m³,Services,General Services,141.38,Services!I312,141.38,Services!A312,Services,general_services
SER244,SER201,EO drain trenches for breaking out existing tarmac road surface & reinstating on completion; provisional,m³,Services,General Services,123.58,Services!I313,123.58,Services!A313,Services,general_services
SER245,SER202,EO drain trenches for breaking out existing tarmac footpath surface & reinstating on completion; provisional,m³,Services,General Services,78.23,Services!I314,78.23,Services!A314,Services,general_services
SER246,SER203,EO trenches for covering with road plates,m³,Services,General Services,5.22,Services!I315,5.22,Services!A315,Services,general_services
SER247,SER204,EO trenches for breaking out underground obstructions; reinforced concrete,m³,Services,General Services,66.77,Services!I316,66.77,Services!A316,Services,general_services
SER248,SER205,EO trenches for breaking out underground obstructions; plain concrete,m³,Services,General Services,48.56,Services!I317,48.56,Services!A317,Services,general_services
SER249,SER206,EO trenches for breaking out underground obstructions; rock,m³,Services,General Services,35.61,Services!I318,35.61,Services!A318,Services,general_services
SER250,SER207,EO trenches for breaking out underground obstructions; brickwork,m³,Services,General Services,35.61,Services!I319,35.61,Services!A319,Services,general_services
SER251,SER208,EO trenches for excavating by hand around existing services,m³,Services,General Services,80.99,Services!I320,80.99,Services!A320,Services,general_services
SER252,SER209,EO trenches for vacuum excavation,m³,Services,General Services,110.66,Services!I321,110.66,Services!A321,Services,general_services
SER253,SER210,Vacuum excavation; 1 day visit (27m3 max),m³,Services,General Services,3681.6,Services!I322,3681.6,Services!A322,Services,general_services
SER254,SER211,EO trenches for attending M&E contractor installing pipework in trenches,m,Services,General Services,10.68,Services!I323,10.68,Services!A323,Services,"pipe,general_services"
SER255,SER212,EO excs for exc below grd water level (prov),item,Services,General Services,17.79,Services!I324,17.79,Services!A324,Services,general_services
SER256,SER213,EO excs for exc next to extg services (prov),item,Services,General Services,10.71,Services!I325,10.71,Services!A325,Services,general_services
SER257,SER214,EO excs for exc around extg services crossing trench (prov),m³,Services,General Services,33.2,Services!I326,33.2,Services!A326,Services,general_services
SER258,SER215,EO for dewatering; surface & ground water; generally,item,Services,General Services,1613.24,Services!I327,1613.24,Services!A327,Services,general_services
SER259,SER216,EO disposal of arisings from trenches for non hazardous material (prov),m³,Services,General Services,13.88,Services!I328,13.88,Services!A328,Services,general_services
SER260,SER217,EO disposal of arisings from trenches for hazardous material (prov),m³,Services,General Services,166.59,Services!I329,166.59,Services!A329,Services,general_services
SER261,SER218,EO for warning tape,item,Services,General Services,0.53,Services!I330,0.53,Services!A330,Services,general_services
SER262,SER219,EO for metal/magnetic warning tape,item,Services,General Services,0.82,Services!I331,0.82,Services!A331,Services,general_services
SER263,SER220,EO for cable protection tile,m,Services,General Services,2.35,Services!I332,2.35,Services!A332,Services,"cable,general_services"
SER264,SER221,EO for draw cord,item,Services,General Services,1.05,Services!I333,1.05,Services!A333,Services,general_services
SER265,SER222,EO service trenches for attendance on others laying pipes and leave trenches open whilst services are installed,m,Services,General Services,4.02,Services!I334,4.02,Services!A334,Services,"pipe,general_services"
SER266,SER223,EO service trenches for excavating extra space for jointing pit at pipe joints,m,Services,General Services,16.08,Services!I335,16.08,Services!A335,Services,"pipe,general_services"
SER267,SER224,Attendance item; offload and distribute pipes for District Heating installer,m,Services,General Services,4.02,Services!I336,4.02,Services!A336,Services,"pipe,general_services"
SER268,SER231,Bed & surround; sand; for duct size: 100,item,Services,General Services,19.8,Services!I349,19.8,Services!A349,Services,general_services
SER269,SER232,Bed & surround; sand; for duct size: 2nr services in 1 trench; 600 x 400,m³,Services,General Services,23.34,Services!I350,23.34,Services!A350,Services,general_services
SER270,SER233,Bed & surround; sand; for duct size: 3-4nr services in 1 trench; 600 x 550,m³,Services,General Services,25.44,Services!I351,25.44,Services!A351,Services,general_services
SER271,SER234,Bed & surround; sand; for duct size: 5-6nr services in 1 trench; 750 x 550,m³,Services,General Services,32.33,Services!I352,32.33,Services!A352,Services,general_services
SER272,SER235,Bed & surround; sand; for duct size: 7-8nr services in 1 trench; 950 x 550,m³,Services,General Services,41.57,Services!I353,41.57,Services!A353,Services,general_services
SER273,SER236,Bed & surround; sand; for duct size: 9nr services in 1 trench; 750 x 750,m³,Services,General Services,45.23,Services!I354,45.23,Services!A354,Services,general_services
SER274,SER237,Bed & surround; sand; for duct size: 10-12nr services in 1 trench; 950 x 750,m³,Services,General Services,58.06,Services!I355,58.06,Services!A355,Services,general_services
SER275,SER238,Bed & surround; sand; for duct size: 13-15nr services in 1 trench; 1150 x 750,m³,Services,General Services,70.88,Services!I356,70.88,Services!A356,Services,general_services
SER276,SER239,Bed & surround; sand; for duct size: 8nr services in 1 trench; laid flat; 3200 x 600,m³,Services,General Services,161.28,Services!I357,161.28,Services!A357,Services,general_services
SER277,SER240,Bed & surround; sand; for duct size: 125,item,Services,General Services,15.24,Services!I358,15.24,Services!A358,Services,general_services
SER278,SER241,Bed & surround; sand; for duct size: 150,item,Services,General Services,15.71,Services!I359,15.71,Services!A359,Services,general_services
SER279,SER242,Bed & surround; sand; for duct size: 225,item,Services,General Services,19.95,Services!I360,19.95,Services!A360,Services,general_services
SER280,SER243,Bed & surround; sand; for duct size: 300,item,Services,General Services,24.36,Services!I361,24.36,Services!A361,Services,general_services
SER281,SER244,Bed & surround; sand; for duct size: 375,item,Services,General Services,29.21,Services!I362,29.21,Services!A362,Services,general_services
SER282,SER245,Bed & surround; sand; for duct size: 450,item,Services,General Services,33.65,Services!I363,33.65,Services!A363,Services,general_services
SER283,SER246,Bed & surround; sand; for duct size: 525,item,Services,General Services,38.54,Services!I364,38.54,Services!A364,Services,general_services
SER284,SER247,Bed & surround; sand; for duct size: 600,item,Services,General Services,43.58,Services!I365,43.58,Services!A365,Services,general_services
SER285,SER248,Bed & surround; sand; for duct size: Sand bed & surround; various,item,Services,General Services,109.27,Services!I366,109.27,Services!A366,Services,general_services
SER286,SER248,Bed & surround; concrete; for duct size: 100,item,Services,General Services,18.35,Services!I369,18.35,Services!A369,Services,general_services
SER287,SER249,Bed & surround; concrete; for duct size: 150,item,Services,General Services,19.79,Services!I370,19.79,Services!A370,Services,general_services
SER288,SER250,Bed & surround; concrete; for duct size: 225,item,Services,General Services,21.65,Services!I371,21.65,Services!A371,Services,general_services
SER289,SER251,Bed & surround; concrete; for duct size: 300,item,Services,General Services,22.51,Services!I372,22.51,Services!A372,Services,general_services
SER290,SER252,Bed & surround; concrete; for duct size: 375,item,Services,General Services,26.91,Services!I373,26.91,Services!A373,Services,general_services
SER291,SER253,Bed & surround; concrete; for duct size: 450,item,Services,General Services,31.52,Services!I374,31.52,Services!A374,Services,general_services
SER292,SER254,Bed & surround; concrete; for duct size: 525,item,Services,General Services,36.33,Services!I375,36.33,Services!A375,Services,general_services
SER293,SER255,Bed & surround; concrete; for duct size: 600,item,Services,General Services,41.35,Services!I376,41.35,Services!A376,Services,general_services
SER294,SER256,Sleeve through foundation; for duct size: 100,item,Services,General Services,33.52,Services!I378,33.52,Services!A378,Services,general_services
SER295,SER257,Sleeve through foundation; for duct size: 150,item,Services,General Services,34.1,Services!I379,34.1,Services!A379,Services,general_services
SER296,SER258,Sleeve through foundation; for duct size: 225,item,Services,General Services,36.0,Services!I380,36.0,Services!A380,Services,general_services
SER297,SER259,Ducts in trenches; clay; size: 100mm dia,nr,Services,General Services,12.03,Services!I382,12.03,Services!A382,Services,"100mm,general_services"
SER298,SER260,Ducts in trenches; clay; size: 150mm dia,nr,Services,General Services,22.06,Services!I383,22.06,Services!A383,Services,"150mm,general_services"
SER299,SER261,Ducts in trenches; clay; size: 225mm dia,nr,Services,General Services,36.06,Services!I384,36.06,Services!A384,Services,"225mm,general_services"
SER300,SER262,Ducts in trenches; clay; size: 300mm dia,nr,Services,General Services,60.26,Services!I385,60.26,Services!A385,Services,"300mm,general_services"
SER301,SER262,Ducts in trenches; UPVC; size: 50mm dia,nr,Services,General Services,5.48,Services!I387,5.48,Services!A387,Services,"50mm,pvc,general_services"
SER302,SER263,Ducts in trenches; UPVC; size: 63mm dia,nr,Services,General Services,5.61,Services!I388,5.61,Services!A388,Services,"63mm,pvc,general_services"
SER303,SER264,Ducts in trenches; UPVC; size: 80mm dia,nr,Services,General Services,5.87,Services!I389,5.87,Services!A389,Services,"80mm,pvc,general_services"
SER304,SER265,Ducts in trenches; UPVC; size: 90mm dia,nr,Services,General Services,8.15,Services!I390,8.15,Services!A390,Services,"90mm,pvc,general_services"
SER305,SER266,Ducts in trenches; UPVC; size: 110mm dia,nr,Services,General Services,8.73,Services!I391,8.73,Services!A391,Services,"110mm,pvc,general_services"
SER306,SER267,Ducts in trenches; UPVC; size: 110mm dia; lay only free issue,nr,Services,General Services,3.61,Services!I392,3.61,Services!A392,Services,"110mm,pvc,general_services"
SER307,SER268,Ducts in trenches; UPVC; size: 125mm dia,nr,Services,General Services,10.89,Services!I393,10.89,Services!A393,Services,"125mm,pvc,general_services"
SER308,SER269,Ducts in trenches; UPVC; size: 125mm dia,nr,Services,General Services,13.19,Services!I394,13.19,Services!A394,Services,"125mm,pvc,general_services"
SER309,SER270,Ducts in trenches; UPVC; size: 160mm dia,nr,Services,General Services,17.53,Services!I395,17.53,Services!A395,Services,"160mm,pvc,general_services"
SER310,SER271,Ducts in trenches; UPVC; size: 200mm dia,nr,Services,General Services,26.75,Services!I396,26.75,Services!A396,Services,"200mm,pvc,general_services"
SER311,SER272,Ducts in trenches; UPVC; size: 250mm dia,nr,Services,General Services,39.61,Services!I397,39.61,Services!A397,Services,"250mm,pvc,general_services"
SER312,SER273,Ducts in trenches; UPVC; size: 315mm dia,nr,Services,General Services,54.28,Services!I398,54.28,Services!A398,Services,"315mm,pvc,general_services"
SER313,SER274,Ducts in trenches; UPVC; size: 400mm dia,nr,Services,General Services,60.0,Services!I399,60.0,Services!A399,Services,"400mm,pvc,general_services"
SER314,SER275,Pipes in trenches; cast iron; Ensign; size: 100mm dia,nr,Services,Plumbing Works,42.62,Services!I401,42.62,Services!A401,Services,"100mm,pipe,plumbing_works"
SER315,SER276,Pipes in trenches; cast iron; Ensign; size: 150mm dia,nr,Services,Plumbing Works,75.05,Services!I402,75.05,Services!A402,Services,"150mm,pipe,plumbing_works"
SER316,SER277,Pipes in trenches; cast iron; Ensign; size: 250mm dia,nr,Services,Plumbing Works,155.04,Services!I403,155.04,Services!A403,Services,"250mm,pipe,plumbing_works"
SER317,SER278,Pipes in trenches; MDPE; pressurised main; size: 20mm dia pipe,m,Services,Plumbing Works,5.48,Services!I406,5.48,Services!A406,Services,"20mm,pipe,plumbing_works"
SER318,SER279,Pipes in trenches; MDPE; pressurised main; size: 20mm dia; elbow,nr,Services,Plumbing Works,14.85,Services!I407,14.85,Services!A407,Services,"20mm,pipe,plumbing_works"
SER319,SER280,Pipes in trenches; MDPE; pressurised main; size: 20 x 20mm tee,item,Services,Plumbing Works,21.3,Services!I408,21.3,Services!A408,Services,"pipe,plumbing_works"
SER320,SER281,Pipes in trenches; MDPE; pressurised main; size: 25mm dia pipe,m,Services,Plumbing Works,6.32,Services!I410,6.32,Services!A410,Services,"25mm,pipe,plumbing_works"
SER321,SER282,Pipes in trenches; MDPE; pressurised main; size: 25mm dia; elbow,nr,Services,Plumbing Works,19.35,Services!I411,19.35,Services!A411,Services,"25mm,pipe,plumbing_works"
SER322,SER283,Pipes in trenches; MDPE; pressurised main; size: 25 x 25mm tee,item,Services,Plumbing Works,25.19,Services!I412,25.19,Services!A412,Services,"pipe,plumbing_works"
SER323,SER284,Pipes in trenches; MDPE; pressurised main; size: 25 to 20 reducer,item,Services,Plumbing Works,17.4,Services!I413,17.4,Services!A413,Services,"pipe,plumbing_works"
SER324,SER285,Pipes in trenches; MDPE; pressurised main; size: 25mm long radius entry including duct through substructure,m,Services,Plumbing Works,76.4,Services!I414,76.4,Services!A414,Services,"pipe,plumbing_works"
SER325,SER286,Pipes in trenches; MDPE; pressurised main; size: 32mm dia pipe,m,Services,Plumbing Works,9.38,Services!I416,9.38,Services!A416,Services,"32mm,pipe,plumbing_works"
SER326,SER287,Pipes in trenches; MDPE; pressurised main; size: 32mm dia; elbow,nr,Services,Plumbing Works,20.0,Services!I417,20.0,Services!A417,Services,"32mm,pipe,plumbing_works"
SER327,SER288,Pipes in trenches; MDPE; pressurised main; size: 32 x 32mm tee,item,Services,Plumbing Works,37.79,Services!I418,37.79,Services!A418,Services,"pipe,plumbing_works"
SER328,SER289,Pipes in trenches; MDPE; pressurised main; size: 32 x 25mm tee,item,Services,Plumbing Works,37.79,Services!I419,37.79,Services!A419,Services,"pipe,plumbing_works"
SER329,SER290,Pipes in trenches; MDPE; pressurised main; size: 32 to 25 reducer,item,Services,Plumbing Works,21.3,Services!I420,21.3,Services!A420,Services,"pipe,plumbing_works"
SER330,SER291,Pipes in trenches; MDPE; pressurised main; size: 50mm dia pipe,m,Services,Plumbing Works,14.85,Services!I422,14.85,Services!A422,Services,"50mm,pipe,plumbing_works"
SER331,SER292,Pipes in trenches; MDPE; pressurised main; size: 50mm dia; elbow,nr,Services,Plumbing Works,33.89,Services!I423,33.89,Services!A423,Services,"50mm,pipe,plumbing_works"
SER332,SER293,Pipes in trenches; MDPE; pressurised main; size: 50 x 50mm tee,item,Services,Plumbing Works,56.87,Services!I424,56.87,Services!A424,Services,"pipe,plumbing_works"
SER333,SER294,Pipes in trenches; MDPE; pressurised main; size: 50 x 32mm tee,item,Services,Plumbing Works,51.68,Services!I425,51.68,Services!A425,Services,"pipe,plumbing_works"
SER334,SER295,Pipes in trenches; MDPE; pressurised main; size: 50 to 32 reducer,item,Services,Plumbing Works,33.89,Services!I426,33.89,Services!A426,Services,"pipe,plumbing_works"
SER335,SER296,Pipes in trenches; MDPE; pressurised main; size: 63mm dia pipe,m,Services,Plumbing Works,20.91,Services!I428,20.91,Services!A428,Services,"63mm,pipe,plumbing_works"
SER336,SER297,Pipes in trenches; MDPE; pressurised main; size: 63mm dia; elbow,nr,Services,Plumbing Works,45.19,Services!I429,45.19,Services!A429,Services,"63mm,pipe,plumbing_works"
SER337,SER298,Pipes in trenches; MDPE; pressurised main; size: 63 x 63mm tee,item,Services,Plumbing Works,80.76,Services!I430,80.76,Services!A430,Services,"pipe,plumbing_works"
SER338,SER299,Pipes in trenches; MDPE; pressurised main; size: 63 x 50/32/25mm tee,item,Services,Plumbing Works,80.76,Services!I431,80.76,Services!A431,Services,"pipe,plumbing_works"
SER339,SER300,Pipes in trenches; MDPE; pressurised main; size: 63 to 50 reducer,item,Services,Plumbing Works,61.29,Services!I432,61.29,Services!A432,Services,"pipe,plumbing_works"
SER340,SER301,Pipes in trenches; MDPE; pressurised main; size: 90mm dia pipe,m,Services,Plumbing Works,29.93,Services!I434,29.93,Services!A434,Services,"90mm,pipe,plumbing_works"
SER341,SER302,Pipes in trenches; MDPE; pressurised main; size: 90mm dia; elbow,nr,Services,Plumbing Works,87.25,Services!I435,87.25,Services!A435,Services,"90mm,pipe,plumbing_works"
SER342,SER303,Pipes in trenches; MDPE; pressurised main; size: 90 x 90mm tee,item,Services,Plumbing Works,132.68,Services!I436,132.68,Services!A436,Services,"pipe,plumbing_works"
SER343,SER304,Pipes in trenches; MDPE; pressurised main; size: 90 to 63 reducer,item,Services,Plumbing Works,87.25,Services!I437,87.25,Services!A437,Services,"pipe,plumbing_works"
SER344,SER305,Pipes in trenches; MDPE; pressurised main; size: 90mm dia; SV stop valve,nr,Services,Plumbing Works,288.44,Services!I438,288.44,Services!A438,Services,"90mm,pipe,valve,plumbing_works"
SER345,SER306,Pipes in trenches; MDPE; pressurised main; size: 110mm dia pipe,m,Services,Plumbing Works,45.02,Services!I440,45.02,Services!A440,Services,"110mm,pipe,plumbing_works"
SER346,SER307,Pipes in trenches; MDPE; pressurised main; size: 110mm dia; elbow,nr,Services,Plumbing Works,132.68,Services!I441,132.68,Services!A441,Services,"110mm,pipe,plumbing_works"
SER347,SER308,Pipes in trenches; MDPE; pressurised main; size: 110 x 110mm tee,item,Services,Plumbing Works,197.58,Services!I442,197.58,Services!A442,Services,"pipe,plumbing_works"
SER348,SER309,Pipes in trenches; MDPE; pressurised main; size: 110 to 90 reducer,item,Services,Plumbing Works,106.72,Services!I443,106.72,Services!A443,Services,"pipe,plumbing_works"
SER349,SER310,Pipes in trenches; MDPE; pressurised main; size: 125mm dia pipe,m,Services,Plumbing Works,71.61,Services!I445,71.61,Services!A445,Services,"125mm,pipe,plumbing_works"
SER350,SER311,Pipes in trenches; MDPE; pressurised main; size: 125mm dia; elbow,nr,Services,Plumbing Works,145.66,Services!I446,145.66,Services!A446,Services,"125mm,pipe,plumbing_works"
SER351,SER312,Pipes in trenches; MDPE; pressurised main; size: 125 x 125mm tee,item,Services,Plumbing Works,236.52,Services!I447,236.52,Services!A447,Services,"pipe,plumbing_works"
SER352,SER313,Pipes in trenches; MDPE; pressurised main; size: 125 to 110 reducer,item,Services,Plumbing Works,132.68,Services!I448,132.68,Services!A448,Services,"pipe,plumbing_works"
SER353,SER314,Pipes in trenches; MDPE; pressurised main; size: 125mm dia; SV stop valve,nr,Services,Plumbing Works,353.34,Services!I449,353.34,Services!A449,Services,"125mm,pipe,valve,plumbing_works"
SER354,SER315,Pipes in trenches; MDPE; pressurised main; size: 160mm dia pipe,m,Services,Plumbing Works,93.98,Services!I451,93.98,Services!A451,Services,"160mm,pipe,plumbing_works"
SER355,SER316,Pipes in trenches; MDPE; pressurised main; size: 160mm dia; bend,nr,Services,Plumbing Works,158.64,Services!I452,158.64,Services!A452,Services,"160mm,pipe,plumbing_works"
SER356,SER317,Pipes in trenches; MDPE; pressurised main; size: 160 x 50/32/25mm tee,item,Services,Plumbing Works,367.77,Services!I453,367.77,Services!A453,Services,"pipe,plumbing_works"
SER357,SER318,Pipes in trenches; MDPE; pressurised main; size: 160 to 110 reducer,item,Services,Plumbing Works,145.66,Services!I454,145.66,Services!A454,Services,"pipe,plumbing_works"
SER358,SER319,Pipes in trenches; MDPE; Barrier pressurised main; size: 25mm dia pipe,m,Services,Plumbing Works,14.37,Services!I457,14.37,Services!A457,Services,"25mm,pipe,plumbing_works"
SER359,SER320,Pipes in trenches; MDPE; Barrier pressurised main; size: 25mm dia bend,nr,Services,Plumbing Works,31.6,Services!I458,31.6,Services!A458,Services,"25mm,pipe,plumbing_works"
SER360,SER321,Pipes in trenches; MDPE; Barrier pressurised main; size: 25mm dia equal branch,nr,Services,Plumbing Works,60.95,Services!I459,60.95,Services!A459,Services,"25mm,pipe,plumbing_works"
SER361,SER322,Pipes in trenches; MDPE; Barrier pressurised main; size: 25mm dia gate valve,nr,Services,Plumbing Works,162.13,Services!I460,162.13,Services!A460,Services,"25mm,pipe,valve,plumbing_works"
SER362,SER323,Pipes in trenches; MDPE; Barrier pressurised main; size: 32mm dia pipe,m,Services,Plumbing Works,18.17,Services!I462,18.17,Services!A462,Services,"32mm,pipe,plumbing_works"
SER363,SER324,Pipes in trenches; MDPE; Barrier pressurised main; size: 32mm dia bend,nr,Services,Plumbing Works,70.53,Services!I463,70.53,Services!A463,Services,"32mm,pipe,plumbing_works"
SER364,SER325,Pipes in trenches; MDPE; Barrier pressurised main; size: 32mm dia equal branch,nr,Services,Plumbing Works,92.69,Services!I464,92.69,Services!A464,Services,"32mm,pipe,plumbing_works"
SER365,SER326,Pipes in trenches; MDPE; Barrier pressurised main; size: 32mm dia gate valve,nr,Services,Plumbing Works,202.25,Services!I465,202.25,Services!A465,Services,"32mm,pipe,valve,plumbing_works"
SER366,SER327,Pipes in trenches; MDPE; Barrier pressurised main; size: 42mm dia pipe,m,Services,Plumbing Works,33.11,Services!I467,33.11,Services!A467,Services,"42mm,pipe,plumbing_works"
SER367,SER328,Pipes in trenches; MDPE; Barrier pressurised main; size: 50mm dia pipe,m,Services,Plumbing Works,40.21,Services!I468,40.21,Services!A468,Services,"50mm,pipe,plumbing_works"
SER368,SER329,Pipes in trenches; MDPE; Barrier pressurised main; size: 63mm dia pipe,m,Services,Plumbing Works,46.18,Services!I470,46.18,Services!A470,Services,"63mm,pipe,plumbing_works"
SER369,SER330,Pipes in trenches; MDPE; Barrier pressurised main; size: 63mm dia bend,nr,Services,Plumbing Works,154.43,Services!I471,154.43,Services!A471,Services,"63mm,pipe,plumbing_works"
SER370,SER331,Pipes in trenches; MDPE; Barrier pressurised main; size: 63mm dia equal branch,nr,Services,Plumbing Works,199.84,Services!I472,199.84,Services!A472,Services,"63mm,pipe,plumbing_works"
SER371,SER332,Pipes in trenches; MDPE; Barrier pressurised main; size: 63 dia gate valve,nr,Services,Plumbing Works,389.21,Services!I473,389.21,Services!A473,Services,"pipe,valve,plumbing_works"
SER372,SER333,Pipes in trenches; MDPE; Barrier pressurised main; size: 90mm dia pipe,m,Services,Plumbing Works,52.64,Services!I475,52.64,Services!A475,Services,"90mm,pipe,plumbing_works"
SER373,SER334,Pipes in trenches; MDPE; Barrier pressurised main; size: 90mm dia bend,nr,Services,Plumbing Works,145.66,Services!I476,145.66,Services!A476,Services,"90mm,pipe,plumbing_works"
SER374,SER335,Pipes in trenches; MDPE; Barrier pressurised main; size: 90mm dia equal branch,nr,Services,Plumbing Works,236.52,Services!I477,236.52,Services!A477,Services,"90mm,pipe,plumbing_works"
SER375,SER336,Pipes in trenches; MDPE; Barrier pressurised main; size: 90dia gate valve,nr,Services,Plumbing Works,548.04,Services!I478,548.04,Services!A478,Services,"pipe,valve,plumbing_works"
SER376,SER333,Pipes in trenches; MDPE; Barrier pressurised main; size: 100mm dia pipe,m,Services,Plumbing Works,95.71,Services!I480,95.71,Services!A480,Services,"100mm,pipe,plumbing_works"
SER377,SER334,Ductwork accessories & fittings; clay; 100mm dia; bend,nr,Services,General Services,13.62,Services!I483,13.62,Services!A483,Services,"100mm,general_services"
SER378,SER335,Ductwork accessories & fittings; clay; 100mm dia; rocker,nr,Services,General Services,16.9,Services!I484,16.9,Services!A484,Services,"100mm,general_services"
SER379,SER336,Ductwork accessories & fittings; clay; 100mm dia; vertical pipework; inc conc surround,m,Services,Plumbing Works,61.89,Services!I485,61.89,Services!A485,Services,"100mm,pipe,plumbing_works"
SER380,SER337,Ductwork accessories & fittings; clay; 100 x 100 branch,item,Services,General Services,31.84,Services!I486,31.84,Services!A486,Services,general_services
SER381,SER338,Ductwork accessories & fittings; clay; 150mm dia; bend,nr,Services,General Services,25.55,Services!I487,25.55,Services!A487,Services,"150mm,general_services"
SER382,SER339,Ductwork accessories & fittings; clay; 150mm dia; rocker,nr,Services,General Services,29.13,Services!I488,29.13,Services!A488,Services,"150mm,general_services"
SER383,SER340,Ductwork accessories & fittings; clay; 150 x 100 branch,item,Services,General Services,45.41,Services!I489,45.41,Services!A489,Services,general_services
SER384,SER341,Ductwork accessories & fittings; clay; 150 x 150 branch,item,Services,General Services,47.16,Services!I490,47.16,Services!A490,Services,general_services
SER385,SER342,Ductwork accessories & fittings; clay; 150mm dia; vertical pipework; inc conc surround,m,Services,Plumbing Works,81.71,Services!I491,81.71,Services!A491,Services,"150mm,pipe,plumbing_works"
SER386,SER343,Ductwork accessories & fittings; clay; 225mm dia; bend,nr,Services,General Services,84.04,Services!I492,84.04,Services!A492,Services,"225mm,general_services"
SER387,SER344,Ductwork accessories & fittings; clay; 225mm dia; rest bend,nr,Services,General Services,103.97,Services!I493,103.97,Services!A493,Services,"225mm,general_services"
SER388,SER345,Ductwork accessories & fittings; clay; 225mm dia; rocker,nr,Services,General Services,49.21,Services!I494,49.21,Services!A494,Services,"225mm,general_services"
SER389,SER346,Ductwork accessories & fittings; clay; 225 x 100/150 branch,item,Services,General Services,135.79,Services!I495,135.79,Services!A495,Services,general_services
SER390,SER347,Ductwork accessories & fittings; clay; 225 x 225 branch,item,Services,General Services,167.61,Services!I496,167.61,Services!A496,Services,general_services
SER391,SER348,Pipework accessories & fittings; UPVC; 80mm dia rising main with mechanical joints; class C - 9bar rating; bend,nr,Services,Plumbing Works,66.25,Services!I499,66.25,Services!A499,Services,"80mm,pvc,pipe,plumbing_works"
SER392,SER349,Pipework accessories & fittings; UPVC; 80mm dia rising main with mechanical joints; class C - 9bar rating; coupling to plain end/termination,nr,Services,Plumbing Works,61.62,Services!I500,61.62,Services!A500,Services,"80mm,pvc,pipe,plumbing_works"
SER393,SER350,Pipework accessories & fittings; UPVC; 50mm dia; bend,nr,Services,Plumbing Works,15.64,Services!I501,15.64,Services!A501,Services,"50mm,pvc,pipe,plumbing_works"
SER394,SER351,Pipework accessories & fittings; UPVC; 63mm dia; bend,nr,Services,Plumbing Works,16.59,Services!I502,16.59,Services!A502,Services,"63mm,pvc,pipe,plumbing_works"
SER395,SER352,Pipework accessories & fittings; UPVC; 80mm dia; bend,nr,Services,Plumbing Works,17.06,Services!I503,17.06,Services!A503,Services,"80mm,pvc,pipe,plumbing_works"
SER396,SER353,Pipework accessories & fittings; UPVC; 100mm dia; bend,nr,Services,Plumbing Works,17.25,Services!I504,17.25,Services!A504,Services,"100mm,pvc,pipe,plumbing_works"
SER397,SER354,Pipework accessories & fittings; UPVC; 100mm dia; bend; lay only free issue,nr,Services,Plumbing Works,3.61,Services!I505,3.61,Services!A505,Services,"100mm,pvc,pipe,plumbing_works"
SER398,SER355,Pipework accessories & fittings; UPVC; 100mm dia; long radius bend,nr,Services,Plumbing Works,27.14,Services!I506,27.14,Services!A506,Services,"100mm,pvc,pipe,plumbing_works"
SER399,SER356,Pipework accessories & fittings; UPVC; 100mm dia; rest bend,nr,Services,Plumbing Works,27.14,Services!I507,27.14,Services!A507,Services,"100mm,pvc,pipe,plumbing_works"
SER400,SER357,Pipework accessories & fittings; UPVC; 100mm dia; rocker,nr,Services,Plumbing Works,19.2,Services!I508,19.2,Services!A508,Services,"100mm,pvc,pipe,plumbing_works"
SER401,SER358,Pipework accessories & fittings; UPVC; 100mm dia; vertical pipework; inc conc surround,m,Services,Plumbing Works,57.62,Services!I509,57.62,Services!A509,Services,"100mm,pvc,pipe,plumbing_works"
SER402,SER359,Pipework accessories & fittings; UPVC; 100 x 100 branch,item,Services,Plumbing Works,24.77,Services!I510,24.77,Services!A510,Services,"pvc,pipe,plumbing_works"
SER403,SER360,Pipework accessories & fittings; UPVC; 125mm dia; bend,nr,Services,Plumbing Works,20.66,Services!I511,20.66,Services!A511,Services,"125mm,pvc,pipe,plumbing_works"
SER404,SER361,Pipework accessories & fittings; UPVC; 125mm dia; long radius bend,nr,Services,Plumbing Works,26.62,Services!I512,26.62,Services!A512,Services,"125mm,pvc,pipe,plumbing_works"
SER405,SER362,Pipework accessories & fittings; UPVC; 125mm dia; rocker,nr,Services,Plumbing Works,19.2,Services!I513,19.2,Services!A513,Services,"125mm,pvc,pipe,plumbing_works"
SER406,SER363,Pipework accessories & fittings; UPVC; 160mm dia; bend,nr,Services,Plumbing Works,37.07,Services!I514,37.07,Services!A514,Services,"160mm,pvc,pipe,plumbing_works"
SER407,SER364,Pipework accessories & fittings; UPVC; 160mm dia; long radius bend,nr,Services,Plumbing Works,37.07,Services!I515,37.07,Services!A515,Services,"160mm,pvc,pipe,plumbing_works"
SER408,SER365,Pipework accessories & fittings; UPVC; 160mm dia; rest bend,nr,Services,Plumbing Works,41.86,Services!I516,41.86,Services!A516,Services,"160mm,pvc,pipe,plumbing_works"
SER409,SER366,Pipework accessories & fittings; UPVC; 160mm dia; rocker,nr,Services,Plumbing Works,35.49,Services!I517,35.49,Services!A517,Services,"160mm,pvc,pipe,plumbing_works"
SER410,SER367,Pipework accessories & fittings; UPVC; 160 x 100 branch,item,Services,Plumbing Works,53.12,Services!I518,53.12,Services!A518,Services,"pvc,pipe,plumbing_works"
SER411,SER368,Pipework accessories & fittings; UPVC; 160 x 160 branch,item,Services,Plumbing Works,69.44,Services!I519,69.44,Services!A519,Services,"pvc,pipe,plumbing_works"
SER412,SER369,Pipework accessories & fittings; UPVC; 160mm dia; vertical pipework; inc conc surround,m,Services,Plumbing Works,86.88,Services!I520,86.88,Services!A520,Services,"160mm,pvc,pipe,plumbing_works"
SER413,SER370,Pipework accessories & fittings; UPVC; 200mm dia; bend,nr,Services,Plumbing Works,105.51,Services!I521,105.51,Services!A521,Services,"200mm,pvc,pipe,plumbing_works"
SER414,SER371,Pipework accessories & fittings; UPVC; 200mm dia; rocker,nr,Services,Plumbing Works,106.21,Services!I522,106.21,Services!A522,Services,"200mm,pvc,pipe,plumbing_works"
SER415,SER372,Pipework accessories & fittings; UPVC; 200 x 100/160 branch,item,Services,Plumbing Works,75.63,Services!I523,75.63,Services!A523,Services,"pvc,pipe,plumbing_works"
SER416,SER373,Pipework accessories & fittings; UPVC; 200 x 200 branch,item,Services,Plumbing Works,89.92,Services!I524,89.92,Services!A524,Services,"pvc,pipe,plumbing_works"
SER417,SER374,Pipework accessories & fittings; UPVC; 250mm dia; bend,nr,Services,Plumbing Works,366.56,Services!I525,366.56,Services!A525,Services,"250mm,pvc,pipe,plumbing_works"
SER418,SER375,Pipework accessories & fittings; UPVC; 250mm dia; rocker,nr,Services,Plumbing Works,172.67,Services!I526,172.67,Services!A526,Services,"250mm,pvc,pipe,plumbing_works"
SER419,SER376,Pipework accessories & fittings; UPVC; 250 x 100/160 branch,item,Services,Plumbing Works,183.94,Services!I527,183.94,Services!A527,Services,"pvc,pipe,plumbing_works"
SER420,SER377,Pipework accessories & fittings; UPVC; 250 x 250 branch,item,Services,Plumbing Works,267.83,Services!I528,267.83,Services!A528,Services,"pvc,pipe,plumbing_works"
SER421,SER378,Pipework accessories & fittings; Cast Iron; Ensign; 100mm dia; bend,nr,Services,Plumbing Works,58.27,Services!I530,58.27,Services!A530,Services,"100mm,pipe,plumbing_works"
SER422,SER379,Pipework accessories & fittings; Cast Iron; Ensign; 100mm dia; rest bend,nr,Services,Plumbing Works,68.54,Services!I531,68.54,Services!A531,Services,"100mm,pipe,plumbing_works"
SER423,SER380,Pipework accessories & fittings; Cast Iron; Ensign; 100mm dia; rocker,nr,Services,Plumbing Works,42.86,Services!I532,42.86,Services!A532,Services,"100mm,pipe,plumbing_works"
SER424,SER381,Pipework accessories & fittings; Cast Iron; Ensign; 100mm dia; vertical pipework; inc conc surround,m,Services,Plumbing Works,96.86,Services!I533,96.86,Services!A533,Services,"100mm,pipe,plumbing_works"
SER425,SER382,Pipework accessories & fittings; Cast Iron; Ensign; 100 x 100 branch,item,Services,Plumbing Works,70.71,Services!I534,70.71,Services!A534,Services,"pipe,plumbing_works"
SER426,SER383,Pipework accessories & fittings; Cast Iron; Ensign; 150mm dia; bend,nr,Services,Plumbing Works,147.41,Services!I535,147.41,Services!A535,Services,"150mm,pipe,plumbing_works"
SER427,SER384,Pipework accessories & fittings; Cast Iron; Ensign; 150mm dia; rest bend,nr,Services,Plumbing Works,151.69,Services!I536,151.69,Services!A536,Services,"150mm,pipe,plumbing_works"
SER428,SER385,Pipework accessories & fittings; Cast Iron; Ensign; 150mm dia; rocker,nr,Services,Plumbing Works,81.66,Services!I537,81.66,Services!A537,Services,"150mm,pipe,plumbing_works"
SER429,SER386,Pipework accessories & fittings; Cast Iron; Ensign; 150 x 100 branch,item,Services,Plumbing Works,156.27,Services!I538,156.27,Services!A538,Services,"pipe,plumbing_works"
SER430,SER387,Pipework accessories & fittings; Cast Iron; Ensign; 150 x 150 branch,item,Services,Plumbing Works,167.85,Services!I539,167.85,Services!A539,Services,"pipe,plumbing_works"
SER431,SER388,Pipework accessories & fittings; Cast Iron; Ensign; 150mm dia; vertical pipework; inc conc surround,m,Services,Plumbing Works,139.76,Services!I540,139.76,Services!A540,Services,"150mm,pipe,plumbing_works"
SER432,SER389,Pipework accessories & fittings; Cast Iron; Ensign; 250mm dia; bend,nr,Services,Plumbing Works,279.0,Services!I541,279.0,Services!A541,Services,"250mm,pipe,plumbing_works"
SER433,SER390,Pipework accessories & fittings; Cast Iron; Ensign; 250mm dia; rocker,nr,Services,Plumbing Works,200.19,Services!I542,200.19,Services!A542,Services,"250mm,pipe,plumbing_works"
SER434,SER391,Pipework accessories & fittings; Cast Iron; Ensign; 250 x 250 branch,item,Services,Plumbing Works,533.29,Services!I543,533.29,Services!A543,Services,"pipe,plumbing_works"
SER435,SER392,"Composite all in rates; 0.50m deep trench b/fill wi SEM, 100 UPVC duct, sand B&S, warning tape & draw cord",m,Services,General Services,48.42,Services!I546,48.42,Services!A546,Services,"pvc,general_services"
SER436,SER393,"Composite all in rates; 0.75m deep trench b/fill wi SEM, 100 UPVC duct, sand B&S, warning tape & draw cord",m,Services,General Services,53.02,Services!I547,53.02,Services!A547,Services,"pvc,general_services"
SER437,SER394,"Composite all in rates; 1.0m deep trench b/fill wi SEM, 100 UPVC duct, sand B&S, warning tape & draw cord",m,Services,General Services,57.63,Services!I548,57.63,Services!A548,Services,"pvc,general_services"
SER438,SER395,"Composite all in rates; 0.50m deep trench b/fill wi 6F2, 100 UPVC duct, sand B&S, warning tape & draw cord",m,Services,General Services,54.4,Services!I549,54.4,Services!A549,Services,"pvc,general_services"
SER439,SER396,"Composite all in rates; 0.75m deep trench b/fill wi 6F2, 100 UPVC duct, sand B&S, warning tape & draw cord",m,Services,General Services,68.97,Services!I550,68.97,Services!A550,Services,"pvc,general_services"
SER440,SER397,"Composite all in rates; 1.0m deep trench b/fill wi 6F2, 100 UPVC duct, sand B&S, warning tape & draw cord",m,Services,General Services,83.55,Services!I551,83.55,Services!A551,Services,"pvc,general_services"
SER441,SER398,"Composite all in rates; 0.75m deep trench b/fill wi SEM, pipe ne 100 dia by others, sand B&S & warning tape",m,Services,Plumbing Works,43.24,Services!I553,43.24,Services!A553,Services,"pipe,plumbing_works"
SER442,SER399,"Composite all in rates; 1.0m deep trench b/fill wi SEM, pipe ne 100 dia by others, sand B&S & warning tape",m,Services,Plumbing Works,47.84,Services!I554,47.84,Services!A554,Services,"pipe,plumbing_works"
SER443,SER400,"Composite all in rates; 0.75m deep trench b/fill wi 6F2, pipe ne 100 dia by others, sand B&S & warning tape",m,Services,Plumbing Works,59.19,Services!I555,59.19,Services!A555,Services,"pipe,plumbing_works"
SER444,SER401,"Composite all in rates; 1.00m deep trench b/fill wi 6F2, pipe ne 100 dia by others, sand B&S & warning tape",m,Services,Plumbing Works,73.76,Services!I556,73.76,Services!A556,Services,"pipe,plumbing_works"
SER445,SER392,"Draw pits, chambers, inspection pits, etc; ne",m,Services,General Services,176.45,Services!I560,176.45,Services!A560,Services,general_services
SER446,SER393,"Draw pits, chambers, inspection pits, etc; ne",m,Services,General Services,88.31,Services!I568,88.31,Services!A568,Services,general_services
SER447,SER394,"Draw pits, chambers, inspection pits, etc; 0.5",m,Services,General Services,113.41,Services!I569,113.41,Services!A569,Services,general_services
SER448,SER395,"Draw pits, chambers, inspection pits, etc; 0.75",m,Services,General Services,138.51,Services!I570,138.51,Services!A570,Services,general_services
SER449,SER396,"Draw pits, chambers, inspection pits, etc; ne",m,Services,General Services,140.36,Services!I574,140.36,Services!A574,Services,general_services
SER450,SER397,"Draw pits, chambers, inspection pits, etc; ne",item,Services,General Services,154.39,Services!I576,154.39,Services!A576,Services,general_services
SER451,SER398,"Draw pits, chambers, inspection pits, etc; 100",item,Services,General Services,177.99,Services!I577,177.99,Services!A577,Services,general_services
SER452,SER399,"Draw pits, chambers, inspection pits, etc; 150",item,Services,General Services,231.09,Services!I578,231.09,Services!A578,Services,general_services
SER453,SER400,"Draw pits, chambers, inspection pits, etc; 200",item,Services,General Services,284.19,Services!I579,284.19,Services!A579,Services,general_services
SER454,SER401,"Draw pits, chambers, inspection pits, etc; Instal only Lighting Bollard",nr,Services,General Services,100.32,Services!I581,100.32,Services!A581,Services,"light,general_services"
SER455,SER402,"Draw pits, chambers, inspection pits, etc; Instal only Lamp column",item,Services,General Services,237.02,Services!I582,237.02,Services!A582,Services,general_services
SER456,SER403,"Draw pits, chambers, inspection pits, etc; Instal only Feeder Pillars",item,Services,General Services,238.13,Services!I583,238.13,Services!A583,Services,general_services
SER457,SER404,"Draw pits, chambers, inspection pits, etc; Temporary marker posts",item,Services,General Services,71.47,Services!I584,71.47,Services!A584,Services,general_services
SER458,SER405,"Draw pits, chambers, inspection pits, etc; 900",item,Services,General Services,114.08,Services!I586,114.08,Services!A586,Services,general_services
SER459,SER406,"Draw pits, chambers, inspection pits, etc; ne",m,Services,General Services,315.11,Services!I589,315.11,Services!A589,Services,general_services
SER460,SER407,"Draw pits, chambers, inspection pits, etc; 0.5",m,Services,General Services,376.15,Services!I590,376.15,Services!A590,Services,general_services
SER461,SER408,"Draw pits, chambers, inspection pits, etc; 0.75",m,Services,General Services,437.19,Services!I591,437.19,Services!A591,Services,general_services
SER462,SER409,"Draw pits, chambers, inspection pits, etc; 1",m,Services,General Services,498.23,Services!I592,498.23,Services!A592,Services,general_services
SER463,SER410,"Draw pits, chambers, inspection pits, etc; 1.25",m,Services,General Services,559.27,Services!I593,559.27,Services!A593,Services,general_services
SER464,SER411,"Draw pits, chambers, inspection pits, etc; 1.5",m,Services,General Services,620.31,Services!I594,620.31,Services!A594,Services,general_services
SER465,SER412,"Draw pits, chambers, inspection pits, etc; 1.75",m,Services,General Services,681.34,Services!I595,681.34,Services!A595,Services,general_services
SER466,SER413,"Draw pits, chambers, inspection pits, etc; EO for B125 cover & frame",item,Services,General Services,21.83,Services!I596,21.83,Services!A596,Services,general_services
SER467,SER414,"Draw pits, chambers, inspection pits, etc; 0.5",m,Services,General Services,406.82,Services!I598,406.82,Services!A598,Services,general_services
SER468,SER415,"Draw pits, chambers, inspection pits, etc; 0.75",m,Services,General Services,472.44,Services!I599,472.44,Services!A599,Services,general_services
SER469,SER416,"Draw pits, chambers, inspection pits, etc; 1",m,Services,General Services,538.05,Services!I600,538.05,Services!A600,Services,general_services
SER470,SER417,"Draw pits, chambers, inspection pits, etc; 1.25",m,Services,General Services,603.66,Services!I601,603.66,Services!A601,Services,general_services
SER471,SER418,"Draw pits, chambers, inspection pits, etc; EO for C250 cover & frame",item,Services,General Services,53.1,Services!I602,53.1,Services!A602,Services,general_services
SER472,SER419,"Draw pits, chambers, inspection pits, etc; EO for D400 cover & frame",item,Services,General Services,112.1,Services!I603,112.1,Services!A603,Services,general_services
SER473,SER419,"Draw pits, chambers, inspection pits, etc; 0.5",m,Services,General Services,274.26,Services!I605,274.26,Services!A605,Services,general_services
SER474,SER420,"Draw pits, chambers, inspection pits, etc; 0.75",m,Services,General Services,322.02,Services!I606,322.02,Services!A606,Services,general_services
SER475,SER421,"Draw pits, chambers, inspection pits, etc; 1",m,Services,General Services,369.79,Services!I607,369.79,Services!A607,Services,general_services
SER476,SER422,"Draw pits, chambers, inspection pits, etc; 1.25",m,Services,General Services,417.55,Services!I608,417.55,Services!A608,Services,general_services
SER477,SER423,"Draw pits, chambers, inspection pits, etc; 0.5",m,Services,General Services,508.53,Services!I610,508.53,Services!A610,Services,general_services
SER478,SER424,"Draw pits, chambers, inspection pits, etc; 0.75",m,Services,General Services,590.55,Services!I611,590.55,Services!A611,Services,general_services
SER479,SER425,"Draw pits, chambers, inspection pits, etc; 1",m,Services,General Services,672.56,Services!I612,672.56,Services!A612,Services,general_services
SER480,SER426,"Draw pits, chambers, inspection pits, etc; 1.25",m,Services,General Services,754.58,Services!I613,754.58,Services!A613,Services,general_services
SER481,SER427,"Draw pits, chambers, inspection pits, etc; 0.5",m,Services,General Services,675.33,Services!I615,675.33,Services!A615,Services,general_services
SER482,SER428,"Draw pits, chambers, inspection pits, etc; 0.75",m,Services,General Services,784.25,Services!I616,784.25,Services!A616,Services,general_services
SER483,SER429,"Draw pits, chambers, inspection pits, etc; 1",m,Services,General Services,893.16,Services!I617,893.16,Services!A617,Services,general_services
SER484,SER430,"Draw pits, chambers, inspection pits, etc; 1.25",m,Services,General Services,1002.08,Services!I618,1002.08,Services!A618,Services,general_services
SER485,SER431,"Draw pits, chambers, inspection pits, etc; ne",m,Services,General Services,785.98,Services!I620,785.98,Services!A620,Services,general_services
SER486,SER432,"Draw pits, chambers, inspection pits, etc; 0.5",m,Services,General Services,976.77,Services!I621,976.77,Services!A621,Services,general_services
SER487,SER433,"Draw pits, chambers, inspection pits, etc; 0.75",m,Services,General Services,1167.57,Services!I622,1167.57,Services!A622,Services,general_services
SER488,SER434,"Draw pits, chambers, inspection pits, etc; 1",m,Services,General Services,1358.37,Services!I623,1358.37,Services!A623,Services,general_services
SER489,SER435,"Draw pits, chambers, inspection pits, etc; 1.25",m,Services,General Services,1549.17,Services!I624,1549.17,Services!A624,Services,general_services
SER490,SER436,"Draw pits, chambers, inspection pits, etc; ne",m,Services,General Services,894.04,Services!I626,894.04,Services!A626,Services,general_services
SER491,SER437,"Draw pits, chambers, inspection pits, etc; 0.5",m,Services,General Services,1117.56,Services!I627,1117.56,Services!A627,Services,general_services
SER492,SER438,"Draw pits, chambers, inspection pits, etc; 0.75",m,Services,General Services,1341.07,Services!I628,1341.07,Services!A628,Services,general_services
SER493,SER439,"Draw pits, chambers, inspection pits, etc; 1",m,Services,General Services,1564.58,Services!I629,1564.58,Services!A629,Services,general_services
SER494,SER440,"Draw pits, chambers, inspection pits, etc; 1.25",m,Services,General Services,1788.09,Services!I630,1788.09,Services!A630,Services,general_services
SER495,SER441,"Draw pits, chambers, inspection pits, etc; 1.5",m,Services,General Services,2011.6,Services!I631,2011.6,Services!A631,Services,general_services
SER496,SER442,"Draw pits, chambers, inspection pits, etc; 1.75",m,Services,General Services,2235.11,Services!I632,2235.11,Services!A632,Services,general_services
SER497,SER443,"Draw pits, chambers, inspection pits, etc; 2",m,Services,General Services,2458.63,Services!I633,2458.63,Services!A633,Services,general_services
SER498,SER441,"Draw pits, chambers, inspection pits, etc; 1000 wde x 500 dp",item,Services,General Services,849.6,Services!I635,849.6,Services!A635,Services,general_services
SER499,SER442,"Draw pits, chambers, inspection pits, etc; 0.5",m,Services,General Services,783.51,Services!I637,783.51,Services!A637,Services,general_services
SER500,SER443,"Draw pits, chambers, inspection pits, etc; 0.75",m,Services,General Services,926.74,Services!I638,926.74,Services!A638,Services,general_services
SER501,SER444,"Draw pits, chambers, inspection pits, etc; 1",m,Services,General Services,1069.98,Services!I639,1069.98,Services!A639,Services,general_services
SER502,SER445,"Draw pits, chambers, inspection pits, etc; 1.25",m,Services,General Services,1213.22,Services!I640,1213.22,Services!A640,Services,general_services
SER503,SER446,"Draw pits, chambers, inspection pits, etc; 1.5",m,Services,General Services,1356.46,Services!I641,1356.46,Services!A641,Services,general_services
SER504,SER447,"Draw pits, chambers, inspection pits, etc; 0.5",m,Services,General Services,868.05,Services!I643,868.05,Services!A643,Services,general_services
SER505,SER448,"Draw pits, chambers, inspection pits, etc; 0.75",m,Services,General Services,1029.99,Services!I644,1029.99,Services!A644,Services,general_services
SER506,SER449,"Draw pits, chambers, inspection pits, etc; 1",m,Services,General Services,1191.93,Services!I645,1191.93,Services!A645,Services,general_services
SER507,SER450,"Draw pits, chambers, inspection pits, etc; 1.25",m,Services,General Services,1353.87,Services!I646,1353.87,Services!A646,Services,general_services
SER508,SER451,"Draw pits, chambers, inspection pits, etc; 1.5",m,Services,General Services,1515.81,Services!I647,1515.81,Services!A647,Services,general_services
SER509,SER452,"Draw pits, chambers, inspection pits, etc; 0.5",m,Services,General Services,970.09,Services!I649,970.09,Services!A649,Services,general_services
SER510,SER453,"Draw pits, chambers, inspection pits, etc; 0.75",m,Services,General Services,1157.86,Services!I650,1157.86,Services!A650,Services,general_services
SER511,SER454,"Draw pits, chambers, inspection pits, etc; 1",m,Services,General Services,1345.64,Services!I651,1345.64,Services!A651,Services,general_services
SER512,SER455,"Draw pits, chambers, inspection pits, etc; 1.25",m,Services,General Services,1533.41,Services!I652,1533.41,Services!A652,Services,general_services
SER513,SER456,"Draw pits, chambers, inspection pits, etc; 1.5",m,Services,General Services,1721.19,Services!I653,1721.19,Services!A653,Services,general_services
SER514,SER457,"Draw pits, chambers, inspection pits, etc; 0.5",m,Services,General Services,1044.3,Services!I655,1044.3,Services!A655,Services,general_services
SER515,SER458,"Draw pits, chambers, inspection pits, etc; 0.75",m,Services,General Services,1249.71,Services!I656,1249.71,Services!A656,Services,general_services
SER516,SER459,"Draw pits, chambers, inspection pits, etc; 1",m,Services,General Services,1455.12,Services!I657,1455.12,Services!A657,Services,general_services
SER517,SER460,"Draw pits, chambers, inspection pits, etc; 1.25",m,Services,General Services,1660.53,Services!I658,1660.53,Services!A658,Services,general_services
SER518,SER461,"Draw pits, chambers, inspection pits, etc; 1.5",m,Services,General Services,1865.94,Services!I659,1865.94,Services!A659,Services,general_services
SER519,SER462,"Draw pits, chambers, inspection pits, etc; 0.5",m,Services,General Services,942.82,Services!I661,942.82,Services!A661,Services,general_services
SER520,SER463,"Draw pits, chambers, inspection pits, etc; 0.75",m,Services,General Services,1109.95,Services!I662,1109.95,Services!A662,Services,general_services
SER521,SER464,"Draw pits, chambers, inspection pits, etc; 1",m,Services,General Services,1277.08,Services!I663,1277.08,Services!A663,Services,general_services
SER522,SER465,"Draw pits, chambers, inspection pits, etc; 1.25",m,Services,General Services,1444.2,Services!I664,1444.2,Services!A664,Services,general_services
SER523,SER466,"Draw pits, chambers, inspection pits, etc; 1.5",m,Services,General Services,1611.33,Services!I665,1611.33,Services!A665,Services,general_services
SER524,SER467,"Draw pits, chambers, inspection pits, etc; 1.75",m,Services,General Services,1778.46,Services!I666,1778.46,Services!A666,Services,general_services
SER525,SER468,"Draw pits, chambers, inspection pits, etc; 2",m,Services,General Services,1945.59,Services!I667,1945.59,Services!A667,Services,general_services
SER526,SER469,"Draw pits, chambers, inspection pits, etc; 2.25",m,Services,General Services,2112.72,Services!I668,2112.72,Services!A668,Services,general_services
SER527,SER470,"Draw pits, chambers, inspection pits, etc; 2.5",m,Services,General Services,2279.85,Services!I669,2279.85,Services!A669,Services,general_services
SER528,SER471,"Draw pits, chambers, inspection pits, etc; 2.75",m,Services,General Services,2446.97,Services!I670,2446.97,Services!A670,Services,general_services
SER529,SER472,"Draw pits, chambers, inspection pits, etc; 0.75",m,Services,General Services,1297.35,Services!I672,1297.35,Services!A672,Services,general_services
SER530,SER473,"Draw pits, chambers, inspection pits, etc; 1",m,Services,General Services,1489.21,Services!I673,1489.21,Services!A673,Services,general_services
SER531,SER474,"Draw pits, chambers, inspection pits, etc; 1.25",m,Services,General Services,1681.06,Services!I674,1681.06,Services!A674,Services,general_services
SER532,SER475,"Draw pits, chambers, inspection pits, etc; 1.5",m,Services,General Services,1872.92,Services!I675,1872.92,Services!A675,Services,general_services
SER533,SER476,"Draw pits, chambers, inspection pits, etc; 1.75",m,Services,General Services,2064.77,Services!I676,2064.77,Services!A676,Services,general_services
SER534,SER477,"Draw pits, chambers, inspection pits, etc; 2",m,Services,General Services,2256.63,Services!I677,2256.63,Services!A677,Services,general_services
SER535,SER478,"Draw pits, chambers, inspection pits, etc; 2.25",m,Services,General Services,2448.48,Services!I678,2448.48,Services!A678,Services,general_services
SER536,SER479,"Draw pits, chambers, inspection pits, etc; 2.5",m,Services,General Services,2640.34,Services!I679,2640.34,Services!A679,Services,general_services
SER537,SER480,"Draw pits, chambers, inspection pits, etc; 2.75",m,Services,General Services,2832.2,Services!I680,2832.2,Services!A680,Services,general_services
SER538,SER481,"Draw pits, chambers, inspection pits, etc; 3",m,Services,General Services,3024.05,Services!I681,3024.05,Services!A681,Services,general_services
SER539,SER482,"Draw pits, chambers, inspection pits, etc; 3.25",m,Services,General Services,3215.91,Services!I682,3215.91,Services!A682,Services,general_services
SER540,SER483,"Draw pits, chambers, inspection pits, etc; 0.75",m,Services,General Services,2044.5,Services!I684,2044.5,Services!A684,Services,general_services
SER541,SER484,"Draw pits, chambers, inspection pits, etc; 1",m,Services,General Services,2328.88,Services!I685,2328.88,Services!A685,Services,general_services
SER542,SER485,"Draw pits, chambers, inspection pits, etc; 1.25",m,Services,General Services,2613.26,Services!I686,2613.26,Services!A686,Services,general_services
SER543,SER486,"Draw pits, chambers, inspection pits, etc; 1.5",m,Services,General Services,2897.63,Services!I687,2897.63,Services!A687,Services,general_services
SER544,SER487,"Draw pits, chambers, inspection pits, etc; 1.75",m,Services,General Services,3182.01,Services!I688,3182.01,Services!A688,Services,general_services
SER545,SER488,Excavate pits; ne 1m dp,item,Services,"Manholes, chambers, etc - Component measure",20.07,Services!I691,20.07,Services!A691,Services,"manholes,_chambers,_etc_-_component_measure"
SER546,SER489,Excavate pits; ne 2m dp,item,Services,"Manholes, chambers, etc - Component measure",22.58,Services!I692,22.58,Services!A692,Services,"manholes,_chambers,_etc_-_component_measure"
SER547,SER490,Excavate pits; ne 4m dp,item,Services,"Manholes, chambers, etc - Component measure",25.8,Services!I693,25.8,Services!A693,Services,"manholes,_chambers,_etc_-_component_measure"
SER548,SER491,Excavate pits; ne 6m dp,item,Services,"Manholes, chambers, etc - Component measure",41.05,Services!I694,41.05,Services!A694,Services,"manholes,_chambers,_etc_-_component_measure"
SER549,SER492,Excavate pits; ne 8m dp,item,Services,"Manholes, chambers, etc - Component measure",72.25,Services!I695,72.25,Services!A695,Services,"manholes,_chambers,_etc_-_component_measure"
SER550,SER493,EO exc for break out concrete,item,Services,"Manholes, chambers, etc - Component measure",48.56,Services!I696,48.56,Services!A696,Services,"manholes,_chambers,_etc_-_component_measure"
SER551,SER494,EO exc for break out tarmac; 150mm thk,item,Services,"Manholes, chambers, etc - Component measure",3.97,Services!I697,3.97,Services!A697,Services,"manholes,_chambers,_etc_-_component_measure"
SER552,SER495,Dispose of arisings off site,item,Services,"Manholes, chambers, etc - Component measure",44.25,Services!I698,44.25,Services!A698,Services,"manholes,_chambers,_etc_-_component_measure"
SER553,SER496,EWS; ne 1m dp,item,Services,"Manholes, chambers, etc - Component measure",1.02,Services!I699,1.02,Services!A699,Services,"manholes,_chambers,_etc_-_component_measure"
SER554,SER497,EWS; ne 2m dp,item,Services,"Manholes, chambers, etc - Component measure",10.16,Services!I700,10.16,Services!A700,Services,"manholes,_chambers,_etc_-_component_measure"
SER555,SER498,EWS; ne 4m dp,item,Services,"Manholes, chambers, etc - Component measure",18.62,Services!I701,18.62,Services!A701,Services,"manholes,_chambers,_etc_-_component_measure"
SER556,SER499,EWS; ne 6m dp,item,Services,"Manholes, chambers, etc - Component measure",50.08,Services!I702,50.08,Services!A702,Services,"manholes,_chambers,_etc_-_component_measure"
SER557,SER500,EWS; ne 8m dp,item,Services,"Manholes, chambers, etc - Component measure",139.63,Services!I703,139.63,Services!A703,Services,"manholes,_chambers,_etc_-_component_measure"
SER558,SER501,Working space; backfill with SEM,item,Services,"Manholes, chambers, etc - Component measure",83.48,Services!I704,83.48,Services!A704,Services,"manholes,_chambers,_etc_-_component_measure"
SER559,SER502,Working space; backfill with type 1,item,Services,"Manholes, chambers, etc - Component measure",27.9,Services!I705,27.9,Services!A705,Services,"manholes,_chambers,_etc_-_component_measure"
SER560,SER503,L&C bottom of excavation,m³,Services,"Manholes, chambers, etc - Component measure",1.51,Services!I706,1.51,Services!A706,Services,"manholes,_chambers,_etc_-_component_measure"
SER561,SER504,GEN1 blinding; 50mm thk,item,Services,"Manholes, chambers, etc - Component measure",9.41,Services!I707,9.41,Services!A707,Services,"manholes,_chambers,_etc_-_component_measure"
SER562,SER505,GEN1 blinding; 50mm thk,item,Services,"Manholes, chambers, etc - Component measure",188.16,Services!I708,188.16,Services!A708,Services,"manholes,_chambers,_etc_-_component_measure"
SER563,SER506,Pln concrete bed; 150-450mm thk,item,Services,"Manholes, chambers, etc - Component measure",20.5,Services!I709,20.5,Services!A709,Services,"manholes,_chambers,_etc_-_component_measure"
SER564,SER507,Watertight conc in in-situ base slab; C40 Pudlo,item,Services,"Manholes, chambers, etc - Component measure",240.07,Services!I710,240.07,Services!A710,Services,"manholes,_chambers,_etc_-_component_measure"
SER565,SER508,Formwork; edge of bed; ne 250mm; curved,item,Services,"Manholes, chambers, etc - Component measure",15.6,Services!I711,15.6,Services!A711,Services,"manholes,_chambers,_etc_-_component_measure"
SER566,SER509,Formwork; edge of bed; 250-500mm,item,Services,"Manholes, chambers, etc - Component measure",18.57,Services!I712,18.57,Services!A712,Services,"manholes,_chambers,_etc_-_component_measure"
SER567,SER510,Reinforcement; in base slab; allow 150kg/m3,item,Services,"Manholes, chambers, etc - Component measure",1769.62,Services!I713,1769.62,Services!A713,Services,"manholes,_chambers,_etc_-_component_measure"
SER568,SER511,Surface finishes; tamp finish,item,Services,"Manholes, chambers, etc - Component measure",1.46,Services!I714,1.46,Services!A714,Services,"manholes,_chambers,_etc_-_component_measure"
SER569,SER512,Benching; 1050 dia,item,Services,"Manholes, chambers, etc - Component measure",31.2,Services!I715,31.2,Services!A715,Services,"manholes,_chambers,_etc_-_component_measure"
SER570,SER513,Benching; 1200 dia,item,Services,"Manholes, chambers, etc - Component measure",39.6,Services!I716,39.6,Services!A716,Services,"manholes,_chambers,_etc_-_component_measure"
SER571,SER514,Benching; 1500 dia,item,Services,"Manholes, chambers, etc - Component measure",62.41,Services!I717,62.41,Services!A717,Services,"manholes,_chambers,_etc_-_component_measure"
SER572,SER515,Benching; 1800 dia,item,Services,"Manholes, chambers, etc - Component measure",92.43,Services!I718,92.43,Services!A718,Services,"manholes,_chambers,_etc_-_component_measure"
SER573,SER516,Benching; 2100 dia,item,Services,"Manholes, chambers, etc - Component measure",122.46,Services!I719,122.46,Services!A719,Services,"manholes,_chambers,_etc_-_component_measure"
SER574,SER517,Manhole rings; 900 dia,item,Services,"Manholes, chambers, etc - Component measure",194.72,Services!I720,194.72,Services!A720,Services,"manholes,_chambers,_etc_-_component_measure"
SER575,SER518,Manhole rings; 1050 dia,item,Services,"Manholes, chambers, etc - Component measure",202.55,Services!I721,202.55,Services!A721,Services,"manholes,_chambers,_etc_-_component_measure"
SER576,SER519,Manhole rings; 1200 dia,item,Services,"Manholes, chambers, etc - Component measure",233.22,Services!I722,233.22,Services!A722,Services,"manholes,_chambers,_etc_-_component_measure"
SER577,SER520,Manhole rings; 1500 dia,item,Services,"Manholes, chambers, etc - Component measure",340.57,Services!I723,340.57,Services!A723,Services,"manholes,_chambers,_etc_-_component_measure"
SER578,SER521,Manhole rings; 1800 dia,item,Services,"Manholes, chambers, etc - Component measure",426.78,Services!I724,426.78,Services!A724,Services,"manholes,_chambers,_etc_-_component_measure"
SER579,SER522,Manhole rings; 2100 dia,item,Services,"Manholes, chambers, etc - Component measure",696.59,Services!I725,696.59,Services!A725,Services,"manholes,_chambers,_etc_-_component_measure"
SER580,SER523,Manhole rings; 2400 dia,item,Services,"Manholes, chambers, etc - Component measure",870.34,Services!I726,870.34,Services!A726,Services,"manholes,_chambers,_etc_-_component_measure"
SER581,SER524,Manhole rings; 2700 dia,item,Services,"Manholes, chambers, etc - Component measure",1046.37,Services!I727,1046.37,Services!A727,Services,"manholes,_chambers,_etc_-_component_measure"
SER582,SER525,Manhole rings; 3000 dia,item,Services,"Manholes, chambers, etc - Component measure",1427.29,Services!I728,1427.29,Services!A728,Services,"manholes,_chambers,_etc_-_component_measure"
SER583,SER526,Caisson rings; 3600 dia,item,Services,"Manholes, chambers, etc - Component measure",2776.6,Services!I729,2776.6,Services!A729,Services,"manholes,_chambers,_etc_-_component_measure"
SER584,SER527,Caisson rings; 4000 dia,item,Services,"Manholes, chambers, etc - Component measure",5767.01,Services!I730,5767.01,Services!A730,Services,"manholes,_chambers,_etc_-_component_measure"
SER585,SER528,Cover slabs; 900 dia,item,Services,"Manholes, chambers, etc - Component measure",137.08,Services!I731,137.08,Services!A731,Services,"manholes,_chambers,_etc_-_component_measure"
SER586,SER529,Cover slabs; 1050 dia,item,Services,"Manholes, chambers, etc - Component measure",139.47,Services!I732,139.47,Services!A732,Services,"manholes,_chambers,_etc_-_component_measure"
SER587,SER530,Cover slabs; 1200 dia,item,Services,"Manholes, chambers, etc - Component measure",168.93,Services!I733,168.93,Services!A733,Services,"manholes,_chambers,_etc_-_component_measure"
SER588,SER531,Cover slabs; 1500 dia,item,Services,"Manholes, chambers, etc - Component measure",256.46,Services!I734,256.46,Services!A734,Services,"manholes,_chambers,_etc_-_component_measure"
SER589,SER532,Cover slabs; 1800 dia,item,Services,"Manholes, chambers, etc - Component measure",371.85,Services!I735,371.85,Services!A735,Services,"manholes,_chambers,_etc_-_component_measure"
SER590,SER533,Cover slabs; 2100 dia,item,Services,"Manholes, chambers, etc - Component measure",689.03,Services!I736,689.03,Services!A736,Services,"manholes,_chambers,_etc_-_component_measure"
SER591,SER534,Cover slabs; 2400 dia,item,Services,"Manholes, chambers, etc - Component measure",956.21,Services!I737,956.21,Services!A737,Services,"manholes,_chambers,_etc_-_component_measure"
SER592,SER535,Cover slabs; 2700 dia,item,Services,"Manholes, chambers, etc - Component measure",1510.27,Services!I738,1510.27,Services!A738,Services,"manholes,_chambers,_etc_-_component_measure"
SER593,SER536,Cover slabs; 3000 dia,item,Services,"Manholes, chambers, etc - Component measure",1809.56,Services!I739,1809.56,Services!A739,Services,"manholes,_chambers,_etc_-_component_measure"
SER594,SER537,Cover slabs; 3600 dia,item,Services,"Manholes, chambers, etc - Component measure",3794.47,Services!I740,3794.47,Services!A740,Services,"manholes,_chambers,_etc_-_component_measure"
SER595,SER538,Cover slabs; 4000 dia,item,Services,"Manholes, chambers, etc - Component measure",4242.86,Services!I741,4242.86,Services!A741,Services,"manholes,_chambers,_etc_-_component_measure"
SER596,SER539,Main channel; 100 dia,item,Services,"Manholes, chambers, etc - Component measure",34.31,Services!I742,34.31,Services!A742,Services,"manholes,_chambers,_etc_-_component_measure"
SER597,SER540,Main channel; 150 dia,item,Services,"Manholes, chambers, etc - Component measure",52.46,Services!I743,52.46,Services!A743,Services,"manholes,_chambers,_etc_-_component_measure"
SER598,SER541,Main channel; 225 dia,item,Services,"Manholes, chambers, etc - Component measure",89.9,Services!I744,89.9,Services!A744,Services,"manholes,_chambers,_etc_-_component_measure"
SER599,SER542,Main channel; 300 dia,item,Services,"Manholes, chambers, etc - Component measure",154.39,Services!I745,154.39,Services!A745,Services,"manholes,_chambers,_etc_-_component_measure"
SER600,SER543,Main channel; 450 dia,item,Services,"Manholes, chambers, etc - Component measure",257.95,Services!I746,257.95,Services!A746,Services,"manholes,_chambers,_etc_-_component_measure"
SER601,SER544,Branch bends; 100 dia,item,Services,"Manholes, chambers, etc - Component measure",38.74,Services!I747,38.74,Services!A747,Services,"manholes,_chambers,_etc_-_component_measure"
SER602,SER545,Branch bends; 150 dia,item,Services,"Manholes, chambers, etc - Component measure",59.49,Services!I748,59.49,Services!A748,Services,"manholes,_chambers,_etc_-_component_measure"
SER603,SER546,Branch bends; 225 dia,item,Services,"Manholes, chambers, etc - Component measure",111.61,Services!I749,111.61,Services!A749,Services,"manholes,_chambers,_etc_-_component_measure"
SER604,SER547,Brickwork; engineering bricks; 1B thk in c.m.,kw,Services,"Manholes, chambers, etc - Component measure",128.27,Services!I750,128.27,Services!A750,Services,"manholes,_chambers,_etc_-_component_measure"
SER605,SER548,Watertight conc in in-situ walls; C40 Pudlo,item,Services,"Manholes, chambers, etc - Component measure",262.58,Services!I751,262.58,Services!A751,Services,"manholes,_chambers,_etc_-_component_measure"
SER606,SER549,Formwork to MH walls,item,Services,"Manholes, chambers, etc - Component measure",54.82,Services!I752,54.82,Services!A752,Services,"manholes,_chambers,_etc_-_component_measure"
SER607,SER550,Reinforcement; in walls; allow 200kg/m3,item,Services,"Manholes, chambers, etc - Component measure",1769.62,Services!I753,1769.62,Services!A753,Services,"manholes,_chambers,_etc_-_component_measure"
SER608,SER551,Watertight concrete in cover slab; C40 Pudlo,item,Services,"Manholes, chambers, etc - Component measure",241.68,Services!I754,241.68,Services!A754,Services,"manholes,_chambers,_etc_-_component_measure"
SER609,SER552,Formwork to soffit of cover slab,item,Services,"Manholes, chambers, etc - Component measure",74.21,Services!I755,74.21,Services!A755,Services,"manholes,_chambers,_etc_-_component_measure"
SER610,SER553,Form opening in slab; slab 250-500; opening 2-3m gth,item,Services,"Manholes, chambers, etc - Component measure",52.24,Services!I756,52.24,Services!A756,Services,"manholes,_chambers,_etc_-_component_measure"
SER611,SER554,Form rebate to suit C&F; 2-3m girth,item,Services,"Manholes, chambers, etc - Component measure",8.0,Services!I757,8.0,Services!A757,Services,"manholes,_chambers,_etc_-_component_measure"
SER612,SER555,Build in ends of pipe; 100 dia,m,Services,"Manholes, chambers, etc - Component measure",28.84,Services!I758,28.84,Services!A758,Services,"pipe,manholes,_chambers,_etc_-_component_measure"
SER613,SER556,Build in ends of pipe; 150 dia,m,Services,"Manholes, chambers, etc - Component measure",43.27,Services!I759,43.27,Services!A759,Services,"pipe,manholes,_chambers,_etc_-_component_measure"
SER614,SER557,Build in ends of pipe; 225 dia,m,Services,"Manholes, chambers, etc - Component measure",57.69,Services!I760,57.69,Services!A760,Services,"pipe,manholes,_chambers,_etc_-_component_measure"
SER615,SER558,Build in ends of pipe; 300 dia,m,Services,"Manholes, chambers, etc - Component measure",86.53,Services!I761,86.53,Services!A761,Services,"pipe,manholes,_chambers,_etc_-_component_measure"
SER616,SER559,Build in ends of pipe; 450 dia,m,Services,"Manholes, chambers, etc - Component measure",115.38,Services!I762,115.38,Services!A762,Services,"pipe,manholes,_chambers,_etc_-_component_measure"
SER617,SER560,Step irons; built into brickwork,kw,Services,"Manholes, chambers, etc - Component measure",15.0,Services!I763,15.0,Services!A763,Services,"manholes,_chambers,_etc_-_component_measure"
SER618,SER561,Step irons; built into pre-cast manhole sections,item,Services,"Manholes, chambers, etc - Component measure",7.08,Services!I764,7.08,Services!A764,Services,"manholes,_chambers,_etc_-_component_measure"
SER619,SER562,EO for steel ladder in lieu of step irons,item,Services,"Manholes, chambers, etc - Component measure",115.6,Services!I765,115.6,Services!A765,Services,"steel,manholes,_chambers,_etc_-_component_measure"
SER620,SER563,Concrete surround; 150-450mm thk,item,Services,"Manholes, chambers, etc - Component measure",38.11,Services!I766,38.11,Services!A766,Services,"manholes,_chambers,_etc_-_component_measure"
SER621,SER564,Formwork; to concrete surround; curved,item,Services,"Manholes, chambers, etc - Component measure",10.86,Services!I767,10.86,Services!A767,Services,"manholes,_chambers,_etc_-_component_measure"
SER622,SER565,Fill with SEM,item,Services,"Manholes, chambers, etc - Component measure",9.03,Services!I768,9.03,Services!A768,Services,"manholes,_chambers,_etc_-_component_measure"
SER623,SER566,Imported granular fill; type 1,item,Services,"Manholes, chambers, etc - Component measure",10.0,Services!I769,10.0,Services!A769,Services,"manholes,_chambers,_etc_-_component_measure"
SER624,SER567,L&C surface of fill,item,Services,"Manholes, chambers, etc - Component measure",1.51,Services!I770,1.51,Services!A770,Services,"manholes,_chambers,_etc_-_component_measure"
SER625,SER568,Brickwork kerb; 225mm high; eng bricks; 1B thk in c.m.,kw,Services,"Manholes, chambers, etc - Component measure",33.06,Services!I771,33.06,Services!A771,Services,"manholes,_chambers,_etc_-_component_measure"
SER626,SER569,A15 cover & frame; 600 x 600/450; inc 3 courses of brickwork,kw,Services,"Manholes, chambers, etc - Component measure",187.61,Services!I772,187.61,Services!A772,Services,"manholes,_chambers,_etc_-_component_measure"
SER627,SER570,B125 cover & frame; 600 x 600/450; inc 3 courses of brickwork,kw,Services,"Manholes, chambers, etc - Component measure",195.87,Services!I773,195.87,Services!A773,Services,"manholes,_chambers,_etc_-_component_measure"
SER628,SER571,D400 cover & frame; 600 x 600/450; inc 3 courses of brickwork,kw,Services,"Manholes, chambers, etc - Component measure",231.27,Services!I774,231.27,Services!A774,Services,"manholes,_chambers,_etc_-_component_measure"
SER629,SER572,"Supply and install Harton Pod 7500 (Groundworks and concrete surround meas sep); including exc, C/A, EWS, W/S, conc, fwk, rebar, chambers, C&Fs, sump pump discharge, vent pipe, etc; Commission on completion",m,Services,Harton Pod,88527.71,Services!I777,88527.71,Services!A777,Services,"pipe,pump,harton_pod"
SER630,SER573,Supply and install Harton Pod 7500 (Groundworks and concrete surround meas sep); grdwks meas sep; Commission on completion,item,Services,Harton Pod,55000.98,Services!I778,55000.98,Services!A778,Services,harton_pod
SER631,SER574,M& E connections and supplies to Harton Pod (meas sep),item,Services,Harton Pod,0.0,,0.0,Services!A779,Services,harton_pod
SER632,SER575,Servicing and maintenance of  Harton Pod,item,Services,Harton Pod,0.0,,0.0,Services!A780,Services,harton_pod
SER633,SER576,Attendance on installation team; maintain open trenches,m³,Services,Attendance on District Heating,7.12,Services!I783,7.12,Services!A783,Services,attendance_on_district_heating
SER634,SER577,Full road closure,item,Services,"Road closure for service runs or connection in road, including liason with Council, TFL & other Stats, licenses, permissions, fees, etc",4248.0,Services!I786,4248.0,Services!A786,Services,"road_closure_for_service_runs_or_connection_in_road,_including_liason_with_council,_tfl_&_other_stats,_licenses,_permissions,_fees,_etc"
SER635,SER578,Partial road closure,item,Services,"Road closure for service runs or connection in road, including liason with Council, TFL & other Stats, licenses, permissions, fees, etc",2360.0,Services!I787,2360.0,Services!A787,Services,"road_closure_for_service_runs_or_connection_in_road,_including_liason_with_council,_tfl_&_other_stats,_licenses,_permissions,_fees,_etc"
SER636,SER579,"Traffic diversion submission & licence, inc liase with Stats, design, proposal & approval/permission, RAMS, fees, etc",item,Services,Traffic management for service runs or connection in Road,1770.0,Services!I789,1770.0,Services!A789,Services,traffic_management_for_service_runs_or_connection_in_road
SER637,SER580,"Pedestrian diversion submission & license, inc liase with Stats, design, proposal & approval/permissions, RAMS, fees, etc",item,Services,Traffic management for service runs or connection in Road,1416.0,Services!I790,1416.0,Services!A790,Services,traffic_management_for_service_runs_or_connection_in_road
SER638,SER581,"Install traffic management measures, inc lights, signs, lights, notices, etc",nr,Services,Traffic management for service runs or connection in Road,2183.0,Services!I791,2183.0,Services!A791,Services,"light,traffic_management_for_service_runs_or_connection_in_road"
SER639,SER582,"Heras fencing, inc erect, adapt and dismantle on completion",item,Services,"Temporary fencing, Heras, barriers, sleepers, road plates, etc",36.09,Services!I793,36.09,Services!A793,Services,"temporary_fencing,_heras,_barriers,_sleepers,_road_plates,_etc"
SER640,SER583,Pedestrian barriers,item,Services,"Temporary fencing, Heras, barriers, sleepers, road plates, etc",42.81,Services!I794,42.81,Services!A794,Services,"temporary_fencing,_heras,_barriers,_sleepers,_road_plates,_etc"
SER641,SER584,Jersey blocks,item,Services,"Temporary fencing, Heras, barriers, sleepers, road plates, etc",59.66,Services!I795,59.66,Services!A795,Services,"temporary_fencing,_heras,_barriers,_sleepers,_road_plates,_etc"
SER642,SER585,Road plates,item,Services,"Temporary fencing, Heras, barriers, sleepers, road plates, etc",58.34,Services!I796,58.34,Services!A796,Services,"temporary_fencing,_heras,_barriers,_sleepers,_road_plates,_etc"
SER643,SER586,Survey existing services,item,Services,Testing,1180.0,Services!I799,1180.0,Services!A799,Services,testing
SER644,SER587,Chlorination cleaning of water system,item,Services,Testing,2950.0,Services!I800,2950.0,Services!A800,Services,testing
SER645,SER588,Hydraulic testing of water main,sum,Services,Testing,1180.0,Services!I801,1180.0,Services!A801,Services,testing
SER646,SER589,CCTV survey,item,Services,Testing,2124.0,Services!I802,2124.0,Services!A802,Services,testing
SER647,SER590,Dispose of ground water,item,Services,Testing,2173.21,Services!I803,2173.21,Services!A803,Services,testing
SER648,SER592,Test drains,item,Services,Testing,1.53,Services!I805,1.53,Services!A805,Services,testing
SER649,SER593,Re-test drains on completion,item,Services,Testing,1.53,Services!I806,1.53,Services!A806,Services,testing
SER650,SER594,CCTV survey,item,Services,Testing,3.55,Services!I807,3.55,Services!A807,Services,testing
